Model,MAE,RMSE,R2 Score
Random Forest,3.820730237504428,8.020808039677705,0.9979509190923905
XGBoost Regressor,5.386666517450386,8.38582853955558,0.9977601712319386
Decision Tree,8.353420772775612,13.781671783051848,0.9939503999004605
KNN Regressor,29.50035448422545,42.02369568225471,0.9437514479561401
Linear Regression,34.595935043792416,52.69935005542543,0.9115427609899711
Ridge Regression,34.59286628582472,52.714817440382525,0.9114908285486082
Lasso Regression,34.548393454199704,52.71725967831988,0.9114826272316314
Support Vector Regression,30.773088616727673,61.690585575826724,0.8787838051088098
