PC1,PC2,Cluster
-0.9249190190671424,1.3872522059355454,0
-0.08719694131883943,-3.762391333947724,1
-2.2471665266535097,2.3557590222646527,0
0.1783427466634179,-2.8670943478216975,1
-1.592230441270683,-1.3856885034578272,0
0.9446800389626849,-3.562908189113224,1
-1.153825046604814,-3.5853212873976545,1
-0.30916779501269853,-0.8294234849495635,0
-2.4204817372768397,0.3727571945905268,0
-0.8916458564139842,1.4632959972025428,0
4.058180582231784,-1.3780968672675387,1
-1.9856506203815192,-0.9557449389639484,0
-0.7004643148727907,-1.6600714735168876,1
1.64380736317853,1.1776903938056624,2
-4.28609855369491,2.1689123741593805,0
0.07852034332070332,-0.6397932658112203,1
-2.557680501642905,0.8478601926697426,0
-2.6196380634265086,-1.672169257620064,0
4.075423503624378,1.0531117701572668,2
-1.6802913184410018,-0.4226193728845973,0
-2.0803750363598907,3.3339413582141453,0
-2.551394332796865,1.4864540273021596,0
-2.24084686142479,-1.9231807777414036,0
-1.4815891714252567,0.5657676494003981,0
-3.1733164557338913,1.7353614854040316,0
-0.37548204384693906,0.8811584817884358,0
0.8040191637184795,1.320420592738959,2
1.8321503243475732,-3.7102249254734936,1
0.25107368749932313,-3.466100100397532,1
3.2407146810510947,-1.5852210040782149,1
3.7257484622838493,3.0184358948269625,2
-0.6386112597077822,0.33474556629323104,0
2.896719572576659,1.3131836750572636,2
-1.7903126823527782,3.08957659742297,0
0.8004700018596927,3.526263508011717,2
-1.7770107408667934,2.6698932448962513,0
2.9498641234628367,0.3626317246906663,2
-0.8064223088445607,-0.4761159631798623,0
0.800140938001532,2.209929130585532,2
0.7705374755341395,-2.7331216547456862,1
1.6941718167232782,4.133439253772051,2
1.1792625331923576,4.534772351349393,2
-1.78163388474901,-1.3058348590075533,0
-1.0864698657630645,0.053840833303055786,0
-0.8778813776473783,-0.8333226821739245,0
-1.224864981095104,-0.11102673086203853,0
1.4261353423038554,4.379805970024084,2
0.3045546275384642,0.18354882919442084,2
0.22623992540587048,-1.0512138097800188,1
0.7762213084432397,0.6607550160968735,2
-0.8400471127686965,-0.4718810612315654,0
-1.0094089371640624,-0.430485756865698,0
-2.2849114572479974,-2.4767120689294684,0
0.9465482200231194,0.9780174497489466,2
-2.2885430954658474,-0.3910583170703258,0
-4.147627630622096,2.2527642724636694,0
-1.3663117337713426,-0.6297470402209414,0
2.426620430392156,3.260821775353721,2
-2.1819977177187666,-0.4713824212939193,0
0.47202595773211353,3.271427074084734,2
-2.0093149322875883,1.759865549081347,0
-2.0952955336106225,1.3231107391241879,0
2.095313480182109,-1.815201341814481,1
-0.4357824765236168,0.2477113441725795,0
1.3649300587944735,0.7369564737114983,2
1.8743474681318721,0.3047300527366229,2
-0.9523207694453583,-3.144104145665491,1
-0.3370685375917764,0.1253162730014479,0
-2.5363651377077505,-1.3370245616926857,0
-3.5206074624474666,1.43882575774302,0
0.2678670282211336,-3.961057324422413,1
1.3036440942348706,0.3859286726487327,2
-1.5553419364510235,-0.9630258212926189,0
-0.46237396544982046,-0.4860773500975161,0
2.331463166918975,-2.4374039822486653,1
2.6694495996043544,0.9171873558040347,2
3.9540858673994155,1.3387378655069428,2
-0.9605313143914915,-1.6034916964585044,0
0.9723992459092793,-0.489561403138616,1
0.8425405957618887,3.9269777580111227,2
-1.5251758956739978,-2.7687811688972688,1
1.414734647264146,0.13528677151919366,2
-4.701444650882699,1.4413213633132396,0
0.9647078118584732,0.5836033831627009,2
1.117747352429195,-0.042259590934629,2
2.0581217997458205,1.7828389617216531,2
0.11345785725416792,0.21797140003587798,0
2.948666463951481,-2.3415223454835887,1
-2.9570806705170076,-1.2821336147561466,0
-0.11259783756041016,-0.3198283321225039,0
-0.690697918663676,1.2114133044839923,0
-1.6306666596815969,1.1759263202272736,0
-0.3257181969132792,-1.466863683201708,1
3.247480971880573,0.27149632456132944,2
-2.274989273459985,0.9792005943246983,0
-1.735911424798703,-2.2725112585638154,0
2.495486101230357,3.1833217713810256,2
-0.9164035788535341,1.5017695527133177,0
-1.2518582619604874,2.4737054913365055,0
-3.301864892931408,2.1753679214017416,0
-0.8231487079159838,-2.9832554791135144,1
-0.907572005021352,-0.10057759055276456,0
-0.7631538844077094,-2.947255741539826,1
1.62566075810394,-2.9702294682274606,1
2.6041773532637946,0.39346742252723177,2
2.7652033171847097,0.7110603571467797,2
-2.007284295937156,-1.2720562224057201,0
0.8059552162062349,-3.6104631402084957,1
-0.04009211702829726,-1.026483557314126,1
-1.2772143210905733,-4.52765522038277,1
2.2816294168403655,2.0079722836629488,2
1.2668771078371865,-2.7399207990165766,1
3.421539092703742,0.6372956714731146,2
-1.4255217972681957,-0.5059488907012267,0
-3.1534362566969594,0.9783911280854417,0
-1.7751913168652191,0.8900290112652369,0
-3.092631769215443,-1.5265176615949405,0
0.6424889926569496,1.0841531086256395,2
0.48284121963903104,4.514523289035875,2
-2.321288541325206,-0.3984028200147719,0
-3.1387373739210624,1.3713054178234874,0
-2.565294504672419,-1.3507940327694452,0
-0.7641061669137469,1.3363083223763232,0
-1.90838939925611,1.8324302027668804,0
-1.326788438382011,3.2259454684190487,0
1.6562721432614138,0.7624861504199056,2
0.7591954531014022,-2.362409807393698,1
1.126154427090556,-0.24154967284738027,2
1.5818570791553346,0.8997190133594004,2
0.012707957786150614,1.0416803382205113,2
-2.923332603122801,1.2515512398217308,0
-1.7241277534607158,-2.3129549449067155,0
-2.58458150976676,0.8926231993040362,0
0.9314157305076184,1.0749779847648353,2
-1.0977142861126583,-0.01079271137103214,0
-3.048994268666538,0.4308551625943087,0
-0.24936822907008804,2.5306314222944346,2
0.25335176301393253,-1.1398934838393204,1
-1.188853933977325,-3.3413046066099277,1
-0.10760978548968296,2.4290152121457544,2
1.6438838722273006,0.5304654689417003,2
-4.078912169200638,1.7776158668097277,0
3.6060683896806567,0.7049828964581912,2
-2.066215837199007,-0.7915630256666457,0
2.6815559583869795,-2.027260067910505,1
3.3485991930570487,0.7096913972309975,2
1.5207387779213042,1.4613170644133733,2
-0.8369139111189325,1.413878757770214,0
1.2250475230715874,4.573278870577819,2
-3.049622133551409,-1.6134992290568595,0
-1.3707612206629738,-1.6293351073766227,0
-0.004884353976258958,1.3011494497445804,2
4.254112297850835,0.718481641144818,2
-0.725535183382765,1.4078328453885811,0
1.4782574862343072,3.831012704531721,2
-2.436884523997234,-0.5587256682563847,0
2.1895096261906986,0.1389468896392904,2
2.6163674493802307,-0.042743262100429086,2
-0.8989735237797527,0.5251228930615519,0
4.191533612312092,-1.6606071314974957,1
0.26336184684863795,-2.8695329435657704,1
3.2153699768368433,1.3806156853864275,2
1.2696405257700583,4.687143618467936,2
-0.7862078927871312,-1.74393014463428,1
-0.6071095901451462,1.4986694098067521,0
-0.12528748356867997,0.33703545779678157,0
0.38328578392711404,-3.344584493316771,1
-0.7373740409624476,-0.39416177509438394,0
-0.24400876633253554,-4.203207376317674,1
-0.950097654820301,-1.2235478243372293,0
-1.201996002399992,-1.9406171922701698,0
4.721145019363844,-1.1706238052194937,1
-1.0647374449581246,-3.3834388350134628,1
1.7487492609644832,-0.3876856621301752,1
-1.6105644956326188,-1.741975510293265,0
2.459558098085087,0.5985699901620392,2
3.697445625710813,-0.06565741042777029,2
0.1328064683137074,0.3823721871074433,0
-1.8834174100185803,-2.1362768517780717,0
-0.6818562039813562,0.14626343417123053,0
-3.656058399885343,2.2282820756629693,0
-1.0117521368880655,1.3714085256780353,0
-2.0174578340546487,0.44292372295933435,0
-3.5373005451443644,2.476824176987284,0
3.059606335864752,-1.1107992818314338,1
4.818033131394759,-1.5384785076570444,1
0.3851824714124264,-0.1365302614638277,0
-2.2658620051663543,-0.872519262551978,0
-0.985922653786917,-1.496969818722283,0
3.159171464406323,0.6776121597673785,2
1.6385740573973218,4.520561795167613,2
-1.554454258839096,-1.14060945786986,0
2.510654399755615,3.1870779986026023,2
1.2236004977184942,3.5060749752563263,2
-0.6289299690327117,-0.32148653877827826,0
2.7046376575044073,1.8038009235388845,2
0.44500481884489373,-0.7201482330475975,1
-3.9177519055933914,2.2603937423870497,0
-2.227149662813038,-0.7791442444941786,0
-2.807679448100689,2.3036506097356027,0
3.2058290835303147,0.0022404653361401865,2
1.6152760673616295,0.06126895743429163,2
-2.876604438882135,2.505389537738809,0
-0.25189299261548725,-0.8398581352311186,0
-0.11695132132078909,1.8317813893890447,2
-0.3707593798209181,-0.6170658608677382,0
0.748180238755205,0.6477884481795739,2
0.8375301441151731,-2.692220837300552,1
-2.0511270251635105,-0.41424173483388516,0
-1.8725767522598242,-0.4585774617355579,0
-0.23298480640058772,-2.5183147698443302,1
3.6990339438051962,-1.619124187188821,1
-0.10640933200018804,0.6262508677392831,0
0.18634079374127624,0.7003119162751316,2
2.9326972843803905,-1.7509859544393227,1
1.234358950777594,-3.528513016061905,1
2.738346702773763,2.7726300494838263,2
-3.5895777631933683,1.1213946160073067,0
1.4968016069196073,2.9587546615838423,2
-1.6533790052316606,-0.9534629322456484,0
0.40221171199246214,-0.15812953771639415,2
0.20021573416058583,-0.6438277954129341,1
1.6726911126191368,-1.8552173086871455,1
3.926519592817885,-2.496665136565198,1
-0.20586275048511918,-4.045322351131123,1
2.050660470812051,-0.352768904450071,2
2.8434247725103954,-0.01958976531826345,2
-2.2974007581705367,-0.927793100160926,0
1.619049427608395,3.0196538738254475,2
-1.6896181303050137,3.4368873327304517,0
3.6269362899556157,-0.8164563191147153,1
1.3182144772653266,-0.34101429488111296,1
-1.1765030315752354,2.3729950699700506,0
0.5477609324237023,-3.138778099899304,1
0.5049317186755227,2.2896066665252954,2
-2.730270322660586,0.955417392003615,0
0.9739277251732946,-0.9526986011941185,1
-1.8176140015254438,-2.0736129306347246,0
-1.4936410917057472,-0.3497696047541398,0
-0.5651891047052451,-3.2923377370339253,1
1.1400420105766642,3.632521860867592,2
0.4110735710699695,0.5025087356143864,2
1.66574880277577,1.3052609486342095,2
3.462301154275351,1.5327059891709671,2
-0.9466552833294405,3.3194895696382107,2
-2.962151186562769,0.4551158481197598,0
2.241611409148291,-2.4842012501341997,1
2.9266044004512475,1.482758758525491,2
-2.2128541561835737,0.7287453177645956,0
1.8391817560336308,-3.1921630731138166,1
2.030970007157136,-2.181690714841711,1
0.20301638839681116,0.23213284626752131,0
3.8302124723198947,-0.527827645549199,2
-0.520809915127308,0.9723057598653001,0
-2.4082178741381455,-2.0132908071751765,0
4.241309685231969,-1.8480337152537818,1
1.020922404212306,0.04850452644848174,2
-0.11559294043843604,-2.8418786887656955,1
-1.8394470032956933,-0.7132969072035131,0
3.0934914527314366,0.3345712783047914,2
-2.0016962341119964,-2.0672277713143545,0
1.1269853581525093,-1.0964352595240316,1
-2.336553811714399,-1.4660810318748085,0
3.899469473831599,-2.0723800331048268,1
1.324903102331997,-0.17079476841307337,2
-0.9188272176191116,-1.4144829061221846,0
1.2086389422577797,-0.07965498512041069,2
1.9306380696946617,1.5871034650294504,2
3.585534448111522,1.6262515355668352,2
3.5708790739381104,-1.4422118873103797,1
0.7400378311178052,0.8605426341829215,2
-0.5806901508801201,1.8397323662755056,0
-0.20411077330519786,-0.19556828420735164,0
2.0643179855536613,-0.5298127490725225,1
3.76933752126514,-2.3655599876384446,1
3.4856894422056635,0.7124351301508192,2
-0.8773764931568049,-2.830785970305352,1
0.1998541189752695,2.141974242264105,2
-0.2462647503797287,-0.47436595726224,0
-0.6541164713414642,2.4934645560966886,2
-3.962148596374389,0.9671240680303322,0
1.1823664802494749,2.494299654635931,2
-2.4963359095419735,-0.7353483257437755,0
-1.290042322311722,3.656430362175558,0
-1.1403476500553045,2.628998875623261,0
0.10353135301708853,-1.4229977915880894,1
-0.17360497649088563,3.3487011015296693,2
2.97683467791698,1.1305720573792746,2
-1.4106004280209958,-1.1699816766058027,0
2.8228622249995494,0.5745300992665245,2
-2.0038813300805773,-2.2083457619993636,0
1.4434968673439994,-0.44795460168002427,1
-2.753356797285491,2.6206133392695548,0
0.26282547860992694,-0.8456510300487973,1
1.478865574661614,0.8523871513631772,2
0.4878134163629393,-0.778365118152222,1
0.20214174840402804,-3.2152424086364895,1
2.1683785806072597,0.3579809574383966,2
0.6357301918910583,0.4951596388072886,2
0.036447265201883156,-0.7286119384082355,1
0.9885674952667884,-3.3039050146285405,1
4.078746849853,-0.7618676695663004,1
-0.9537644670674176,0.5044016000115545,0
-0.332726588658657,-2.5197687421173196,1
0.5831593966494998,-0.6802423237201908,1
-0.5808164116181711,0.9933300768234159,0
-1.4706830998412248,-0.34246056424376103,0
0.18999644369826685,2.8961913421100447,2
-2.2745484450113045,-1.8718612264443528,0
3.910262734560835,-0.44242452113667197,2
0.6381693490265302,2.2428789925154997,2
-1.4519060639739112,-2.190016208255048,0
-2.0174307076712057,-2.0496592628897425,0
2.1840268400857608,0.7299904424675631,2
0.8888470516745456,2.4643851189645645,2
1.4624975152867068,2.6404930125980237,2
-2.684599558588761,0.6129665309655348,0
2.874303777552917,0.42070049987710606,2
0.9680214364412739,0.05560366379943034,2
-3.5587430071526405,0.577089516822035,0
1.1879484708135122,-2.6862879499393673,1
1.0058168219070158,0.6826705686732233,2
-1.4554174783972629,-2.9752725002375753,1
2.0452469115127414,3.921495225209055,2
3.0847736255790394,-2.2975791732590953,1
-2.4475002351725794,0.23825989172949463,0
2.176276773842603,3.2336471388520347,2
-1.7317238680745843,3.2542930560914094,0
0.4023888487460489,-1.1556548319800481,1
2.8560065305204847,-1.8699557443489,1
-1.5192256927298373,2.023000764217486,0
0.6266466698042319,-0.07924384176899185,2
-3.5795756462292925,1.2782998600300004,0
1.7514687003255551,-1.4793616551758213,1
-1.5519959683708824,1.8582344426103032,0
0.3450577761048954,-1.3558929238717368,1
1.5327508248674768,-1.6114069037908074,1
0.3348903909821479,0.7560358725773713,2
-0.6755717612239842,-0.1484370093693121,0
0.03380142512650829,1.762078986078543,2
0.7118576762184139,-3.529416721481924,1
-2.4268695599016583,0.5138808687084852,0
-0.8924939217822124,1.7096874154110866,0
-1.5616955600345643,-1.9229970884202647,0
-2.0168453762119274,0.8143238767483725,0
-1.433563742490215,-0.24941361017670166,0
-1.392628344485039,-1.5169574679723559,0
-0.779075777020043,0.43053744418866396,0
-1.7641262397663904,2.2785926192003862,0
-2.013891100919179,-1.1447698465825735,0
-0.25642660346234986,-2.7893262684131406,1
-1.082663578700054,-1.437231572246221,0
-1.3321530376431476,2.7208226692836606,0
0.13699070784575185,4.208117521738123,2
-2.3861325930350836,-0.8826175492114249,0
0.01858394873753788,-0.17792483605018858,0
-1.004344651910895,-0.7230081164847503,0
-4.107744355374389,1.8228975444211706,0
0.0993202172999423,-0.37888623494224466,0
0.45364164035698573,0.14628227303202507,2
-1.442919164938897,-1.3268946413143208,0
0.11026217218707128,-3.6499533018459926,1
-3.019345030243278,0.5503610866915373,0
2.629589344896738,-2.48347908144103,1
-1.8037839169071246,-1.5291707130758168,0
-1.1641943837603386,-0.9627130045953782,0
-0.2763949272236706,2.8895289919886635,2
-1.5754666382704337,-1.2409480839617368,0
-3.0619843370915962,1.2870436086048904,0
-1.5998211252798382,-2.0868767039513942,0
-2.955171298769799,0.4979974829290588,0
-2.854344679753525,1.4815545422269054,0
3.7191006461303435,-2.286563272497894,1
3.639465800406855,-1.9482312377556268,1
-1.9553989885872929,2.5727534938468084,0
1.2677120135293893,-1.9288031119314393,1
0.4688718448195306,-1.2725004827667148,1
0.09181807258624644,0.4062134671643686,0
1.081323192214132,0.6640575917470178,2
-0.4696703117651781,1.8299843133263336,0
-1.347722168653083,-1.6406591350316093,0
-0.7207956647002901,-1.189733491645808,0
4.178572501991951,0.6985562938799413,2
-0.5342627193766042,-2.736421940795525,1
0.7447373451720688,3.6496491079705446,2
1.3934350021649766,-0.5491728905182913,1
0.9159378135765347,-2.836468284491836,1
-2.415778018191833,-1.2141990856780298,0
-2.3506260591097132,0.33032006767157907,0
-0.7879359099041292,0.7122208390600848,0
0.8051926955205932,1.2233959248855026,2
2.535564930975681,0.4777100061264738,2
0.10314507995921304,1.4371102549467398,2
1.8786968348827302,-2.6331391306260974,1
1.8571748915407582,0.2977953674582488,2
2.9487018477741938,3.0365044105369674,2
0.9527675977332905,3.813430579007397,2
-1.9757992351823201,3.275275319123349,0
-2.972796151636389,-0.6564109626905869,0
-3.242926965902153,0.9353115897161104,0
0.5424700585645711,0.5845295556668553,2
2.406240665526281,0.6797147992208286,2
0.7971957413390203,-3.720445191485941,1
-1.0349198186657549,0.0644468082040646,0
1.7161395722861315,0.5615198609335842,2
-1.7977245631925363,-2.0823828133918347,0
2.0921920457472285,3.009286409104192,2
-0.41570560981603794,-3.555737707355619,1
-1.2170211348972002,-1.5994611066048718,0
0.37395530342390254,2.0043306551455946,2
4.065019017809423,-0.753648353080471,1
1.9911742839955269,0.07103403026527455,2
2.4078525160305153,-1.8581736820267347,1
2.596721746006287,3.4086317593958735,2
0.2410202777193774,-0.42211239529203987,1
2.4902969019687617,0.283103763270186,2
-2.21114305885223,0.37940833488417874,0
0.19575706542233676,-3.748993504766032,1
0.4972021314625642,-1.9556045861954068,1
1.1502760646629206,2.817835117333598,2
0.7359398359808594,-1.7764915848638958,1
0.8656574748389987,-2.23286350020137,1
4.938069348863094,-0.8169245951519681,2
-1.5964805617895745,1.5629965049563057,0
1.7762962927118024,3.482793178887925,2
1.2327182746222978,3.904632300628434,2
0.883779377021427,-3.65899959183663,1
-0.49918717162803383,-4.052982290781643,1
-2.1176457869934193,-1.9327069763945577,0
1.878896070359379,-2.6205038914060514,1
2.2647513309665457,1.3390767665467853,2
-1.786436244991986,1.8609791838064695,0
2.921362225364595,-1.2781041007150797,1
-0.3570593348332008,3.503114579656513,2
-1.8664636602587898,0.8268090282182602,0
1.4633628797492368,1.2087056547867692,2
-2.6022096832727812,1.1501952606026367,0
-3.6039455963484843,1.9779141839805596,0
-3.414444782199305,1.2552526245430098,0
-2.4311232266939276,-1.7907179596134346,0
1.259598892193946,1.226129732508092,2
1.405170286091671,-1.9206284660332593,1
-0.45918481225889624,0.4988143204250772,0
2.37358151380849,-1.8762809815926256,1
1.3463437319340275,-0.07723158355125813,2
-1.772216453655232,0.5823398345996246,0
-0.5891318868703426,3.997635061774743,2
-0.19842645615274032,0.5784178811682358,0
2.769606780626148,-2.7369897448697404,1
2.1079137668252312,-2.323703041677952,1
-2.404434499928436,-1.5645916420392805,0
0.08210172936031698,-0.5963113256346227,1
0.6340368769109139,0.5367519740575561,2
1.6170094010077938,0.8420674899409958,2
-2.1428837904316267,-1.894144832052524,0
-1.450410926549182,-0.31158334147188027,0
0.3503302761587087,-0.82432153145449,1
-4.057633365482351,1.4208211818339356,0
-2.8365515643069776,-3.4213295312337815,0
-2.755983889747445,-0.49787694040477154,0
-2.8321117783148066,0.6052657907040828,0
-0.15210039425912883,-1.7251764473442668,1
1.872200981744352,0.8352648969398241,2
-2.2518490605200463,-0.453636529778033,0
-1.536640859233552,2.6659021639436085,0
-0.8063592036656263,-0.3808612188482991,0
0.7586547635083709,0.940446055988805,2
-1.2910670880665371,1.5696556771714396,0
-1.9864770008108392,-2.4474705364852674,0
1.8667100243106252,0.2562031045732048,2
3.0330350251677594,0.6715108719501605,2
0.38834927705370886,-3.063408009057159,1
-2.6564733710304176,-0.8285996702912043,0
-1.4214448588346558,-1.5390734518079314,0
-2.005910958948543,-0.03867712902997965,0
-2.573265788103254,0.02130311784211706,0
-2.7399374784520156,1.4798682580083147,0
-3.2021142099257816,1.242091091878213,0
-0.16105067685489816,-1.5741321728107218,1
0.5352240382421146,0.6966644667344654,2
2.1610444026265134,2.7644013466067965,2
-2.4480269831632557,0.2691704070865182,0
1.4185636506951929,3.4685153585071955,2
1.8948838883662529,-0.11545010066374027,2
-1.9798280174659288,-1.5670364905231098,0
-1.6263783801232292,-1.1778456403204558,0
-2.0259210384117083,0.7725526352408808,0
0.9754417456865375,0.9347524060525008,2
-1.5356725597625775,-1.6892843588111517,0
-1.1953781774329504,0.7011984946901869,0
-1.6727249128205026,1.997866848793275,0
1.2209663418446801,-0.7709827599598088,1
-1.6760673575696918,-0.7265997206710707,0
2.319578919573515,-2.6641850929072164,1
-4.210204950332792,1.3324104012588212,0
-1.128010654345886,1.5467408903487316,0
0.5557979808303758,-3.3120068788685475,1
-0.6973289078035511,-0.725716558991348,0
-1.2548839730496504,2.1759218007405123,0
-0.3731029513549543,0.264639640160839,0
-2.164022540316047,-0.9503795303702918,0
-3.3283720993042545,1.7170325999462972,0
-1.2002270906898702,-0.6240486541374002,0
0.4156474330169482,-3.061494682676128,1
-3.685051336274452,0.8671949998762138,0
-1.2042045360542708,1.4648310984150708,0
-1.5661844911651273,-2.1636937417943627,0
2.5184014925609275,0.14012582184224084,2
2.443444396799845,2.4414898534550438,2
-1.8132557546363124,-1.1628920845306587,0
0.17930679159760401,0.6114252070113139,2
0.7789113658518358,3.001434058013806,2
-0.2729464774895525,-0.17493803029846478,0
0.7473700060232834,0.47354702789344205,2
3.1617836260776193,-2.2998792233112044,1
3.3047256476413094,3.2498862798094685,2
-1.9072248742144602,-0.6177401037842757,0
-0.861341641668735,-0.6255354773731828,0
-3.0488601452882462,1.9451118419866307,0
-0.3921427931359553,0.07168296082843947,0
-0.49926652120512466,1.3480022760684653,0
-0.19647148828836,-3.6779706458220236,1
-2.126548493020289,0.21798677065370023,0
0.33349542121369913,2.3363560957964578,2
-4.143661181183058,0.7210598549782263,0
0.42810793868193037,-2.916797311914427,1
-0.3435336495992288,3.4706259291621047,2
-0.13611637130775928,1.7563336634083153,2
-1.6887969427927458,-0.6657333473194775,0
2.2821042544866272,1.8893036198775912,2
-3.807873757225555,1.0064725893139146,0
1.5385422519870995,-0.5008458711668038,1
2.2788208956195684,2.1995831501060326,2
-0.7973881789965889,-0.4778298856001966,0
0.4116598787719065,-0.7716124997993592,1
0.12835967650893515,-1.3706758683233944,1
4.320741921757304,-2.06082763021404,1
-2.0494481198942105,-1.1247636219138912,0
-0.9588012977089745,1.4076224071573662,0
-1.4842767448582377,-3.1954256504487404,1
3.3991975334810216,0.46231108412815064,2
1.1983891866434848,3.3265256106924324,2
0.5524296750180654,2.6992252231377134,2
-1.3776324211862254,-0.3847289903959746,0
-2.6054116516709445,-1.4542365668485153,0
-0.2616683812266047,-0.3248380464596573,0
1.0072640263861397,2.007650383484083,2
0.607411531129319,0.3946761129882779,2
0.9379347505262047,-2.581313651104561,1
1.510761051994786,-0.528429301624602,1
-1.5437302791988803,-0.7877019913649952,0
2.9007291108190363,1.4502801924645663,2
0.0053388507091921,0.2656069371753189,0
-0.7823427646869265,-4.615490177023536,1
-0.6287827507979233,3.4912011640429177,2
3.1940027892191347,0.5958447407623092,2
-1.6346325171433809,3.254342096895087,0
-0.5374515843663321,0.533801789493638,0
1.382399821140469,-0.34860244204049395,1
4.706971803962284,0.611719309275713,2
1.7410933151597603,2.6058259129147316,2
-1.8601346401976584,-1.2319760748829585,0
-0.25364033696034916,0.1944267588815524,0
2.2185423051219337,-1.1179904536879255,1
1.6050217830568898,-2.1352855985924464,1
-0.15533658983416215,0.009520734582987982,0
-0.43486541633612513,0.2986758146397417,0
-0.9963822718110954,0.11747735075124144,0
-2.4962291989766974,-0.4531500086223461,0
-0.3795749906279922,-4.054347946896891,1
0.43844141172627055,-2.4598177814936064,1
0.125181428132654,0.5964204364720901,2
4.950095358786384,-0.7849437151845141,2
-0.7187317781349751,-4.166145136319621,1
-2.7318103157752933,1.3922313002104243,0
1.229654657740768,2.269370471735295,2
1.575077853261812,-2.9841803438382914,1
-2.7614179743936527,-1.088619157382593,0
4.600458616117185,-2.0481283702980098,1
0.2163792357546268,0.4857409617880187,2
-0.8707939047204126,0.8105663793687081,0
2.571368770969121,0.5607874114014159,2
-2.38665015231499,-1.5253077150493144,0
-0.06676361941924508,-0.8515378719765773,1
-1.2298135977522529,3.5799094330723027,0
-0.72221921980378,1.6201459882754496,0
4.532933266326582,0.6499964759113189,2
-2.516788277760373,1.024640171057349,0
-1.290737502014199,-0.3200529334518406,0
-0.08919277044360052,-0.15413046856489548,0
0.6354555161789828,2.7478747078774104,2
-2.6277288204460167,-1.7754495833436827,0
-1.4323850594905214,-1.762312808553452,0
3.0589238833311567,3.3682406192409236,2
1.0713401646007776,4.673315150198899,2
-2.435037521079196,-0.7540046439936401,0
-0.8391907098213828,-0.4540879213666179,0
-1.7383461298193907,2.6420818998941376,0
3.3432336173910078,1.1965306331889187,2
0.693051676820265,0.5767355474540491,2
2.2150349703848202,0.961103197729232,2
2.461364330868639,1.5780807237030952,2
0.2530952211039401,-0.9947288913651594,1
-0.029935881280800873,-3.082931220104627,1
0.4646986154842946,-0.521221641128302,1
2.658454246031978,1.3651817257925594,2
-0.30751256011283584,-0.15146053854054514,0
0.057369740464652985,3.5054076421352796,2
1.9296111895879502,4.347813645061399,2
0.1019610683349264,-0.5828205744119566,1
-2.6894314196499884,2.931142451540637,0
1.0219336293743007,1.1189213265074964,2
-1.2744203589092533,-3.425644968414739,1
-0.6850758983650409,2.605494729948135,2
-1.2742757416703487,-0.32421589934885064,0
0.8697825570388593,0.30728652694741604,2
3.0255418085299306,3.1169809807013755,2
-3.149361480165663,0.6044515898436713,0
0.38901375689294515,0.170569271251257,2
0.3603817096920137,-2.4578070426057095,1
1.2752424942572949,-0.34076530079935463,1
0.37311691759805093,1.8091030562488015,2
-0.8027483430430858,-1.1302970683463982,0
-2.2935839474398434,-1.9677162870165206,0
-4.762718795155505,1.7752677241684802,0
3.10138773529056,2.0577519062840555,2
0.053480099442129204,0.6081645647281261,0
3.8456878927007625,0.8646550988825273,2
-1.2518906963926193,1.0821833438476525,0
0.8380578721486468,-0.8285683811506412,1
1.1209456202376127,-0.1404292250147871,2
1.988225565385333,0.06046760686339978,2
-0.8252577415626232,-1.9304554543764854,1
-2.6943372268401182,0.5845288884277392,0
-1.0890024240688474,0.010417347208093578,0
-1.0701326806719809,2.668418805841438,0
2.961435696179402,-1.3676396062671168,1
-1.0664017564597181,-4.003764206027761,1
-2.382944092227213,1.6981223087390558,0
2.151780103090214,-2.1606866029821976,1
1.1686481024198527,-2.8929863357679286,1
-1.3217066495747352,1.7672126856322876,0
1.3972488552105635,3.862070674530286,2
0.433611269052756,2.355210741966164,2
-0.4334565270878553,-3.139072725105486,1
-2.1260278571974447,0.27724566894607544,0
-2.607743377339326,-0.6564324081886437,0
-1.0326271633327195,-1.1477692665996406,0
2.1305449070147193,2.7859411357875326,2
-1.710080905973061,2.3814740485993897,0
-0.9507052025688268,-1.1570439076948529,0
-0.5739316292881229,0.08733816074813841,0
-3.398436211665288,0.28773689778535605,0
-1.7744973588541222,-0.20601993451640707,0
1.5670847406795734,0.3879976614548729,2
2.8731824608732186,2.156050850132271,2
-1.7802987625451474,-0.8198478633467764,0
-0.1654640322159437,1.1566924190970596,2
0.24189155848917107,-0.6102726060824647,1
2.028089683374106,0.20298314831594857,2
0.0465921167659326,3.019368036456533,2
3.6614212770234515,1.2926365747300002,2
-2.129184362173216,-0.8024046235893926,0
-0.8361622925246052,1.9414216962183255,0
1.5690611090178528,1.2258129350281695,2
1.6750734969154601,-0.6044286575324272,1
-1.2183544723349042,-4.278310864413741,1
-0.22587076354502317,1.6245125747654028,2
-2.243633198726928,0.011054591003693518,0
1.2621606135122605,2.7352994579878174,2
3.298898337092608,-2.284759779787171,1
-0.29368804725880004,-3.3243177551621232,1
-0.40103481060306717,0.17413312172050216,0
-0.21528179386514817,-1.2701874283782029,1
-2.086278750201309,-0.36801304444402744,0
1.2757825720237992,2.212867878917892,2
-1.5677088943656707,-2.820599558636196,1
-1.5570413934700529,2.350481705079101,0
-1.6161534356172227,1.4603339677544043,0
2.8155547927738245,-2.5680925622073225,1
-0.7025665407213103,-2.877082117274937,1
0.4168936130067064,0.2664282545698261,2
-1.9293514276407477,-1.1650934081296251,0
0.4213240930988318,3.2917466818193444,2
-0.5022167021030008,-3.18350640340283,1
2.4857941922248563,-1.6135520957572211,1
-1.4942698915726838,-0.5110632606991843,0
-2.376968844788617,-0.2869475016805101,0
-3.7846866752918897,1.6891202446521416,0
-1.0802135068808223,-0.20871038176227075,0
1.7669010328982135,1.578120468014259,2
0.11332516559983384,0.2445727041289909,0
3.105233867508144,1.8405898904298357,2
-1.5577519426729818,-1.8910401352060038,0
-3.0187293384928062,1.2045400672921167,0
2.845824948463176,2.1001387817618724,2
0.07013922229648865,3.723649807262377,2
1.5904249987221064,-0.6491361177256679,1
3.604573744469012,0.9410938963510783,2
1.9613652811074773,3.434603471084198,2
-1.8792682068582238,-0.30574403750278517,0
-1.6518971362886263,-0.8080870739532477,0
-3.061001082772312,2.475359885856446,0
-0.011257771187073046,3.720114172158688,2
-0.27300816365520636,0.16114885930026043,0
-0.7399431384068572,0.03279443029167202,0
3.783340618689723,-1.3717408620904148,1
1.7936363003720805,0.07172180894671695,2
0.04294927175126124,-2.7782223609473733,1
-0.05317229656947185,0.37312318917452325,0
-1.1441118614211634,-1.252478205297263,0
-2.794781942270052,1.9941537746510611,0
-1.62618104285982,-0.489479644245225,0
-3.1157626710324546,2.0427502041323082,0
2.6037805117661357,-0.15899617641252026,2
2.6313583128631857,2.9969274142008926,2
3.3056800064228784,0.739299736102477,2
-1.3889205389202617,-0.41721829540222355,0
0.4176481228563925,2.2197806004445564,2
2.7396315189274776,-1.6061829602476536,1
1.8714446397857887,-0.03617204290734651,2
1.9401068307052174,0.9912149194035667,2
1.4034253963478533,3.817377544744325,2
-0.1620396521271979,-3.7652816813497347,1
4.155634271270053,-2.1250657962651096,1
1.1994204400133774,-0.43735588442308476,1
-2.3885726873994373,-1.1103901372918663,0
-2.23679292449342,2.7296020826095075,0
-0.3253114934798567,-3.8725137669482015,1
1.9988224914398174,2.88276166114811,2
3.48491572317375,1.5602520387967234,2
-1.939833662339934,2.963439535310405,0
-0.8027473268958109,1.9034566012404328,0
-1.8637806853057395,-3.1893680549681283,1
2.5713763796088305,-1.3417099234942502,1
0.6282205774605772,-2.7478410846759562,1
-1.653426644311617,1.036833149874296,0
2.526834982013945,0.8483536091358315,2
1.001238031164438,-2.7316790648539575,1
-0.6872485445094602,1.0705131179425011,0
-1.6829294456036579,-0.3564610494796382,0
-1.2326587753654725,-1.59298742313125,0
0.5077474939878793,0.7007873761559039,2
-0.5826936626399476,-2.9150104084697013,1
-1.7788639352541045,-1.038860312607387,0
0.12589944782146376,1.7351242224790708,2
-1.6331581485216071,0.06490927839401073,0
-0.7462657964292942,0.9202752005796908,0
-0.8487593743239983,2.0803000681451365,0
0.01907229729950521,-0.15005166304822445,0
-3.8279576588479363,1.173036009011291,0
-0.9660077862713315,-2.896166247912042,1
1.3388181481415904,1.2306924766173977,2
-1.6529524817687964,1.0847098986691976,0
-1.8855349554360972,0.761330464370231,0
-0.0007251911900656888,-0.641122799001191,0
-2.2220122282478103,1.094334611918206,0
-2.2133397279411193,-1.6360585027314671,0
-0.15174814605730838,1.99272148639249,2
-0.6849846356271625,0.40790909668712805,0
0.35694319767543536,-0.6564731746596595,1
0.013635217155469066,-3.682966711164697,1
-0.1891487387880122,-3.2636620614350846,1
-1.1875216036416267,2.1925443972048773,0
-0.2884999095748011,0.22360125496225422,0
3.6139108345297117,-1.331519160717266,1
-0.7828479779817265,-1.4094237247865176,0
4.826658413591222,0.8801444100551787,2
5.253477780439038,-1.0503296548644152,1
-2.3340553810031848,0.07493321013519111,0
-0.6912647935218329,3.549847956513057,2
3.8796648451095392,-0.35022003008024744,2
-0.10565838352114046,-2.3545160144584254,1
-1.9766366523561998,-2.0382757044787536,0
-2.600434845621251,-1.0263328767115365,0
0.013024836784760921,0.3985844930604548,0
-2.5167858055309527,-1.2947345839101267,0
2.758408999512648,1.0385707918027711,2
-0.8320256696112643,-0.9556233909193868,0
2.235099240202118,3.5139697341902627,2
-1.4832631787371107,-0.5630970462023731,0
1.8920809817734852,1.7578921354235388,2
-1.5177482844599133,2.3249663528330187,0
0.11913822780864126,0.6946764875187323,2
4.412615926245638,-1.0418571071804927,1
0.06338047361305388,0.8419825988382652,2
-1.7020922818083666,-2.095706724823229,0
4.066942059966953,-0.3519917938441693,2
-0.4013574323614464,0.02458497024293818,0
-0.6353813542729296,-4.012716336851716,1
-0.5607594513780761,-0.42850069552172126,0
-0.9182332561809108,-1.2755342344497465,0
-0.17243696757878116,0.14978188445143953,0
-1.771738563061219,1.8362147667072355,0
0.769169338118946,1.304081683640665,2
-0.37423705037742666,-3.480631738166809,1
-2.121973483113684,-0.35741085713237564,0
2.380844934597763,0.8902531402694169,2
2.0189716166997207,-1.337017617675641,1
-3.084543606759406,0.7439128710936506,0
-1.7051070213440558,0.30997945364659085,0
3.1616628437433274,1.7734075334501147,2
2.3420839854492828,1.4319548122741024,2
0.35260193880551993,2.9358571999851795,2
-1.9182234074049753,0.3046907878111673,0
0.35724753135159315,-3.621352895306444,1
-1.9550381109379749,-2.218630404729895,0
1.2638598421967968,1.6820801504510052,2
1.1940864515041258,0.2682844167684608,2
0.11232706117833809,0.5147842633812234,2
-1.858450394450386,-1.6861376062891928,0
0.8606257720375025,2.3490972045615517,2
2.0437961899609896,-0.1911211617008733,2
-0.10576762785951127,-3.182615828568559,1
-0.03900694185129915,1.7619296356689451,2
-2.484545194735831,-0.22604751582513857,0
1.3913313814106878,0.44373132154868583,2
1.9497944511868341,-2.374843287307543,1
-2.9082084643523305,-0.2836077021889393,0
3.1403810815316957,-1.4239952851687983,1
1.123433370944741,-2.994734630727372,1
2.001100060786288,-2.2466249273484578,1
-1.045401132514658,-2.918878391630055,1
-0.8543012415438979,0.0009626537866358569,0
3.255425166514469,1.679774640066261,2
0.3357536446108114,-1.1476264231929743,1
-1.1009052526882632,-0.7569262098951277,0
4.301543061975762,-2.009954898430633,1
-2.0737416371672777,-1.1631911584059393,0
1.9636330970429638,-3.1731296663001065,1
-1.4736475853173225,-3.1726908333265844,1
2.046452529512042,2.7457469141639166,2
0.3077486820890466,0.026023266624900298,0
1.6513426352225897,-0.5420944507339008,1
-0.38039418831944793,-0.31298075010586685,0
-0.852215191876218,-4.15471953949289,1
-0.634862878433743,1.6166618824039647,0
-1.219984701383166,2.1315857185285183,0
3.2772130512537854,0.5251631835880882,2
2.344394392287823,-1.600994114546855,1
2.268531138607818,1.0395083661847981,2
-2.897416383593511,1.047419348938318,0
-1.7651643063259097,-1.173834268405649,0
-0.6940988947369154,0.6501192009390675,0
-0.3115972115476555,0.13620087014641866,0
2.346542428060465,-1.4007496076788652,1
-0.2977324454846233,3.6007791771692883,2
2.7123762383567347,1.5408667577396518,2
-1.8885453831574257,-0.8219899723746049,0
1.351176331414723,1.667660886272368,2
-2.1588457696796968,1.423230645372217,0
2.0507527078207057,-2.412327548162506,1
0.016870759166737272,0.016666396480082248,0
2.5441691479420205,1.5523977921827858,2
-0.07080187885267743,-0.6693510209141657,0
-1.9658821117983283,0.70997507563949,0
0.18643571553637706,-1.2946058523691597,1
4.97892510657489,-1.6396073672356755,1
0.02084786231808775,2.7653245028671707,2
-1.736359719942164,-0.3957549927504327,0
1.7697204350450406,2.2778984031637974,2
-3.212400836705487,2.147462525765473,0
-0.4948947828900666,-3.262596052600519,1
-0.6989416422074384,2.038354851702248,0
-1.607185486433553,2.8756496208415108,0
-2.3952827560651704,0.428207021213431,0
-0.4904331436885041,3.4045671024072806,2
1.7284689425734248,-1.7156992122340295,1
0.7336892116960959,-0.9003759792816896,1
0.5109248802380115,-3.679286648328133,1
-0.8743396143770118,-2.776031830846881,1
-2.574545744845592,0.2947980882779709,0
-2.3802573785098824,-1.0596135007291507,0
2.184399822198888,1.2408806057225679,2
-2.21130925124801,1.9850980828550078,0
-2.3990647324808556,-0.6336037536424399,0
-3.0012852093006543,0.6411152878640676,0
2.599432765836167,4.011130325665682,2
-0.9818085500180257,1.4195140938998498,0
-1.7454326232396606,2.0770106533051207,0
-0.3614706961110123,0.7998585218445164,0
-2.2934872079267463,-0.7370544431031029,0
2.5003131403044674,2.448817521693968,2
-4.201591478460942,1.3816884522075619,0
1.4214001595751928,1.4767489447247124,2
-2.3437652263410755,-1.5079719087156582,0
-1.9182973425633303,2.4618129169462524,0
3.3180663052174313,-0.018447148242003872,2
1.8131998322491256,-0.4123922394682645,1
-2.779185667822771,2.1382127500086945,0
-0.5596256032213746,-1.5404840670899391,1
-1.4605571009937472,-1.0081319246252671,0
1.5705370599539394,2.8386767653053684,2
4.418885686581822,-1.7955799949562317,1
-1.7727322382314694,-0.39568070741197287,0
-4.1967729321991705,1.8678400161894153,0
-0.6507196380504958,-2.8855736911436862,1
1.3647638086049625,0.15304473997010998,2
-0.18388433202808965,0.060323439228178795,0
-1.786014965197932,-3.0787001107726297,1
3.6889489440705683,3.0757566955957967,2
-2.914875292089857,0.3130675471473298,0
-4.0540618623742395,2.3089269744479073,0
-2.486477206311298,-0.17199542356503866,0
-2.419310570106995,-0.47047883699478393,0
0.90397457445331,-0.7296093821902128,1
-0.34161010666700986,0.27800171288468434,0
-0.5174778637669174,-3.2412915651295577,1
-3.513403076394969,1.8804854037155834,0
-0.5089958940578294,-2.629719900387715,1
-2.924371817152314,-1.6478530969759906,0
-2.2434288405819087,1.5754409649332795,0
-0.041834532254611055,-4.154194855065225,1
-2.930130836415466,0.8630548858592972,0
0.11443760557548281,2.4032768443312467,2
-3.5758622846662775,0.8857079178653031,0
1.894785811347998,1.469521020929961,2
-0.07174885606939763,-2.7859059155459898,1
1.3182501632541272,2.38581808327343,2
-0.1870720396819324,3.5073770500627632,2
0.6375820707555279,-0.6506772372829297,1
-1.6620874073076168,-0.7155614861840219,0
-0.9030813359010322,-1.437382875443422,0
1.2957313958534655,0.7952411345300024,2
-1.3152816807195484,1.5604901609014568,0
-1.2538576511206438,-2.1749798177516477,1
2.277268145581637,0.7867788727805204,2
0.30823579060392026,-3.282026482079636,1
1.1328933337096831,0.9655365421370428,2
-1.9017306745734668,-0.5989315368206171,0
-2.8541908950637596,0.2117863360379158,0
0.7796112802476822,0.776325321663916,2
-0.4134330866819806,-2.953351521630955,1
-2.1779943493728093,-1.7994942576727682,0
0.5348302131872087,-3.709653643556748,1
1.2721345868940899,1.5964167861677898,2
-1.1604555092574365,-1.5774219155257225,0
-0.37227884905337355,3.9754612004308636,2
-0.46963433894451106,-0.298939339434396,0
-0.7995822807255053,1.0426377935185913,0
0.46903283246327754,-3.4190847721980027,1
0.39806654549524095,4.4193142994687085,2
-1.961946275535527,-1.6032005158914073,0
1.791554339438353,-0.9619294493823244,1
-0.3858316270825726,0.3209978714435111,0
0.14373267202953546,1.3615087205024214,2
2.832513569184582,3.1285981242915994,2
-0.13964566558705768,-2.8551480486564045,1
0.7927282523651002,-0.9696224545100575,1
-1.060626617036988,-1.7175006453581818,0
2.11745239628897,1.1741948813937708,2
1.9023691196629007,1.0638442507405144,2
2.90137969849114,1.4951839841259655,2
-0.3196652951654428,-4.034416671045954,1
-3.4233028342920266,0.9615609243783638,0
-1.5336031874698413,-0.8702090509871356,0
0.44465958994786603,-3.401487731870388,1
-1.7966377242033167,1.5668194419065822,0
-2.874943069784233,-1.4438537862469978,0
-0.04370090397736396,-0.7536563629724188,1
1.5644789958928724,-1.4189050122580882,1
-1.483788854824924,-0.8103835404273303,0
2.0444511511165526,2.969275404752304,2
-1.2110003996426082,-2.143925930835313,1
-0.8732647514348689,-1.9537463529717154,1
0.7962734060720263,1.9379643479756543,2
-0.6324287606490621,1.4877345018008534,0
3.9617431308761417,-0.9368133608564391,1
-2.160487135657996,2.541568443221568,0
3.314627788894408,1.8318195085713216,2
-3.2425969654524858,0.2947921318491105,0
0.7746171644498405,-2.4449321636515116,1
3.5487816549742788,0.6418077656603239,2
-0.6383856068023792,-1.3797774690109548,0
-2.5166730790174725,-0.4882653856692035,0
-1.6000747102750161,-2.0024162022999525,0
1.0445417762738098,0.1306228239811945,2
-0.3021945848865989,2.155863204789345,2
-1.7848304936949866,1.8439684580579556,0
3.6081540326756,-2.162007414293476,1
2.002921979318594,-0.0036266317391843656,2
-0.38476423790026987,-1.2509387692141831,1
3.075980011782891,0.4755637342029308,2
0.6562685140278269,0.6113288565060204,2
0.07320049523132953,0.4809359866072956,0
-2.0668686703562416,0.08122362256884083,0
-2.395094686944481,-0.56183530928735,0
3.0974888410060855,-1.1181011823015092,1
-2.0190341659905884,-0.4767297040488086,0
-2.2648008429002524,-0.57495280656495,0
2.238359648541542,-0.3974278394415322,2
2.837217822350438,-2.9669221790273386,1
-1.9944738588582678,0.6631073892398186,0
0.36453955106132074,2.653770959931202,2
-0.594515261118505,0.1152153233704038,0
2.8806376024662215,0.9343942161889627,2
1.1835745105804545,-2.4108788498196874,1
-0.5545328467048265,-0.7104728245094855,0
-0.32866815086678836,1.3960497830111325,0
-1.7418347528845313,-0.360614290220047,0
-3.3000761171865842,1.1387605762776536,0
-2.735333460076579,-1.0047369370755166,0
2.291559559829585,0.9098969146727754,2
1.782327367711449,4.810205768870147,2
0.10741580090703515,0.8454331752543282,2
-1.4277327391421624,-1.0293555276386568,0
-2.049316133079853,-0.7398431134874432,0
-3.26345032882423,0.3157247534512031,0
3.5330896122756292,-1.4520665769957668,1
2.3455460589743775,-2.5991360171234823,1
-0.7886241111659114,3.4452293624000143,2
-0.7754785191380902,-0.6649411090297861,0
-0.22147386402596714,0.30304811495745726,0
-1.046585289045853,-0.18070766227689913,0
-1.7401958500864192,-2.306055116514201,0
1.8618052683685515,-2.9260562431742714,1
3.1865876809469964,1.7293482587391795,2
1.0962451431061946,-2.0662044267616686,1
0.17886366657862077,0.8527923763848225,2
-1.7802732041792229,1.832633923735836,0
0.35008229913906974,-2.670713357360984,1
0.7901888235005408,-0.06122219547110428,2
-2.94721921077996,1.8735353233073602,0
5.96261904004401,-1.2884302610367788,1
-2.284459382967619,-1.4279706215874317,0
-0.19961589973600305,0.7048230532739294,0
-1.3953234128710499,-1.427071705181463,0
-0.6721125373274425,-0.5018710191559309,0
-0.5312343117706289,3.309918626012073,2
3.4225330150531623,1.6928176958649692,2
2.034009032289554,-1.550398964388066,1
-2.998978543926613,0.5607156713984788,0
0.607340965879679,-1.0475030392500344,1
0.4168994636714897,-2.4660894795279793,1
-0.3038315934283232,-0.3251627474563279,0
-0.6132223657976222,-1.145259302576324,0
0.28828694123374093,2.592732771640293,2
-1.443024431266773,-0.4537098531948839,0
-1.783126405188843,-1.7261595265726264,0
3.2562261964721273,-1.2527151927646447,1
1.8992185876026242,2.8414708723670175,2
-2.641080805174569,0.3409806259682039,0
-3.1848127315702635,1.426570291012743,0
1.6472632537939105,2.106208107454388,2
-1.4461661972986142,2.189251266559512,0
0.43756793009874645,4.500077258493928,2
-0.44583088366469137,-1.3288277943728504,1
-1.2419317827863718,0.4541010907840086,0
-2.3673776270031235,-1.6743770215877891,0
0.5425261210471348,-0.9170717413756224,1
2.478295438036105,-2.0018068710070414,1
0.16756047848958666,4.1834936377080245,2
4.647384335334827,-1.9831107416141027,1
-2.240602517605363,-1.0490059988346878,0
-0.45757157885491184,3.131016274100791,2
-0.7679000845379395,3.1059614307172594,2
1.9091441887990686,0.9907895104808673,2
-2.1754979266456367,2.331617455270037,0
-0.6119384419053899,0.42356315977806835,0
-0.454924856536977,1.82944935005291,2
-1.8883786932305657,1.2262113196096611,0
-0.2892000703952555,-3.3913842019783034,1
1.7308760923732844,0.02640727329361291,2
1.451326430259384,0.5918673003870215,2
-2.3301120572071135,-2.3742577067202237,0
-1.661000598267022,-0.092910315418699,0
0.9399645080284148,-2.080977938583234,1
0.18492625390546183,3.023313500606954,2
1.8560700212543522,0.35648247017056023,2
1.3997642275567168,-3.2878118456506376,1
1.5615452993224967,0.12880049228181464,2
-1.9007393604065739,0.4041354478977134,0
-2.445113551118015,-0.6490308740530335,0
-1.1162756019497764,-4.052998162253239,1
-0.5344364867558027,-2.4961162206495535,1
1.9583283921972068,1.4560739372679903,2
4.208681768650783,-1.448172272465896,1
-2.3530896864578708,1.1309255020861149,0
3.975627816143473,-1.6035508316679192,1
1.4004228429061072,-2.5063407907506927,1
-3.336809522782928,1.0221923009532623,0
-0.9989029561786811,-1.4071357789479395,0
1.4040748313471205,0.2866720174870174,2
0.10494735083191384,2.0742641023448862,2
0.20841956332371214,-2.9780776709874366,1
-2.535433939918721,-0.0013851255101130857,0
5.426524933251289,-1.7682127949485271,1
-2.79843399084025,1.3674883932376305,0
0.9263406676783164,-0.0668839127061452,2
-0.4904153680931788,-3.486947963191314,1
1.1086939085508778,0.39445529129302936,2
-0.9247583585019521,1.515109544839935,0
0.1884232027268762,-2.256251688118412,1
-1.5965370904146925,-0.4416840599836719,0
-1.4914521943639305,0.4438571142113449,0
0.40821770496500326,2.649922566949115,2
-1.0878709177224066,0.03255175881203263,0
-1.1445876397149108,-0.9443072227859983,0
2.251332847526586,-0.07396470701220598,2
1.3628236468572037,-0.6563898508451146,1
-0.7066066527477882,-1.0716564126052457,0
2.194725216238164,0.2910658762063785,2
-1.6354787346414092,1.531415751830462,0
-0.113519915800541,-3.2051810632948174,1
-1.608184342853627,1.458545330725309,0
-1.791422780460447,0.307377335665702,0
0.5807145474549982,-0.453213034461889,1
0.12541532662946261,2.2118978734155417,2
4.101118139414639,-1.1437942950122604,1
2.8671273870423906,-0.9866190301510861,1
0.34144499817839075,-0.26119038885427653,0
3.32817345625728,0.9065316962920517,2
-0.40394008303708046,2.0141155463357334,2
-0.7530988290976758,0.15437823435424886,0
2.305607710974296,3.3005080995551004,2
-2.3796057991848154,-0.8894301217432943,0
-0.7779601579691132,-3.8199046514254498,1
3.105364397221174,-2.506522761569009,1
2.677280210954745,1.7477829189140062,2
0.13025117737925135,-4.071164524981215,1
1.3075993385478972,0.5185196852230092,2
-0.8516477272323992,0.1864687624804739,0
0.15169091177713181,3.368383197169259,2
-2.2049278894689914,-1.8283840919154508,0
3.7421925084134635,1.120661541791446,2
3.100532168657803,0.8365938041262305,2
-0.22894799964073867,-1.1061713973457314,1
4.6598024790905574,1.1025622386024558,2
0.94858087505738,4.7305789356864185,2
-0.7684034301717761,1.8366739534791878,0
3.41978538624201,-0.6692511726609413,1
1.074616699180015,4.525028188838935,2
-2.5719759688926205,0.8551428771958094,0
-1.5908291763419362,-0.9614092606891438,0
-1.963110115631965,-1.299300954463294,0
-1.559647140353484,-0.35559816999577365,0
-3.905187983573517,0.6289396791308014,0
-2.1246569248715845,2.4719954896835046,0
1.160970248747078,2.7366705523710286,2
2.2062598445910417,0.24194821184828974,2
1.2678320782055061,2.5248897768929286,2
2.121556147161937,-0.09897033049885487,2
-1.0590705558344213,1.8811141340334234,0
2.4136801815226234,1.3124786126208814,2
-2.4496049223704572,1.7429544511286,0
-0.8116955818081725,1.1441845590717667,0
-3.2134070827909085,0.5698934282807053,0
-2.1848998089634524,0.34910735009846644,0
-2.2849887969458718,-0.6710534010698609,0
-0.1471535645133533,0.05539889720380283,0
1.988581594366322,4.181586648450593,2
-0.38311677642296604,-3.0234154583203012,1
-2.273289893265558,1.468412489021815,0
1.7126870339595544,-2.1373598595726606,1
-0.04939694613001294,0.22285564340394254,0
2.2064909220671254,3.041679884268211,2
-2.350854892042294,0.6581166818772672,0
-3.193590909355774,0.36019949719643063,0
-1.023952976963056,-0.7848179603834324,0
-1.9051455387957028,2.3802620031585175,0
-2.3269492713578446,-1.371973178154853,0
-2.405212733245579,-1.3120916298164054,0
3.8759104029784934,-2.2620461917535146,1
-2.0959320263781502,-0.33266793225694125,0
1.251031834602235,-2.612067981394292,1
4.302374430017276,-0.3849442540807536,2
-0.22347153710583237,2.04725092923996,2
-1.2457797345830375,-9.860903155671612e-05,0
1.9034135561645453,-2.191649204370479,1
0.18200727015458404,1.981272213767163,2
2.2335358783415677,-0.7270492453045355,1
0.5135356912080392,2.547295389547573,2
-0.3755037577865894,1.665749660468752,2
-1.0084131177914086,2.0881411198380992,0
-1.6944998048416642,-0.6688331995962206,0
-0.7220165508641767,-3.660635099042656,1
0.4677284889446731,2.435394558422774,2
-3.065004770217502,0.04932423618674912,0
2.733426269682635,0.0014216816884545398,2
0.8214103078369538,-0.241470981550033,2
-2.8877470833725205,2.544273935531871,0
1.4973907806492803,-0.8886776045297266,1
2.019212251412296,-0.22121346579547255,2
3.4292759960052273,-1.9174569241906767,1
-0.22055755277455297,2.803155861928508,2
-0.31260259199296037,1.0276267012505966,0
0.4315283292430691,3.75835467127963,2
3.2756393605804157,-2.0008032556993194,1
-2.4721543575719873,1.440969707644171,0
3.453670980289211,-2.2874972369765985,1
4.584680395204612,-0.8004183447886722,1
-2.3961830630879035,1.9643083780627912,0
-0.9354770995584,2.826238695005246,0
0.11226613957481765,3.9190650541397334,2
-0.8763405893114082,-0.6796859625783044,0
-2.3457645499486794,0.9985779352688416,0
3.5617783737299527,-1.5938258341871858,1
0.7001722269784083,-1.1864634512346008,1
-3.8668929884424266,1.990042764631297,0
0.10220678355650288,-0.7752442069682484,1
-1.176076513452005,-0.264009904407604,0
3.267906657543333,0.6156210040360777,2
-0.6711747767352176,2.162180953390761,0
-0.28089831808265975,-1.0662506322896397,1
-2.1044534900570766,-1.5891646784382694,0
2.719853657006338,-0.24332242009422272,2
1.4565991943995462,4.526878639335645,2
1.744500156423694,-1.7185678368705988,1
-0.2502459666471973,1.046461177201088,0
2.81262270174746,2.1477944233981234,2
-1.1462727516840052,-0.7113890475067752,0
0.8620376292068531,-3.65454544580276,1
0.557267080073787,-1.2545656238020466,1
-2.233165555569609,-0.7745676746612541,0
-2.1183591172380396,-1.8631641450212235,0
-1.2342738999209402,-0.859856302660539,0
0.9324109264904408,-3.5093538253879766,1
3.3349272654053816,2.380440786502859,2
-1.6270361944707894,-1.64668116200544,0
4.8687422939361475,-0.5378289642913612,2
-1.7722262966468414,1.9484872542785776,0
1.0039586615881033,0.329236419672689,2
-3.2730761575359417,1.4631102501118665,0
-1.8142845704922712,2.254486850713475,0
2.5804597098059605,2.2689310033349854,2
1.7215981165454075,0.3288921118520867,2
-3.54725464956866,2.12252054636811,0
1.0624750199125532,-2.902441598655454,1
0.5494870893692757,-1.1155255383400917,1
-2.384868827728401,1.198676965209257,0
1.5148628584949537,4.398604650800072,2
-1.0290232912565025,1.6392566991595126,0
-1.5283733832154556,0.9591001936095674,0
-2.5869567926321175,-1.2923654932204574,0
-2.4682121061013866,-0.058277512669784724,0
3.999288186197841,3.1706898963900967,2
-0.728954515224862,-1.323962429186611,0
-0.012706299485063776,0.5031974638294634,0
0.3865409927460875,0.7282631757621655,2
-1.2876718252902668,-0.14185023776424727,0
0.8312573490728447,-0.37482730774190415,1
0.5385699429246805,-0.5780241019566744,1
3.2347013438377883,1.1508599833725288,2
0.9132592941165132,0.39519727202217314,2
3.0559394066550913,1.6227387644925038,2
0.23609049336222554,3.4420114736048015,2
-2.238720864614531,-2.1969963295889654,0
-1.0860566051133518,-1.6883972514905234,0
1.1702460557393122,0.3729564726285746,2
-0.4792308990511127,-1.2179721721836692,0
-1.5626056151378185,1.7432024259180292,0
3.146699995620724,0.8414477103398449,2
-1.8566122547773007,-1.2941092578325533,0
-0.8052715513528457,0.19060870180314154,0
1.6608957022948536,-0.467509467310513,1
2.260623405301894,1.041046742922064,2
-0.650937987879386,-0.35240484883838386,0
0.866407598938508,-2.928846395992312,1
-0.2255736213813621,-3.9937935151007857,1
0.43525890435275194,0.8879948577007819,2
2.583103227560096,-2.8646483615707905,1
2.3766482647579172,2.9540090706917814,2
-1.800067594888306,-1.392153251414765,0
0.9862761864453554,2.7391787043952416,2
3.505166590331754,-1.104745049832009,1
1.5249132444235551,0.7619364957120028,2
-0.19924193216926667,-1.2699982672180667,1
0.9402478781078842,-2.6724473128182944,1
1.4613819935978263,1.0911109025996282,2
2.5550750848560466,2.020073517623613,2
0.5553112828639206,-3.6608369406339154,1
2.7617239533147484,3.326404238703974,2
-0.18890133160590009,-0.46778138567746425,0
2.733075256081765,3.3394132771480955,2
-0.33869959576578246,-0.23231398245162024,0
2.061501324249189,-1.3221051939104094,1
2.0930297336335992,-0.00041842949632504785,2
-0.9897672150558362,1.961059463259491,0
1.6237611579533124,1.0297062745428478,2
-2.0429417285426092,-0.4999863017294869,0
-1.2257046954361104,-0.5007619170526884,0
-3.1646822890736903,-1.788477638502466,0
-1.2950621088995116,-2.084859111007744,0
-3.605588611662903,1.479398253841345,0
-1.4255239638374229,-0.2874720225253777,0
-0.6276277338679531,3.0823813049969484,2
1.9825741417947054,-2.089897910046196,1
-0.3206789401107413,-3.448994234893082,1
2.9953564584229895,-1.52904520380183,1
-4.580003008206917,1.9602284272744095,0
-3.67254584236133,0.8794205225997942,0
3.206542429475943,-1.7606751933180422,1
1.4443182844358997,-2.397613255530749,1
0.35733300066082774,-0.24532818437436157,0
-1.3559326117419863,-1.901700525336298,0
-1.581790503890492,2.4502771604435405,0
-2.160712913928355,-0.36244401958270783,0
-3.188525894140706,-0.9827645557102345,0
-0.03551212975877317,-0.4398253078020281,0
0.7034814044881661,1.5167068697399888,2
-2.071100553899521,-1.4790018976347044,0
-2.188169380284896,2.033998944942664,0
-3.1294824681386295,0.105262476770417,0
-2.1858037761198674,1.9011495669860128,0
-1.3443798425018736,-2.0644528546853738,0
-3.089365538759643,1.0452174189251326,0
3.3326005133916667,0.7290844838759737,2
-1.9449753078246643,-3.5599980630782944,1
-0.6969941975104711,3.1214432156350007,2
2.8296686415964114,1.5084341736751095,2
-0.22599302559306622,-3.1117174925428523,1
-1.2161215096289588,2.4233386344796273,0
0.30370402819829967,0.8014015671628533,2
1.4626325060150958,3.602168929838369,2
2.221124537250872,3.861302720111518,2
-2.2767864060112877,2.8019737505948688,0
-2.842861196793542,0.27193829380369045,0
-2.313720094176504,2.269631081687943,0
2.588936644220709,2.904781557146962,2
-3.0355616669362737,2.476818408890829,0
3.128221039965712,-1.1124214453709362,1
2.652272914501285,-1.8281529947170165,1
-2.6596091272497224,-0.9370426377617017,0
2.749086176276827,-1.6251187294246352,1
-2.5741714071734245,1.0694208191069066,0
-0.18696155471991202,-1.0503604589075823,1
-0.22243857439723774,-1.2807625775533593,1
-1.6636154015265439,0.8384663822274884,0
0.6218202931830109,-2.5696903967093663,1
0.9551750723016394,-1.133269091154113,1
0.8019388372488688,-0.7121007445916647,1
2.711012296365876,-1.903892903167119,1
3.611985465131781,2.969509356662176,2
3.033636551558651,-2.263301782051889,1
1.6873386666057677,-0.164408417880723,2
0.43467782364412694,-0.48545820460413647,1
-1.4575145665554876,-2.225831774165399,0
-1.8435311158684942,-0.575875800567548,0
-0.5498037884799202,1.9372285446752842,0
2.0070126147223655,0.02994613045330698,2
1.086947467284394,1.6926187568850726,2
4.883644849777622,-1.050190299737634,1
0.37291995460490485,-1.1630122676621943,1
-0.06137935555078022,1.214683199334168,2
2.343825113785373,4.798790312319239,2
0.11328018374105102,-0.944081463608368,1
-1.831626736009958,1.7397458924952227,0
3.6612337886200814,1.2118910564313568,2
0.3984567049022247,0.2532796531588206,2
3.00092606498214,-1.6312317650562775,1
3.0731359277271686,0.7435695104336794,2
0.28696947671712275,0.07104476746700265,0
-1.0409136603203528,-1.9762004836738656,1
2.5821516143362175,-1.0755288387636543,1
0.9309060767965578,-0.9739611126204694,1
-0.9505276201157382,-0.8833408068133188,0
-0.3335529461503359,1.8678608535175603,2
0.2545969074141399,-0.6247649286640117,1
1.2901102924934194,2.221517236970331,2
-2.180242115397156,0.471675245792971,0
-0.8246812303882087,-0.7674713805910839,0
0.00033600397149737536,-1.2611129500293368,1
-0.14822006854261774,-0.7315945434969341,0
2.8426974567195744,3.632925961178942,2
2.643743700236047,-0.03836038387929014,2
-0.6699709597433137,-3.73896038032867,1
-2.1936693782068586,-1.778704840162646,0
-1.969525139558887,-1.0972938316014553,0
0.8113205220637051,-2.430880643024024,1
2.9401010797550353,-2.3619144847760905,1
-0.33660368432045396,1.1130567631802017,0
-2.8089978818624446,-2.159704167139473,0
-3.035641960701163,1.7108287513064422,0
-0.7936710695974053,-2.9458071010408595,1
-0.8957031894769347,0.2834340989072029,0
1.114191455204478,-0.4994087113196299,1
-3.8737925731653364,2.246041976326848,0
-1.6827014521592807,-0.8476366386522595,0
1.4113215538480943,-0.26328349263933376,2
4.604029453312361,-0.3347635793504793,2
-0.7999580123121082,-3.4240464650756626,1
-0.07007167076746644,-1.108442286131825,1
-2.4622054352962057,-1.3040703680930972,0
-1.1424606689949357,-2.5887362588266494,1
0.8421144440715889,0.3885484539174051,2
0.7805397862245821,-2.334662313074108,1
-1.7870693236560284,0.5591720161062825,0
3.572801585934177,-1.6659052930573197,1
2.4585906994290725,-1.1303473699456372,1
-0.3431585168838751,1.2693817943059413,0
-0.18999180675107882,1.6947270475853373,2
-1.9567062288008528,-0.6821799545226512,0
-0.7353132613956218,3.6774568172458166,2
0.5395342757790049,-3.7013279951008635,1
-3.766864408307696,1.2046088724839248,0
-2.09111972225724,-1.2211966786990331,0
-3.29163303811709,-1.4778271370025573,0
1.0636628625253524,-0.8143634773572863,1
3.3760616636571434,3.020205312291474,2
2.490358410839278,1.7699315786594483,2
0.8068941049116694,1.0248174571716433,2
-1.0633605267370938,-0.6099513025127914,0
0.05688937587317534,-3.4701434837404634,1
-2.3541499687185192,-1.541428265485366,0
-3.542715115321958,1.5808746186214542,0
1.1658758864373127,-3.102847671037969,1
4.479525316642312,-1.1339719785231492,1
0.4429806604733561,-1.15361292097977,1
-0.4171768397992177,3.6000330133634266,2
1.8630985777343627,-1.9633119348994015,1
1.181760152094459,-1.8603672071894803,1
2.759186764081076,1.6984938903147333,2
1.9238068556511796,1.8977667488767942,2
-0.7016068790992211,3.1179731257405536,2
-1.2993878454818284,-1.9601983040709183,0
-0.10003511281205665,-3.4345335329127846,1
3.607283470791372,-2.6215899286864617,1
-0.766572502051314,-0.18363248373310168,0
-0.5011683617487149,-0.37139698956799,0
-0.6645220677971254,-0.15570381765833288,0
3.266106894446659,0.9567851084596339,2
-4.096416129296819,2.096589250753512,0
-2.3370337114133233,-0.9135131852662587,0
1.3565272194842815,0.6220980441111787,2
1.4099455864692627,-3.1700816823186706,1
-1.1218878916085548,-3.1627135612646446,1
4.6136443547045385,-1.5580290983025866,1
2.015524016309224,-1.8322477269236022,1
-0.5381810071396584,0.26738024269579413,0
1.4225168453580128,0.718588449316484,2
-2.052200180944651,0.7476191768864131,0
2.42197316706064,0.18478531079863839,2
1.044240083023142,4.275587811406798,2
1.415710480198168,-3.730183488410435,1
-0.23272720604302793,2.119510546809791,2
0.3403054569406413,-0.745742588709874,1
1.2857296338079909,0.050212962083232414,2
-0.31458559462241453,0.05466436435131767,0
-2.0293457775200276,-0.4023066985071566,0
-1.6596193890914612,-0.44599721248285923,0
-1.2847780642685855,1.8074657188077912,0
-0.05823700006894284,-0.07569747068258317,0
-0.6060694848036712,-4.504684777535833,1
2.2788226125805617,-1.4158308216121012,1
-1.8331483458563058,2.9131997939603034,0
-1.3480954859543182,1.1282767850796844,0
-3.13741809128364,1.2864716084967969,0
-2.5368205650264373,2.744412727282222,0
0.8430777931717194,1.9699801456294521,2
0.6171529594675895,-0.9625407035647464,1
-1.7474549048356505,0.47139466375186684,0
1.2591783713518463,1.7827394645133512,2
0.5665316446953278,-0.8474338197475468,1
-0.9118797903457767,1.2787654483183537,0
-3.9920244985608795,1.7850589801194328,0
-1.380196646366032,-1.0656878726504573,0
2.3435221577069614,-1.8898422693669437,1
-1.672695178744566,2.4553356325958635,0
-3.164667997924788,0.6696456509507199,0
-1.0564759357763467,-0.6583449310516085,0
-0.879320075732486,-1.4348609413174562,0
-2.6070600274043074,-0.7240901715891755,0
-1.7026334137542074,2.459766507861142,0
-2.747223591983869,0.009001759097066101,0
3.301686548464774,-2.3607274197474224,1
4.73045504592299,-1.550991322991189,1
-2.875280522464795,1.230067133171597,0
1.7143377185511706,1.247714414819049,2
1.2805920492666614,-0.4941641387930055,1
3.5780439766646874,0.6153553351611788,2
-1.5703598858471242,1.1279834527718073,0
3.3476023612144665,1.2648639559697774,2
2.7391376245570407,1.0740244944663937,2
2.7792920558701857,0.24098535651071112,2
-0.20327985277745605,0.3115970879941253,0
-2.6274956578596673,1.3511269458049837,0
-1.828220884406835,-1.045405919264665,0
2.230743524884207,1.1896379447376755,2
-1.2789607160142134,-0.7562859087733368,0
-1.7676364829446782,-1.6889310341944996,0
-1.2876129363383186,-4.100672136000399,1
-0.583626000158797,-1.5934857057496206,1
0.16415701681148495,-0.16556282955951687,0
3.2965384827895075,1.9989111917361069,2
3.9154056181073584,0.3650416492856868,2
1.0636426708658384,-0.5023791667238289,1
-1.216090645466241,2.191224042620959,0
-0.7165728555961671,1.305007767864595,0
-1.4485345354144599,-0.39112106786069084,0
3.1328471973634238,-0.8475298541427153,1
0.12122530383930342,-1.052678764346958,1
-1.5711343789799435,1.9561812886931906,0
-1.988220159625926,-2.733003466388676,0
0.6799845902618642,1.7173914277521944,2
0.6460874666691538,-3.7669779427451484,1
-0.987249751903232,-0.3876058476537302,0
3.0459100773971524,0.4511786081011728,2
-2.56397021441869,-0.9102305032586244,0
0.16107814860615544,-0.4631585862468765,0
1.747003225129682,1.1680912812434043,2
0.42491193590409293,4.325763606073855,2
0.4943353938552321,3.6373427910719762,2
1.8628936868328956,2.213078760024937,2
-0.5567676443316005,-3.681057904403268,1
0.5717431713238917,3.5554082376383063,2
-1.5996339455084958,-0.5867814369844746,0
-1.8425804904697474,-0.12642502150840823,0
-2.4033764856695257,1.0487474416618687,0
1.9197250646052664,4.0868968380056945,2
0.26159684921410153,0.920002778377672,2
-2.1084042056481014,-1.171473019492241,0
-2.6437398422559424,-0.007140004966667383,0
0.06538777316652852,-3.9442883880813326,1
-0.8421548748043589,1.8496436055634184,0
-0.6154309537925267,-0.995746359957944,0
-0.500966700696916,-0.7498637125561083,0
1.4718502835451732,-0.5419715988136357,1
-0.7963947959360976,1.646889994274235,0
0.4900199986184208,0.21883534381221698,2
-1.8832700234627169,-2.079149511385131,0
-0.5481216283757143,-3.130046795816083,1
3.0870892604309117,-1.379410672135592,1
2.3577109130698166,1.4582371141807955,2
0.25279550009234075,0.36115811963607075,2
1.6132816385446238,1.4333202918062968,2
0.23415667604650064,-0.6914090013555115,1
-2.551864215008199,-0.02929649059118272,0
-0.36700857276273413,-0.8367348424214079,0
-1.5138138381765835,-1.9712667452219947,0
-0.3038102248595265,0.29502688491289536,0
-3.068274376698642,1.223083543209569,0
-1.644817012423418,-0.37731688432353383,0
3.0182304554073776,2.4235899133067544,2
-1.0285612656277272,-1.2702190506443052,0
-0.9965559263519185,-1.9866073584758859,1
2.8522555695859624,3.3461604841338186,2
0.2591211005548501,-0.5013647734293941,1
-0.2425987874416648,1.0418768563432048,0
1.8248128751041994,0.6550107480263462,2
-0.29580331921221503,-0.4751606216496913,0
-1.9715709538405692,-0.009366870954424223,0
-2.1055024065954426,2.543392069736595,0
-0.2264665648907549,3.9858978406880103,2
2.616922653363439,0.8616859274578664,2
-1.9975851319509093,-1.4170556076919378,0
-2.366024415056187,2.0803247002749874,0
-1.8422813931617161,0.4169170499958545,0
-0.8015337251767514,1.8237492374997395,0
-2.083727216642041,-0.6872526250083666,0
2.78597842970275,3.313148808159453,2
2.6816464603495276,1.4862439011142718,2
2.250359043803662,2.4258449523427594,2
3.1979333700456944,1.5717563810508184,2
-0.5220145734479318,-3.6173502566527382,1
1.4846881010938056,0.7684894718006764,2
0.0738621135284433,2.133061413221624,2
-1.2744602591975116,-0.4518579726471736,0
-0.007184147969556963,-2.895792694387166,1
1.2734188800861925,-3.2492842451065673,1
0.7913132998239333,0.07526255756083337,2
2.583308674663573,1.876110929952601,2
-1.0202226002256654,0.18482689302712899,0
2.3143970553012667,-0.21126238092667893,2
-1.007521451493169,-1.191435565771207,0
0.29604476943054336,1.1067531848162826,2
-1.0582976200311063,0.3603628331264998,0
-1.879403284303582,-1.0345510660477513,0
2.321500867544957,3.3992703975122995,2
0.038837977113144045,0.36799330066842445,0
2.04699071392869,0.9273742977323183,2
-0.361800251339266,-1.6172386585701022,1
3.4124540647525716,-0.9143873691688066,1
-1.7243898624684382,-0.18691211141723837,0
0.8552984900350075,-0.3170969708381778,1
-1.478938939815942,1.1934491422133904,0
-1.1691675154497396,-0.4871148669094415,0
-0.8463118583750994,-2.902140305450673,1
-0.7320771318296307,-0.37826944179470945,0
1.9091435927829916,0.6599494119050218,2
-0.5251576470814782,-0.5410235598277667,0
-1.495882523991727,2.857574425302804,0
3.3615548507308013,-1.416031041593364,1
-0.09360957872175658,2.0772311470834692,2
-1.2175063871272414,-3.465234590532652,1
-0.5605361606788721,-3.7509265489994577,1
-1.4706478538265217,-1.4719677530553101,0
-0.5498548871426732,-3.3471003684180136,1
-1.4899490794541739,-3.5254333768880985,1
0.594056372734823,0.1487112580283194,2
-3.4933945714614114,1.5227853997552272,0
-1.1022132856750526,0.9914685809859548,0
1.4038643257854049,-2.684198917124081,1
-1.519260899042865,3.336729100395405,0
3.9149070432014477,-0.6940051931979331,1
3.4327518367311067,2.248294957508457,2
0.47808753714985286,-1.3011312209833834,1
0.7815880556008864,0.523213199778908,2
0.37420448823375835,2.3896103768722594,2
2.017306188735114,1.2535137251536033,2
-1.7178484448279783,2.1441644177096046,0
3.197205584156973,-1.7285119308621957,1
-0.6352538996490328,1.2433858200937595,0
2.2881388742322275,1.1852586490985482,2
-1.4581261277900588,0.8155109581371561,0
-0.576427216936023,0.750587287311202,0
-1.6130080259993402,2.0014590733729682,0
2.193580241927783,1.5009767162483862,2
-2.5888917337757147,1.683829316614237,0
-0.6192700737014012,-0.7800887867696183,0
1.5935512551531057,0.006910971778987589,2
-1.3396454101385404,0.99747252578235,0
-1.5355303262204403,2.8709660098079595,0
-0.23679935434783994,-1.0197168694908452,1
-0.09232744964364963,3.7751872952969676,2
-1.5048644459192815,1.1273702863790458,0
4.347263267656998,-1.5501830726232138,1
0.18862558867385884,3.196969528494408,2
-3.7513853006553983,2.1130255576758166,0
1.4975419023571142,-2.685151944133142,1
-2.33733322023612,2.3492091871175287,0
0.6405650606704851,-0.23820514646927188,1
0.6690620903945658,-0.7634514605809759,1
3.0437192178323005,1.4504602305710452,2
0.2279727012039651,-2.3884371767377406,1
-1.4781061542431586,-0.526715285403586,0
-0.9060706997575915,-0.7241068570235367,0
3.9924294919805625,2.000352779924706,2
0.8446196046660862,-2.2853723426409718,1
1.3633561381618522,-0.17647565262541748,2
-0.4775593005681924,-0.6292385614078956,0
-3.7855977943684485,1.934619822124338,0
3.680788202650809,-1.7702169785062347,1
0.6791926284118909,-2.709670778109283,1
-0.09248012845659091,0.3260588010553205,0
-1.289619761425511,3.215605585460394,0
2.3630795777405234,0.8969666249111554,2
-1.818995170322826,-0.9569645980299646,0
1.3111252831409814,-2.463410585022904,1
2.890300793118743,1.2999660105735813,2
-2.5589707517681597,-0.4080590007828161,0
-0.26296121704447656,1.1948578216334342,0
1.5386629299412782,-0.4685193396164596,1
-1.6011476808060765,-0.4965931488527079,0
1.2757398112452258,0.7087204586323445,2
2.0130561920351595,0.7970640722171223,2
-0.273485391138111,-0.49060114537127625,0
-2.3840222906003614,-0.6340930621694976,0
-1.0655981116118716,-4.683210952272858,1
4.323357106279469,-2.393872717190382,1
-1.050006488266405,-3.0036186535867513,1
-1.581568376691449,-0.22189491675518822,0
3.2031050859157713,1.1645957889680134,2
3.8266290631561555,-1.1887924019538876,1
0.7150283425710492,2.124707406393554,2
-2.320978600208883,0.414038362113753,0
-0.9497647481186919,-0.35694744259525596,0
-1.9443233112961664,-0.7089712368458191,0
-0.5120406435174798,-0.5501195017353596,0
0.3795201341443124,-0.06686426330405396,2
-0.7382809478448068,-3.4902587044453353,1
-2.0261513272349436,1.577810689038027,0
0.4841630275523865,3.6839496345122367,2
3.2794899013875725,-1.9684706272446773,1
-0.44658052749184535,0.18662654716018823,0
-1.70622366190219,-0.834386555745845,0
4.073671847965045,-1.9336896651958293,1
0.08589938611243064,-0.6647507157991382,1
-0.8710966306450475,-0.110479343397421,0
3.540708550665258,0.7515618419227795,2
-0.8917209750358753,-1.82585521609119,1
0.8392406583531051,-1.1943972016936895,1
0.95583626631519,0.6761690389328574,2
-1.710182730486927,-0.2998301988028935,0
-0.20819464483710975,-0.9642695017758798,1
3.8291847345814163,-1.0199065390090825,1
-2.160685468075867,-1.7175373179011069,0
-0.812011251320273,2.3615812761745967,0
1.4337195217604513,0.7915692624182542,2
-0.06909317342571837,0.5391064113359683,0
2.2814728439692105,-2.982947078075377,1
-1.5737543139621197,-0.6793278506079581,0
-1.9218510256661443,-1.3357360015103779,0
3.9981402690645553,-0.9159386122443967,1
1.8880706292735787,-0.45156464151633346,1
-3.157059790455702,0.4236685745158141,0
-0.00152551427682158,-1.1556418765717813,1
-0.6307570427944371,1.007865288646685,0
-1.462108242340713,1.4373874229610635,0
2.360036232330804,-1.0622877776854125,1
-2.007608735063188,0.6897612306789519,0
1.4315036580731084,2.4318518325661658,2
-1.8758301427687716,-0.6374632114692085,0
3.53981543693433,0.49561102214565794,2
0.06192154721457284,-1.3351129609260297,1
1.7337825899947927,0.9366816364677107,2
1.4528623761210657,2.5683358655317208,2
-2.8585100016075224,-1.3275681992462056,0
-2.0026246555509277,2.971004841121138,0
-0.6365799661504573,1.349222222989349,0
0.6210651267039834,-0.5496317253718765,1
-2.8726315368665865,1.8579844167497528,0
-3.6554629992127223,1.397353294588848,0
0.034403652735984606,-2.9150832622044778,1
-0.5542675216068899,-0.6783922459553988,0
-3.47375533723109,1.5038547460230924,0
2.530798288737999,1.4511148854944436,2
0.8796444587098823,-2.2069435157453827,1
-0.5734573509393667,-0.5377732817671613,0
-3.0021757887539366,1.3024268789201756,0
-1.600474258704408,2.6974744057809126,0
0.32648311063606605,-4.115706129831805,1
1.199891939315463,-0.7144095029384205,1
-1.7557108753368416,0.405341928828533,0
0.8633966892375543,2.015522310534227,2
-1.6570065641978944,2.473128726628027,0
1.144254062467961,0.6382273412663381,2
-1.0963115935626537,-1.0614974933780694,0
-0.5666636936395559,-3.0238267460886923,1
-1.4099596429082313,0.8020270642706276,0
0.73868521405302,-0.6264060132535397,1
-0.41200966934970895,-3.2888416666453546,1
-2.2760586091407755,0.6069492293174631,0
-1.0674627455548824,-3.04119006278916,1
1.5129647335187077,-0.11676830427565564,2
1.339577305638775,-3.1033695202330223,1
2.4874034193987624,0.8004032190424617,2
-0.09285887471867202,0.19039793480642742,0
-1.068533874260048,0.6233135814349863,0
0.5918862549015296,1.2476143494221879,2
-1.4653451954276315,1.9899135812102038,0
0.08293294159049672,-1.4006965550157857,1
3.1242624824857153,0.6376243157091286,2
0.6159943356745714,-0.08126492646521725,2
-1.2834612969943517,-0.15564160541852826,0
2.0220508837611124,0.41751471637454485,2
0.7431236718473582,0.8348861060671026,2
-0.48153846402568146,-1.3524344325305708,1
-0.99796211857994,0.2333335237833919,0
1.7930015857395054,4.310933179946756,2
-0.530452816682255,-0.23095067186033946,0
-1.1875607923086304,-3.382445091254217,1
3.7169785973506904,-0.8008186754313035,1
2.7376812826996595,0.7621923100198007,2
-2.641961396690867,1.1412324534370348,0
0.3789249646306389,-3.4492556832363763,1
1.764141893180738,0.3612060818867804,2
-1.0593126918211635,0.31696908161706927,0
-2.9761426778761795,0.4408440196060388,0
1.3165885962072956,4.36734841783004,2
-0.6787562813836936,1.8642174184162015,0
2.2385381260660067,0.4865786588446403,2
2.6565651604436926,0.7949370547246855,2
1.694023959110801,-0.3288420040613289,2
3.5866408306192854,0.3734806624105866,2
0.7320320642210236,-1.2487808449762858,1
3.6046516040123264,-1.9850605397802632,1
1.1215757276941,0.8339804652202283,2
1.148599691376868,2.040071231377307,2
-0.06330929118457676,3.16905520990912,2
3.1869794882468376,0.5276945772604946,2
-0.32839316634853555,-3.915225193544907,1
-2.2530963807921514,0.5642493534617787,0
-2.034043370712098,1.2983059446708702,0
-2.535978736789169,0.5598179975644441,0
-1.274793822404588,-0.848536436210947,0
-3.4269267840687294,0.6146504050401522,0
2.49252201760382,2.840537072909862,2
0.613275851046132,-3.8837088428590536,1
-0.833718404439773,-0.9730667160985212,0
0.8702040249903532,0.09745670270003386,2
-1.5999240987001853,-1.4352879908007021,0
-1.9969814637648395,-0.8827446458326411,0
-1.206392247140593,-1.396801699695463,0
-0.851081282954091,-3.0968768585350634,1
1.3172775060190227,2.549292595832073,2
2.743838886655289,0.35884010529247584,2
3.6099932116345714,2.4378090117870235,2
4.347576064714723,0.4823045166640892,2
-4.155584797048308,1.3993585246686446,0
2.8243010526259167,-1.2851652466957675,1
-0.2170682769664273,1.7763481052932983,2
3.8141578900613293,1.7388379383592527,2
-2.5604940476667237,-0.8330349124024908,0
0.4027321888314925,-1.1063381515073067,1
-1.9019213161368096,-2.0053015013406585,0
-1.4103985991158332,-0.31437334303928977,0
2.7985658606692754,-2.9966336896285184,1
-2.6861904518807953,0.9465090960587038,0
0.7003932133346699,-2.7715768246593133,1
-0.5342591878730895,1.8671446187444143,0
-0.5305928765896735,-1.2464896699075156,0
-1.2659207949019942,-2.896418081440137,1
4.689137938503062,-0.8510014952484874,1
2.4904502908097648,0.6430531287900881,2
3.3554778889329713,-2.2440508216958053,1
1.03494634328834,4.811401224478354,2
-0.9984721334691912,-4.130397861738436,1
-2.8351053747299737,0.4848370776361775,0
-4.5222248586386815,1.5749482814068505,0
-1.2030000748410752,1.5866568230214269,0
1.4182048662893787,-3.518210256776463,1
-1.4939087279038767,-0.6545009361703882,0
-1.1653680863652738,-0.6512914084457713,0
1.630315517337879,0.19765712424389442,2
0.7029580334802537,-3.2529092042573367,1
1.9138020008716337,2.2833131320379336,2
-3.1256822853359214,-1.3273674357758887,0
-0.40313705984651627,1.947423561278154,2
1.6179196197339072,2.2136914171071913,2
3.6572291277895843,2.7240381901634403,2
-3.1551283231487477,2.1348779606420494,0
1.1031229668469296,-2.9909558387542297,1
-3.4479870486193107,-1.2430767697656702,0
3.9102043303268728,-0.8323078170488021,1
0.7444288061561607,0.966868550375215,2
-0.7427091410552042,1.2091536289228617,0
-2.527116671733863,-0.3405288206777411,0
-1.45763813016553,1.4032878189323281,0
-2.0988835795631062,-1.3253273497004425,0
1.3963067336416246,4.783389938771886,2
0.7643126582507745,3.831870633566005,2
-0.8804223041015038,0.16425193685760056,0
-1.3128566511176887,2.2125185447462,0
-1.2591571857025428,-1.4926753149568452,0
-1.1176847480733272,1.5472886988650942,0
-0.9805684826948162,-1.8147713161320065,0
1.1922608739520173,0.42758956302623474,2
1.7583179095542913,-3.058366946137098,1
-3.108235692739266,1.2627877481648266,0
0.8406537667242933,-2.4505271947929446,1
-1.2714665723337457,-2.9564214950804555,1
-1.526849350843423,-1.0175037845145876,0
2.047330543809622,2.366331452076819,2
0.3101378815459789,0.7239346616631026,2
-1.4308497879839648,3.1142086363278816,0
0.7182222134277066,-0.889853120409896,1
0.002631066803697447,-0.4974050364541364,0
-1.5488227202095257,1.830613593879274,0
-2.6398203840834924,-0.7845086737872582,0
-1.8062614792102984,-0.031076735488007993,0
1.4008318220733076,-0.13829732161009545,2
2.986696278160374,1.8379681827678682,2
-2.348798882242957,-0.9858927172269487,0
-1.1300062537507185,-0.07246243105664506,0
3.7829830950098584,1.9868675575251038,2
-1.0834435618764284,-0.5834745283587618,0
1.8447911726594284,2.349305796309628,2
0.7948870143996307,0.5358930971476864,2
-2.454280580770308,1.7306920492844622,0
-0.37782400966973706,-3.4693381572826767,1
-1.9489055928228785,1.1977605005003986,0
1.5323294106251002,-3.047745054708511,1
-1.5146533676941643,-1.5841754545832814,0
1.256376637273986,-0.8986244054333217,1
1.6318591230203867,-0.336078273208886,2
-3.3169345890378006,1.0942397173482585,0
-0.6463606157323856,-1.4024138031224647,0
3.3538256553091057,1.5352867088554727,2
-0.4061127800609909,-3.9105085294327697,1
-2.2821122642224063,2.441825544709932,0
1.1894843477727908,2.3982526158667077,2
-2.2277707101291857,-0.6910829900935805,0
1.296195538008017,-0.10260928094438128,2
-0.5221229779770484,0.48679783900978063,0
-1.296775025831537,-3.151084887852186,1
4.582828149304462,-1.4616218314587726,1
-0.017248915151436135,0.35799276881628905,0
0.10184728401570463,-1.3683786392253068,1
-1.9891195796943355,3.1303695680308157,0
-4.155316265410963,1.1934916327505045,0
-2.065248825665712,-2.110231824266968,0
-1.0233318386444643,0.17292858571545214,0
-3.160755943742707,1.0133696484142292,0
-3.1517332483911162,1.9684173421467628,0
-1.3929322457944568,-1.7746870186976258,0
-2.2642738478498505,2.0929745552668373,0
-0.0982616394262601,-2.94114304209483,1
1.6019161176679373,0.10948792460208255,2
-0.30158201578421096,-2.6705017085718072,1
1.6857653545231044,-3.5158057998284873,1
-2.187491729997821,2.5391844971584567,0
3.7677151637773307,-1.8092966283341887,1
-0.7673592571983301,1.470173898866725,0
4.506877941174826,-1.480299609120068,1
-2.711026293831695,2.7117265175192404,0
-0.6160916436110833,-0.9426933257783123,0
-0.3997165310083029,0.4053805564694212,0
0.8314699191142422,3.3387807173580195,2
2.232903663670855,-2.850068094287774,1
-0.5415017297773947,-0.6681497314431243,0
3.509579201228562,-1.0727814607786075,1
-1.1275541261482185,-3.357316258930606,1
3.550703560120418,-0.06857460687507967,2
1.0658143365266777,-2.8294236173053173,1
1.7692140178574203,-2.921871306023956,1
2.524555980958211,3.212867480549545,2
1.4758117948361236,2.572694878181662,2
-1.5474151232606288,3.043805606233734,0
3.7906498153594814,-2.022985675602111,1
0.5360542468018106,-1.1436109533441055,1
-0.7731352642123042,-0.8811430633687661,0
2.131327155179482,4.474206188527721,2
-1.3788050729715091,1.3822701732556273,0
-1.388692293289839,2.686668658050668,0
-3.635684081006353,0.7560835034483183,0
1.5058794637413124,-0.4203529779375358,1
-2.142016641347009,0.18874176548529709,0
0.673413213708674,1.9705612975419473,2
-1.0122830781122765,-3.820369013868847,1
-3.396177006928507,0.17845337412777387,0
4.465250691697409,-0.37273242187234223,2
-2.322496314723486,-2.3717586763704115,0
-2.4246589796629285,-1.391349208556267,0
-1.5378063364744783,-0.44836125046935627,0
1.9181009352595757,-0.08102480684747929,2
1.370398620092369,0.13776107117339212,2
1.4114925280643116,2.1175342622924913,2
0.6864475868694427,-4.210571466310794,1
2.921486335756978,-1.9233530828030405,1
0.2635521798188372,3.2678228338132227,2
-1.6597388238303903,2.8539775395211366,0
-0.5036438113362058,4.009430008763748,2
0.7498319208912854,-0.10229617324845436,2
-2.9412206682942026,-0.8030657009302814,0
-1.3510061548701122,-1.4248843329209067,0
1.803916561058433,0.3999923724120605,2
1.1025600277853698,-2.053694412734252,1
-0.8183954208938653,1.799395551878795,0
0.013768819462810937,0.07771368470032489,0
-1.4215571532504798,-0.23114746782945028,0
-1.6654263805614602,0.9693925451834908,0
-3.0305882898341054,1.5441712975532198,0
0.16269560650383869,-2.6484344377255318,1
-1.3193927572887445,-4.2269114401258,1
1.77497667367683,1.4488826778312942,2
1.720555106043764,-0.3442986497882341,2
1.1660921304464984,-3.0830326725853348,1
-0.5020904408772857,-1.079558609733357,0
-3.0664864673388066,0.7225428360522063,0
-0.5378131585275507,-3.5039393087197075,1
0.048919253062178855,-2.4525639418985583,1
-2.5283282363120576,0.5247271414314858,0
0.7660802381159545,1.077300804319011,2
2.5590656500660516,1.381090975283332,2
-3.8074464310507303,1.9182604465409192,0
-3.028488013120703,0.6891570971313401,0
2.666389400656663,1.1101595393076655,2
1.198638852820488,2.56933982610892,2
-0.12205941238892468,1.0580023993485055,2
4.599400446335363,-1.1485194963783947,1
-0.9345955920878394,-0.2967522991220351,0
1.406101289740332,2.8448578226787142,2
1.1103207050028856,0.9536772267109638,2
-2.3290459158074515,0.01174988862300746,0
-0.24521191946124637,-0.8704568101654739,0
-1.095767399871077,-1.064208992079724,0
-0.5618190258391486,-0.8613369402581126,0
-0.019154089057344392,-2.8477353758721855,1
-0.13803286536410228,0.19438806709986334,0
-1.4218215575270827,1.507486294323887,0
-0.2215021405632516,-3.6330691321207205,1
-3.57219544888613,1.4397379290178738,0
2.0903347622256834,-0.04387678121465937,2
-0.2237166983817344,-0.1766811191445168,0
1.7192145310410154,0.3385559458699805,2
1.0799454355403215,4.615193973953239,2
-2.5247725054249432,-0.18438662464512914,0
0.028846709304442615,0.6790835489945799,0
2.280396931579436,-1.6588566202155177,1
0.4539307554548534,-2.8434214690364232,1
3.2334977916657874,1.0856857197156156,2
-2.0796777407857756,0.7462796744476874,0
-0.47547216926898267,0.19567165578332038,0
1.872395138274675,1.2613747869941976,2
-0.325949535085733,-2.6842074885758054,1
0.4008991550450255,1.035528628725357,2
-1.4965401869374837,-0.5039323482413162,0
-1.788721524182502,-1.2499149234927682,0
-2.2651082593972407,0.43453919998056845,0
-1.0711887585321618,1.5015828257445105,0
1.6670392858669492,1.9452241606527647,2
-1.1514671775854868,-2.8234852657981477,1
1.3170028729134355,1.3380945989874258,2
-1.063818254521957,-1.5000361751291857,0
-1.1349787982409612,-1.2541143452373453,0
2.6645679098565758,3.4253001433248325,2
-0.9756894020072421,-3.137243658254986,1
-2.227100783840486,-1.0833413725214798,0
-2.0300868521514075,-1.2370359918279588,0
-1.2900648946502453,-1.7476541356743667,0
-1.8458695945722974,1.2262223812111643,0
-3.9774341977070375,1.0501371082030375,0
-2.548824934700969,3.059138701199785,0
-0.14379424424528864,-0.014658304391533301,0
-3.5205141629872063,2.115813713411713,0
3.814542572055241,-1.2591216958987035,1
-1.3103987692499641,0.09306224266374048,0
0.354804874506943,-3.4253574004407343,1
0.34932546435670986,1.8486436065837542,2
-1.6893950998689629,-0.1659504004100602,0
2.8787686863040576,0.1265506749751659,2
1.2282193218804422,-1.8655204132738925,1
-2.8407255977954327,0.6849207037563052,0
-1.5030947002237531,-0.6441601818283991,0
-2.4886839333057527,-0.8928561408710304,0
1.1497148003373048,2.1879537513302068,2
3.240726695820661,-2.6658808580363247,1
1.334828806841586,-3.324402285876143,1
-3.4642167042760224,0.7483359457079668,0
-1.7304442674896177,2.0713657843247226,0
2.4249207973033493,-0.994605964725857,1
-0.44483087515087477,0.2255729686890817,0
-2.2154405774185233,-0.39744189505757993,0
-0.5755082289856126,-0.585558309939568,0
-2.7579767503378005,1.983722674511142,0
-2.327065247011076,-1.6225695094510695,0
0.13754713540864716,3.2433473903527816,2
-0.6694833200503082,0.4217404167082607,0
3.2520792779721424,1.0222971932332172,2
1.202519792214664,-1.8498982098872123,1
-1.5377385962325432,1.9925358436289267,0
0.11643737427709662,1.8714283144732646,2
-1.462552833263987,-0.5384885737941817,0
-2.466384008105549,0.09345597143267201,0
1.3221967998785404,3.6045801657201566,2
0.35281353599038423,0.034600058349244955,2
-0.44975895520913695,-3.025540344840028,1
-2.4295722120214793,-0.304433612326098,0
-2.221165968397675,0.1704249276488262,0
0.3569949593454037,-3.1971106613747273,1
-2.371980893292698,-0.503049721535286,0
-2.30225795323002,1.119882784002816,0
1.5570026033346323,0.88793505675554,2
2.3964552234713645,0.47283978819920874,2
-1.9710889868242725,-1.2239380521368317,0
1.3017498405416799,-2.9423197466931366,1
-0.042059399523463555,-4.426651496074408,1
-1.0137252223483764,-2.9255160948388292,1
-0.913577714685113,2.3717522676883025,0
2.769049276437514,1.271152215842771,2
-3.6541736941698746,1.3402022286157242,0
1.2313165401775539,-0.7089928659058706,1
1.428952333373508,0.8165471614057078,2
0.4626861381156382,0.008130507932425495,2
-0.9196968418028042,-2.9582209723193413,1
-1.4206480643511152,-1.9434814796277693,0
2.7123857420858215,3.98387503707382,2
-2.096375658019282,-0.6210811626112553,0
-0.9497431803081376,-0.7715623631620477,0
-0.03838345856894186,1.477475145161232,2
0.5738860482923578,-0.026097622704726483,2
-1.2958533528088128,-1.9761091250507594,0
0.05697313166723451,3.3198601859263497,2
-2.098967914052645,-2.122985508037537,0
0.8091577151189858,-3.3205398442852783,1
-0.129575794921333,0.017769394373086396,0
-2.014649685374963,-1.0195198794841323,0
0.3295398674249888,0.14247414141569953,2
2.5634027278380995,2.7946607807972748,2
3.725369803465669,-0.8198140213024182,1
-0.33574943881792013,-3.0120553084996184,1
0.008627563467253588,0.002938468300047177,0
2.116557790100392,0.4001754136232247,2
-2.364424191001327,2.912683777897826,0
1.3036080077980783,2.545683124666848,2
4.295331427366399,-1.0539786484382032,1
-0.2402320566783432,-3.376746352812053,1
1.2651003319906944,1.7358828940216353,2
-2.5009918283610912,-0.44682331577134055,0
3.7975027143364897,1.5417896100977084,2
1.0185156051513589,-0.5272387903228778,1
0.8466979185784611,-1.4018305273653309,1
2.2355119778523207,-1.9125384230756686,1
2.8474938373788556,-2.503238170797032,1
-1.0522011840148433,-0.9605420893793795,0
2.952796348459382,0.854551891621863,2
-2.407600017443664,0.6067572173429872,0
3.545088605651723,1.070157246914886,2
-2.4766547762465922,0.7767357045490612,0
-0.10909629172187661,-1.4014171124474624,1
-0.6259553125858233,-3.7136754469346105,1
-2.7007940755248,0.3850223261072635,0
-0.2251995283782079,-1.1252581503931487,1
-2.3662969233573103,-2.574541741278404,0
4.011172087600846,-2.0788776829908957,1
-2.6842186164328,0.7999250641594485,0
-2.608015685189323,-2.169744555340015,0
2.4167583200057337,3.3996212578874028,2
1.41552705532238,2.1398792289601216,2
-0.046875978478706025,1.5742351204833507,2
-3.3503434222033612,0.8823314639128912,0
1.2955086256444077,-1.9281773347977993,1
0.2525024763250776,-1.453981514480694,1
2.4542461248108447,1.3830841397868754,2
2.630594285709462,-1.5001134186508032,1
1.488984248416618,0.8283142768972843,2
0.433162715820743,0.8380022284340354,2
-0.08600260579095842,0.4878339833750242,0
0.2948752765857339,3.2140431470421698,2
-1.2047599684913297,1.8297956375114852,0
-3.3311479097876155,1.4851391360612565,0
-0.9265467295338239,-3.0181980115629625,1
-1.073145927296129,-1.869390519193298,0
-0.49006507098108476,3.788209893096451,2
-2.6176840991730344,2.5811134407329805,0
-3.4569857953462653,2.476687813802114,0
2.0030608818864395,0.7292571463922737,2
-0.836614461400778,3.2230868498522187,2
-1.8347624802716906,-0.48750461887367547,0
-1.8717110247250124,-1.4157621126982418,0
-3.501490322751792,2.480172822165087,0
-1.2209590040856348,-1.7884779875154335,0
-2.4233066227525772,-0.22347305201396261,0
-0.24681563181422259,-0.9217819017209137,0
-0.9568838123912069,-1.377874889211069,0
-0.9214309684746941,-1.1114842545403436,0
4.608859057446843,-1.5579596086473824,1
1.8602063135525742,4.581350235406234,2
0.6161171971742339,-2.898384739160538,1
0.11019444782052211,-3.5537186975333754,1
2.333753499194401,-1.0680122191204824,1
-0.385406355010942,-0.26666168023027903,0
-2.5552865143119434,-2.076607966523663,0
-0.9154293659028254,1.8646025992361468,0
-1.389325188972613,-1.0451943387345162,0
2.722782395690149,3.149257626960923,2
1.4508020562828614,-0.04863123932255701,2
-0.7898337474106946,-3.3078214226434723,1
-1.8085799796150288,0.4141825942301906,0
-0.8756100161884396,2.2829449163163242,0
2.275438831893404,0.9625203489366907,2
0.6076953574103888,-2.3874074823229456,1
-3.4690290177267835,1.648358340120213,0
-1.4757680086185165,-0.8872411574984226,0
-3.5387420016250095,2.1343573851145194,0
3.4609186131418763,2.6919205159892217,2
2.3093471267178023,0.2546633939987673,2
-1.508904317409433,-1.3392597736968763,0
-1.4516460253346275,-1.8384440840799863,0
-1.114489152565622,-1.6366705869808433,0
-0.6691314352011752,3.6406818642614613,2
-2.53758847222723,-1.72897407374264,0
0.4990434040583657,1.9328291764279146,2
-1.5838139974876182,1.151776680263547,0
-2.1522894455064883,1.3379948470329535,0
2.4888190376194577,-2.048397481345333,1
-0.8012319076685038,0.8325851541011193,0
0.5101947565197401,0.4769311096199859,2
2.1933802143627448,0.4871778159161944,2
1.9915064523409454,2.0466414594565743,2
-2.5208741821666543,-0.5958407214988864,0
-0.07772946725431044,-1.2394915012390761,1
0.31514277960741516,2.523564947145111,2
-0.6719268200120926,-1.3593576467158635,0
0.9342102451089315,0.6316591945189755,2
-3.605503408454671,1.799736667417649,0
-1.3269675175461284,-2.103166926671607,0
-1.33183765294006,1.6534800380736947,0
-0.07444486818844825,-0.032894791956945495,0
1.3539736601083414,-3.162347623455187,1
0.6415847918418656,2.8109293406171205,2
-0.9955675107724663,-1.058843369238646,0
-1.6176493450225853,-0.15695795463993356,0
3.7268858661718354,-2.394784740270867,1
2.3294122060699025,-1.8627061012235748,1
1.4981165469442843,1.4236357157527508,2
3.543376206667419,-2.108128008466314,1
-0.461758223920414,3.1058675403722242,2
-1.106013301607949,-2.8646770498984973,1
2.312175743583266,2.6921895177922357,2
-0.4338182328940558,0.3918571916117223,0
2.4425642860146493,-1.9984953882853362,1
1.531440186728377,0.08614111870247936,2
-0.3138768082567473,0.3249375239115411,0
-1.668067026266356,2.4552236009496458,0
0.8568855132044704,4.620183283220654,2
3.3034031495402596,-2.7375447370446095,1
2.113787863611916,1.5011676050325473,2
-0.3631613855271736,1.022465470981421,0
1.3872779016114325,3.53828003353164,2
0.6755311476965229,2.1971698401010706,2
0.8365844554008738,-1.0972929613209284,1
-1.5697362090723361,-0.8233372688748968,0
0.2859097110706379,-1.4781925232136244,1
-1.2161651934613396,-1.9619742136328402,0
1.6588904517630723,0.4924588026536115,2
0.21782299454844897,-1.0145086411457112,1
-0.8671537835249122,0.08013102651926848,0
0.1926421613789474,-0.665128199790988,1
-1.537101437619919,0.9725340382943426,0
1.5264957816795384,-0.26866331650153846,2
0.2360706604982177,-2.466685611572279,1
-2.12357382075659,2.5325174399609285,0
1.0848397657141828,1.075134670926961,2
1.7290849715684806,0.740770320974204,2
2.8446523600879132,1.801894295151321,2
-0.5039233466075709,1.1960906635400184,0
1.7910144129356187,0.8727274329059056,2
-2.1841211235568743,-1.1073384812844587,0
1.0474083086305206,0.20159096209976946,2
3.6220500629732557,0.686908808265455,2
1.1240178538797054,2.521029673389194,2
-2.2045680695390453,-0.3753061250823427,0
2.3873601888447373,2.044000526742456,2
2.835459124392854,1.4142652366128574,2
-0.1628130158863504,0.894357123559284,0
-1.7965854600214715,2.177611248912063,0
4.351772363436943,-0.9231238799167297,1
2.0408799342808495,-2.1398393120323913,1
0.5700487799521775,-2.463232866958962,1
-1.234493659399138,0.5342960452397132,0
0.44910326857936456,-2.3428514949283388,1
-0.31935422854207596,2.2485802541485516,2
1.9071051839745403,-2.64138540519838,1
0.6277700979969163,-0.9847333648246522,1
3.521946630510353,1.8717467539718076,2
2.2880017367791394,1.025923962496302,2
1.0489296804599746,1.008267935846569,2
-0.04018294999590334,1.023271403285592,2
1.0207745360700777,1.1941286194814575,2
0.7370269260789634,-0.9346884490300028,1
2.3268415356730476,2.7607437561525727,2
1.0376851981044188,0.46750589416359745,2
-0.7584388405376437,-4.116759285085106,1
-0.8288970831119115,2.9864202862603126,2
0.5447167026828609,2.261863210606366,2
2.5710407350834896,1.4998825666010522,2
-1.529022356100875,-0.7643564873325758,0
1.0433117807266667,-3.204538889903962,1
0.1275069907156812,2.047416380979579,2
-0.020258054448437715,0.7972357223649275,0
2.4865882388620393,1.684742982526433,2
-0.15489781068614075,0.035655501009764536,0
1.1512781823329168,0.47975433353694547,2
1.2084417429311265,1.348966634309833,2
-1.1546542335066925,-4.201324342252302,1
2.7786537663270736,-2.009097102232536,1
0.4416084211076458,-2.7421655290096356,1
0.6805076802153333,-0.8172415208379259,1
-1.0124900943091555,-2.9373048788162732,1
0.5414269441311108,-2.9881478852590835,1
0.23230105804989956,1.4932270592230128,2
1.2785316619165366,-2.8414791302889215,1
2.8950565745524757,2.0507677590621407,2
-0.06367145308896609,-0.8313444083838419,1
-3.2671316655342184,0.9088420822233892,0
1.155376528959687,1.3093536513181783,2
-1.7145754473468817,-0.023804834140173575,0
-3.249628565730393,1.6587230566293572,0
-3.6055502990754706,0.48525034396023553,0
-1.9851831894383833,-0.3840225246586375,0
-2.3689365195227827,-1.2322331246106197,0
-0.05566759885198257,1.685787068124155,2
3.4394258182285102,-0.9898311412331096,1
-1.2085194143862406,-1.1764095303950097,0
0.43735327925866513,4.45282844342155,2
2.2287445633314102,1.4326972304454801,2
-0.9714950093196809,1.9053610444188327,0
1.7136969867939742,0.8909479116664547,2
-2.688750496174804,0.08205987794252216,0
-1.911538144983362,-1.2062029616525252,0
-1.384058309658815,0.8024642638860814,0
1.3939201581034228,0.8474401928809538,2
0.5317245894050638,0.6883386990818462,2
3.5907993349586342,-1.4529188563981856,1
-1.6522834489892122,2.79652555420682,0
-2.0318449883776504,1.7461991986770637,0
2.8860988608245504,-1.5981435355453404,1
-2.1354845488692336,-0.9630336392474775,0
0.5386400616702574,-0.3167418333840902,1
0.5043516685160156,-3.5030575526655463,1
-3.2338805445502397,2.2441138384973733,0
-1.5521339398361558,0.8850691979129421,0
4.696285998838347,1.1538950546726712,2
-0.038439963711710955,-1.1328616907767841,1
-0.6812270851323144,-3.308572827570613,1
-2.726062257938446,1.2743720308065136,0
-1.3676903046856417,1.4793564738770604,0
-2.231580511138032,-1.923462915586187,0
-1.3670923079006132,-2.229754998619113,0
2.830124865114602,-2.7498361585602087,1
3.826384237837284,-2.4568601086778292,1
2.6286542825772488,3.2832728793267982,2
-0.4279555684823862,-4.075285239855942,1
3.9208535400890447,2.0643885350095634,2
-2.235795293238211,-0.24908027653953688,0
-3.3957868459464886,0.7851324162622512,0
-1.471384634233299,-1.3073613327982818,0
2.9121067550214135,3.001059074721504,2
0.6352621492092955,4.151307111304302,2
2.1569160092157853,3.2742245148398563,2
-3.1487122398712644,1.5385369197334773,0
0.6385674533968091,0.5390851966004963,2
-1.9055672161915813,3.144305624477318,0
-0.23543416882132615,-3.6852025231534156,1
-0.7701285264144463,-3.5350627259549263,1
1.7994297157554975,-0.4586437247574334,1
1.0941426955332407,0.4273964644279093,2
-0.7530781975824102,2.6418237523424457,2
0.9480033448040873,-2.0493003179769147,1
-2.009404708862865,1.8454628085253872,0
3.199658953739808,1.0164569274474349,2
0.13301737998712093,3.8095781067135284,2
-0.3046213146924049,-2.3596337552220854,1
0.16216588303091073,0.47040167621919277,2
-1.0944384130261877,0.41908235276869926,0
1.3538775186255183,-2.623462817479514,1
-1.6966877869599166,-1.2194835060293432,0
0.368357375596632,-0.02683817804710797,2
-1.5489842074549771,-0.7401641190168444,0
1.4891095953765363,3.3348960776333345,2
0.57779364542795,-0.6473519596437984,1
1.671285943804588,3.809377753756665,2
-2.697136715598435,0.9601845912571226,0
0.5065821976930719,0.11570103638496043,2
2.8265268572203923,1.2014181572421336,2
-0.8997463551663831,0.3560899329470132,0
-2.8003332369062055,-0.7930638347925466,0
2.180669955506372,-2.891193714846129,1
-1.1986686094014998,-0.8551134762483579,0
-0.6280346430293223,-1.7516712396226648,1
3.102335031150572,0.18092185241032335,2
-0.0996063870151548,1.8287142346895786,2
-1.5968804532691077,1.4805801218641526,0
-1.4216252640503215,-1.264999512078788,0
-2.586165759262826,0.486263865788505,0
-1.35818420365944,-2.0681891177828073,0
-0.9878216074902136,-0.8145622893465833,0
-1.461302619228389,1.1316989883877124,0
-3.994490085613461,1.4847099157425672,0
4.272351149501219,-2.2390327077998027,1
-0.044731694475734565,1.0529079125658902,2
-1.7294874575056702,0.8035443995396241,0
2.104734949158382,-0.4670436818917996,1
-3.207714122543524,-0.8605674092090623,0
0.709108009660873,2.4207076243438186,2
1.286551968113577,-0.17323799337584,2
3.969347090895353,0.6516537404078661,2
-2.2384908636775744,0.3231425954558015,0
0.5948139334521341,-3.899730516659005,1
-3.567391060726539,1.3654861488332932,0
0.42356217813787894,-3.7043411189103836,1
3.1619908853194256,-1.4565465144091332,1
2.941134950921904,-2.5006349005036848,1
1.0692569542199863,4.1327694127657475,2
-1.6018315743656704,-1.2664255483397076,0
1.5853177285165214,1.0472913412816793,2
-2.622164850430224,-1.525097376333413,0
4.522414801642608,-1.1069700383090988,1
-2.3980358892001434,-1.744645735639396,0
3.021981578282375,-1.890832486422902,1
-1.7042660830173497,-1.3842858634230155,0
-3.9744189520105833,2.087447761093587,0
1.5438236544322963,0.9815464164650047,2
4.019307430268607,-0.3888492956410328,2
1.7469618679515688,0.22458636623154082,2
-1.41930777993147,-1.6771802590392295,0
-0.3118376977230605,0.17799297220224436,0
0.1960591759342299,-2.9003529723785504,1
-0.7219308781821205,3.884551712118241,2
-3.130612105124327,1.1801075333344502,0
2.979574468400566,1.904078655416519,2
-0.6975697685984985,-0.9251253582809689,0
-0.5333886351825285,0.13226848193271867,0
0.7383844890484839,-0.5392951082557516,1
1.0436092793665521,3.6690351657554516,2
-1.8283579200987103,-0.7359140688533594,0
-3.255881756374823,1.428650266666249,0
-1.0163970744414148,-3.4115398253625595,1
1.1918760609392764,-3.6823673816353404,1
-0.5507076814573941,-3.750294400907167,1
0.5596830667506084,1.9916148717260558,2
-0.9384113270894406,-3.208470409965373,1
4.158379944113012,-1.164095171239219,1
2.3025452040169254,2.5102209926928833,2
2.7548910501664388,3.028151804274529,2
-1.6720951749341981,-1.66257213380008,0
2.48819416107202,1.39371247690904,2
2.6708019967699532,3.1278689747613866,2
-1.10371939557603,-1.6131617135413914,0
3.149321583928189,0.40001619394028554,2
-2.025439903310584,-0.4404254305908191,0
-1.958581873956561,-0.6301338831402397,0
-0.11538526274488448,-1.2797455465239722,1
-3.148257508818321,0.9140218492707385,0
2.2551845008787788,1.7741890608133437,2
-3.588865699302521,1.3341229617310513,0
-1.097682024069541,1.6597868360106536,0
-0.9847060495066803,3.535367372025129,2
2.0376103470285374,-0.3710994509902015,2
-1.818331721189221,-1.6756283564032015,0
0.92805594180291,0.5372533651212964,2
-0.30371549077918164,-2.2664841828830973,1
2.042974855686695,0.8444322314364148,2
2.3190546626912596,3.1582464715523093,2
0.24634141992935688,-1.4829075344800633,1
-3.283675502689967,0.40859455735812117,0
-0.5932501605930378,1.3198491828017138,0
-1.3399407110353359,-2.317325873494009,1
-0.3330386801573798,-3.986276237771089,1
-1.1290360021397083,-1.1343460886026937,0
-2.1923601668630974,2.598604023442128,0
-1.5198762035348627,-1.2786140164582154,0
0.4132865815823569,-1.1048577766130743,1
-0.48999499351649434,1.195222925977804,0
1.737007879832918,-0.15098940184937665,2
1.5126410566492106,2.591163775902265,2
-1.4296398852549732,-0.19838391209729264,0
-1.7248918816529824,2.8241927705033194,0
-2.8749339927418607,0.20457530093649878,0
-0.018908044522972723,0.3917749081669915,0
2.168108251293501,2.2182751243187244,2
1.2899161630998977,-0.31987263420040285,1
-0.8213023905544642,0.5079012713754196,0
3.9396061730314944,1.251490398193088,2
1.7332269371992977,0.7477918274142139,2
-0.8756987326660438,-0.3068324141792174,0
1.701347312272337,0.7715651981686786,2
-1.4794676160489693,-0.8874368315712287,0
0.6281652113211694,0.3751532106634562,2
0.3763923060931909,-2.9694365889333105,1
-3.196165250007844,2.421193632765904,0
1.4531322122356773,1.6402012304788411,2
1.702505381458697,-0.43201248826026106,1
-1.402792943484693,-3.2831392347903896,1
-1.4753812984018873,-0.14067594922414955,0
-0.5105159501266842,1.0131474182497258,0
1.984203868145003,0.003695268603795261,2
-0.11152583585673934,-3.603164864394775,1
1.0875300381374053,1.5489451031400614,2
4.324024539720433,-1.8934064919688027,1
-1.273957756979435,2.200006347147658,0
-1.3263367886438282,-1.5505899359010558,0
-2.0997503290391344,-0.63356617505538,0
-2.032098404809727,-1.8646564804440295,0
-3.1238663664596946,0.6678648032109714,0
0.6421927429255808,1.2731524945011161,2
-2.4994459389801325,-2.4288712497740246,0
-2.323557340540892,-1.3951607250079894,0
-0.6395386192322859,2.6605218569719544,2
4.608540100073428,-0.6539162164517471,2
-1.1625805942126057,-3.590641516449575,1
0.4182625446347044,0.5412325367207077,2
0.46063342390598605,-1.402857728556139,1
-0.9939945644147377,3.3224932197697883,2
4.0839233990803,-1.3609895334365512,1
-1.5397183100548824,-2.083582009749826,0
-0.6554173305661847,-0.20123501736420987,0
1.503569706979107,0.36718777165781796,2
2.121510280763485,1.983967664684811,2
-0.8247129553964199,0.14516875145382793,0
-2.9622535930045175,1.4468181814495236,0
-2.098054216726204,-1.916891706324704,0
-0.037505237378498764,2.4811289545836233,2
1.3447494931700037,3.90734335351372,2
0.13082121005454098,0.2574667120497629,0
-2.0218371217152673,-0.5870510795412761,0
-0.15283644148950112,-3.402141816936907,1
0.22861687972850087,-0.31083822134408856,0
1.5751939813943643,0.7392741465145033,2
3.7016659412697828,-1.657364943171378,1
3.0070028434484373,-1.9928218757775389,1
-1.7168341737121793,0.6007702986185766,0
5.206880621010624,-0.9215889085238789,1
1.7114256948154996,0.2355875293638406,2
-1.53090530128139,1.0616692956887737,0
-0.5135416854622741,2.8174904428057146,2
-0.7638734111933967,1.335900310152565,0
2.4967391633752207,-2.6575907393173974,1
4.199231077069966,-0.5003443633938408,2
-1.892426477752199,-1.0880118405169732,0
2.717203339092729,-2.107778108980488,1
0.13658145164842075,-0.9844787029096588,1
3.7856756534095015,0.9523811424821493,2
-2.4541253636404328,0.6767394158966652,0
1.9117279253301942,1.790304462556202,2
-0.39879003907974814,-3.9277402150367924,1
-0.8028280206089811,-2.820499043171285,1
-1.8089822875060304,-1.2032363139269284,0
-0.16038074333852437,1.34494977535422,2
2.872632067078322,1.6077680128527245,2
-2.1425164208295704,-0.35244407983898535,0
-1.5634873351562517,0.7829879067946836,0
-2.476987738121239,0.7199510818560615,0
0.546637155412083,-1.8544363600744596,1
-0.5386655434425054,-2.5971301316677926,1
4.4154211024352366,-2.2137937053239143,1
0.21944077957666158,-0.6518304486814736,1
2.1711163343233757,0.1924638987005227,2
0.9640344619730016,2.2549497829249296,2
1.6762446349140163,-0.09032612388608757,2
2.6826214869786327,0.4870450314731722,2
2.8219042495556073,1.4308159777560747,2
-0.3581900304899116,-3.0300229303297668,1
3.0057626891383675,1.389641591772057,2
0.36045799328069705,-2.852558402880211,1
-1.514800403836435,-0.26411063329495327,0
-2.233742759303405,1.115499759698055,0
-2.851124277420221,0.429675847857089,0
-0.2297445085613966,-0.026887080206618844,0
1.0118858762891318,1.9545271938405622,2
-0.9061829654831197,-1.8582614869795235,1
-1.6464259007646724,-1.1594272002619919,0
4.4921360386842855,-2.3011683630410364,1
1.596491916904289,-2.643253030441653,1
-3.714828214811964,1.74683445783261,0
1.0598398550503534,3.8836102993243116,2
4.194189413270501,-0.9438933461712214,1
-3.76827326667448,1.58757802304296,0
-0.3910070882641913,0.5364458047427102,0
3.6044147080194264,-1.310451472398188,1
-3.332124071182492,2.007574025115508,0
-0.45590323479211015,-0.35927688974032274,0
-3.5526801088693323,0.9608217173112975,0
3.1227920662280293,-1.27414002150755,1
-1.513817340815196,-1.2889649018541933,0
0.4358748448536626,0.2936883305753335,2
-2.8617711687448404,-0.5206033915039833,0
-4.026832669877753,1.553796390081972,0
-2.683849258696512,1.5662352294682325,0
-2.9570871895669573,-1.1422622035626342,0
3.3666623639812228,0.8760632372686373,2
4.363898638959618,-1.877774183858215,1
1.5969961098296535,1.263128587176833,2
1.956513342555028,-3.1009157127101448,1
-1.967816964378997,-1.9786886730218491,0
-0.16234901190837747,-3.791881599426138,1
-0.4396113882001406,-1.7993759311251172,1
0.42943585780225196,0.5649712934708971,2
-0.6650364090058842,-3.745291346740759,1
3.2516491729641497,1.198431852299507,2
2.8596244672611837,0.16565432735243835,2
1.5128823670544551,4.707503382543416,2
-0.26365351100089174,-0.3545431798431548,0
0.2022781930148702,-0.11216250351344446,0
-0.6653579924666612,-2.4770289811650406,1
1.784111642145142,-1.7842129361073205,1
3.918037764320712,-1.777673926429705,1
-3.2362883358716252,1.6430528000470415,0
-2.008072444258724,-0.36664269219121026,0
-2.22596783502764,-0.005567543661159683,0
2.3698582072721077,3.24770732711864,2
-1.957165566427742,-0.6186324331198221,0
0.37693512463014756,0.7462207035475193,2
-1.7713790920977581,-1.3233871001278517,0
2.9137600469846325,1.553982327541803,2
0.0065938657552033295,-1.0555779911653327,1
-2.9710256090152023,-1.2583974232412327,0
1.109709426793199,3.280356177987316,2
1.4635935412685974,-0.032592126799554616,2
0.082439495489425,-0.03358377123529445,0
1.5578413458870801,0.6598373668709494,2
-3.2896049299580867,0.9346198962099715,0
2.4740799772533513,1.9665169274792398,2
-1.8955337475046432,-0.7157168617444382,0
-0.6574013990548955,-3.878912127297353,1
-2.5840163350403196,0.7767098893188228,0
-0.46780142062941565,-1.346292623343315,1
0.5558762527217525,-1.0823814682415465,1
-0.3410203098141002,-0.45433934767514256,0
0.2655997547646421,-1.3074203774572768,1
-1.492384222181925,-1.5617417939864717,0
-2.106016322897507,-1.6383676110782233,0
1.9144719928835847,0.7345099156737054,2
1.5215290932847263,1.0314380656591275,2
-0.6295865198073282,-3.1079376942545,1
-0.059780641847317094,0.6907763844307417,0
-0.7659205992498007,0.49380700681495726,0
1.774236744055504,1.2965439406769146,2
2.81264463136794,1.9594474205648622,2
-2.048154351662121,-1.4362664327065493,0
0.423709730564426,2.8530003729318154,2
-0.33855457348380963,-0.43570002860662355,0
-2.320095633357395,-0.9393840691368724,0
0.3286024426397923,-2.645740295908015,1
-0.036100777262449237,1.9619760134241018,2
1.3785994317219277,0.8031441300612394,2
2.8187299258031233,-1.210856422976372,1
5.281659644360485,-0.9129738943040638,1
-1.2373118263079403,2.630877173414622,0
0.9981323870117982,-2.008413886304052,1
0.8385098598980555,-2.4187370646928783,1
-0.977596633595656,-2.73176443813877,1
0.17208317035442813,0.13536160320781038,0
0.5193162803819943,2.684291395868743,2
-1.7510746049411288,-0.6538538345721722,0
1.7248161170441092,4.007154943549624,2
1.7436538633798018,0.37458713340482425,2
1.007172952612437,0.45499783789444775,2
2.5362493300479234,1.434251962168623,2
-0.18695795022182204,-0.6590577688205062,0
-1.1697497774148573,-3.056364776353844,1
2.7894686893888685,0.36882476149073806,2
1.8556395434130195,2.8656780968338045,2
-2.123319532751645,-1.4606688871260267,0
-2.430513984581043,-0.21477960246519714,0
-3.0283621055582164,0.2806891176330971,0
-1.202047106113199,-3.1485617108672135,1
3.301233303334925,0.26713096968334166,2
-1.1662925147523426,-2.998636940589529,1
1.4492031661680809,-0.47225732923211844,1
1.006016000300268,4.609195216753275,2
4.473314338904899,-2.1511525852680276,1
-1.3974382649948511,-0.7865153359072644,0
0.06696884833056917,1.9831621125299297,2
2.713042358808134,2.1460557876833737,2
-2.1527766053083655,-1.4500533301184118,0
-1.0915482594448285,-1.7637039902570641,0
2.8016355311301995,1.7009789546193854,2
0.18967383357845458,-1.3062367626754992,1
1.2208814878203682,-3.131188075486626,1
0.9389344478427193,3.8124406799639377,2
1.0282176185741725,3.9127715443790976,2
-0.19804677555506886,-0.5958449595704198,0
0.6523195461066095,0.5361308161749668,2
-1.7091522210189392,-1.3688524127524053,0
-0.826085731552955,-1.3680600022850418,0
0.7727704388219073,-2.991623593221478,1
-1.407602098540335,-0.5129256455480975,0
4.201608984116265,-1.5192767584969762,1
-2.7946164844393966,1.4178871204743895,0
1.2214269191464515,-2.7615206626491853,1
0.50891278093985,0.7757208784350277,2
-0.20009343256747605,2.2922466441422173,2
1.6258057443899512,-2.7254343085229302,1
-0.24967849790435048,-0.19098430575468406,0
1.49726634299359,1.2267658439394882,2
-1.2121442709931305,-0.8501646173467335,0
2.4650365258233267,-1.9621426243801532,1
3.199081419350524,2.2571916731951642,2
-1.3872159999752471,-2.2035760590965503,0
3.6303229941175386,-1.528838689712768,1
1.725799780283126,1.3157927471384787,2
-0.9996608734296121,0.3772651074667228,0
-0.5017707095043044,-0.47623540139350073,0
4.7967214573951145,-1.5755119949966732,1
-3.5178404447946594,1.198882198304177,0
-0.8784786086299885,0.5931461717208142,0
2.3780652824245445,-2.113587862011122,1
2.4968049520237097,-1.3035495659918885,1
-0.5740791793197403,-1.1203574963477008,0
-1.8279331224030952,0.0538335109922485,0
-0.2302734729777452,0.2939693214205597,0
-0.3320838296060747,0.2332870238169116,0
-1.098629037109,-0.8875460408119965,0
-2.8391612267442747,-1.3573028144385721,0
0.029209819049119463,-0.7744025551712754,1
-0.20647092207403528,0.01473437043328131,0
3.510965829490988,1.4626928866749824,2
-2.5489156664237873,-1.5141168202123074,0
1.7372378485286866,4.086509090171955,2
2.958687906703017,1.742390743454777,2
-1.2580314102366557,2.221984658167316,0
-0.4595370890647558,-4.557770678450074,1
1.3057742398585244,3.1776793635779983,2
-2.085535909237683,-3.753578145054147,1
-0.43105280267886364,-0.011341432007297807,0
-0.8507083306185311,-1.0405209644897813,0
2.623177688117653,2.341701220778937,2
0.23730561701959324,0.10493302373314807,0
-0.4875818565957424,-2.4116358530444333,1
3.0455272099126427,1.4123484723981332,2
2.5347232998565548,0.4828391545690854,2
-0.2685298093640713,1.9074726876467651,2
0.8325832859345722,-3.148145210880441,1
0.5109297830842521,3.612702507374041,2
0.6049715317983373,-0.18566241815756532,2
-0.013455957336708504,-3.4196483430131503,1
-2.2218613142061474,2.183173292740869,0
0.13312821866092797,-4.016407457457679,1
1.748101690206181,-2.8015139992066156,1
1.027813448546495,0.8929955543892278,2
-1.2231054239604204,-1.7979632519945539,0
-1.7766017084498578,0.9634746605495922,0
-0.42920452868750875,-0.8467395518315987,0
2.548567981901245,0.2435722380909052,2
1.503031007950648,0.6418979555374665,2
-1.9542658934419426,-1.3307467420318253,0
0.2947792835907444,-3.715221389690575,1
1.614601896132256,0.07586587493966097,2
1.1192719866005043,-0.9002514430342237,1
-0.9471876185568141,0.24106658721953134,0
-1.665991330820297,2.6163674889432866,0
0.10467966637711318,-0.1793729391320157,0
-1.8060854511647635,0.9982605546215195,0
2.261787880368555,2.995185037364103,2
1.699046119148255,4.651561107092164,2
-1.7884845945549581,-0.8825439642267363,0
-0.9251152968636249,0.23854261741256383,0
-1.357346638239319,-0.6306915185125227,0
-1.7946838301406336,-1.1221215271603278,0
0.6561379657050805,-1.9955396153843419,1
-0.051650358672804486,0.5445746344984992,0
1.6330440177322019,0.493941980656431,2
-2.693594238609722,-0.6195489497753544,0
-2.1548017022024584,-0.6004734234484627,0
-1.926004326554842,-0.4458217227852629,0
1.4754421583606219,0.6004817098480238,2
2.6480063148741313,1.3498142714331822,2
-0.6065539224397319,-0.736554669671133,0
-0.34499535490356587,1.1729376672100096,0
-0.38993220188767885,-3.4320377082772033,1
1.9619742317307454,-3.0498365885618304,1
-0.09184146666436699,-1.2075114937047142,1
-1.9339517451939865,-1.044242647552428,0
-0.3010076729550625,2.4341353477097747,2
-0.6379226551452647,-1.1318115186166398,0
2.2327082810197494,-1.4594260429250736,1
1.7976676479928526,-2.489367731282406,1
3.4679614051886856,0.9906793390735198,2
-1.6911084437503914,-1.1688408823983019,0
-2.4058410069697618,0.9543543937143951,0
4.006709952582757,-1.2027909284344456,1
0.5455582118640879,-2.7437901807825575,1
-0.017319764292318334,2.055890991249975,2
0.12253055783591867,0.8522607506717399,2
-0.33761868389360555,-0.43325732014965135,0
0.9324601941820172,-2.735313302603511,1
1.3008249628744093,1.1063929767660878,2
-1.273594921895499,-0.7049221792773205,0
2.819260728031518,1.7464851734883782,2
-0.27950127757538984,1.1186792465093232,0
2.0693702021852522,-3.295914199356463,1
2.4738649560469983,-2.5174401703688183,1
1.7756097719429789,3.4348248072778356,2
0.024425861090418194,4.195393574322386,2
-1.841339307197673,-1.1610639642502971,0
0.29691416262303805,0.9869689163036003,2
1.2827617966582554,-2.247804922614861,1
3.3633826240743536,1.9605199527087276,2
-1.6692292809194484,0.5986262586197758,0
-0.07645719152440686,-0.8227155772289906,1
-1.7456502310096722,3.1077748600340587,0
-0.46652188565709585,1.4760383123310197,0
-0.47755516326924397,-3.5477934217483154,1
-1.100989889852844,-1.112613893215149,0
3.214588994238107,-1.577621257970582,1
-2.0972170484628254,0.5343657731191519,0
-3.692100117714935,1.529658147869331,0
1.4055969431697568,2.4682784967097238,2
3.0641868161900687,3.2933883378756237,2
-1.036666676926484,3.604247044330168,2
-0.32904235545755384,-0.43001859339890947,0
-0.38894077419784084,0.1742758174122955,0
2.3154137902897496,1.3582018427045326,2
-2.0384098969885707,-0.7146479194021639,0
-0.9402383835133044,1.9314015602904655,0
-0.9770933610759743,-0.6580152945979036,0
-0.2230178111266808,3.970709256411956,2
-2.3035373830762516,2.7260001157362814,0
2.5955570494582023,1.211731493573703,2
-0.29316698526018775,-0.32677447680273675,0
1.8816902679962741,0.5820104037330938,2
0.7209974309193595,-1.2176864380131696,1
-0.34257038071253004,-0.5689421023168155,0
1.1610926032664832,-1.7391145376957722,1
1.2417101580041998,0.7685046819524384,2
0.366473623492913,0.5067141085589723,2
-2.9556157708579422,-0.9230336565651338,0
1.5995076672471205,3.789835017611428,2
-1.0307626018969693,-2.8475743966248057,1
2.6309090833980755,3.5692617148840227,2
1.697266836849391,-0.07644680068427415,2
1.8465695118552026,0.945534286686714,2
-1.4609928828279677,-2.1977310601994717,0
-0.0305998153450928,0.7278320542219557,0
-2.0557334094828037,2.105342212197885,0
-0.8662436465925498,0.23900892209333685,0
-2.4732379205255657,-0.7127395175965069,0
1.171874765711271,-3.1731639909852483,1
-1.5748746511051825,-0.27889402281373316,0
-1.6481569470436819,-2.1677251708773144,0
-3.385549252668566,-1.3448782241021642,0
0.5465356271273606,2.5617430520108835,2
1.1300001457740714,2.1824414531174208,2
2.84889819833808,1.22461863295215,2
-0.9001056670130918,-1.6773884878273113,0
0.28248283536615093,3.943836742544473,2
-1.5162708036511716,0.6805762628785464,0
1.920989862433931,-2.014024005959168,1
0.04459673383512141,0.06698840858293086,0
-0.4677996590414426,4.1714149498200905,2
-2.33820005267479,-1.361691446227232,0
-2.5200700729670467,1.1437958399448955,0
-1.587217928540087,-0.7491901775594395,0
-2.9284184267526205,0.5447912634005487,0
-1.8497057819620328,-0.117232874838119,0
-0.3897525630110652,-0.8311776560759808,0
1.794824738844013,-0.5610863171189087,1
-2.299008506237048,-0.4849215232429292,0
0.7853292505018948,3.324529630083848,2
-2.941124855554234,0.5105923964183167,0
-0.9550077797000339,-3.900124836071051,1
3.4985805527154814,-0.8038243673591345,1
0.49577529028461526,2.6075183335692165,2
-1.4849129109598938,2.9276712265675746,0
-0.9125715301351848,-1.0629509948887643,0
2.666485211101528,0.8223216534662594,2
2.8050657543837265,1.8284678503910998,2
-0.043853420317327536,-0.5715071756921867,0
5.24239188273934,-0.25238468685521004,2
-1.0079354086257521,-1.4719171638996396,0
1.6346863831454597,-2.8078276296116873,1
3.5875551141097604,2.301537644258931,2
-0.20036900336602123,0.1245172223245769,0
1.5880276158629811,-3.289520711146246,1
-2.245857478721162,0.7158499650130546,0
-2.555888461931288,1.6117035569962415,0
0.5320409239159746,-2.761564558186277,1
0.6659467253898089,-1.9394712265408547,1
-3.679448787706868,1.8172730343393826,0
-1.77199264533672,-1.0281505254339853,0
-1.055210305259492,-1.150251728869886,0
3.8406423848732434,-2.089340319361999,1
-0.2913242121855024,-0.40019587164904524,0
2.0269905608573717,1.417014138947528,2
0.755024322844926,-2.52140349911012,1
2.4428071243253497,-2.4528775569737733,1
3.3842180010069542,-2.3297099619215422,1
-1.2295849522810716,-0.3773295488138003,0
-2.029598784604178,1.8065715143080914,0
-0.1754871146425143,-1.1975439394904812,1
1.091459581440035,-2.7193995781370743,1
-1.8458557024702014,-1.5386220485572248,0
-2.1368171209543383,0.017668970306714653,0
1.4464868085806806,-3.403926600483347,1
-3.352113906780741,0.32343267549820665,0
3.8912946781098467,1.9002641439276733,2
2.2213520743439883,0.7457824372435027,2
-0.1893514734318283,-0.3776273194253488,0
3.0628101668154897,0.7495006644625676,2
2.548800370624783,-2.271498588215399,1
-2.2781798402224847,0.388326580729724,0
-1.2627500925402644,3.409620487586129,0
-3.6675711515896863,1.6937706842003195,0
0.3437661194346254,2.704484175509678,2
-3.133042763607168,-0.10796145321785541,0
1.845913212950453,1.6701386415477402,2
-0.05014387781611842,-0.6897752006511503,0
-1.444516098119966,-1.473458803851358,0
0.15285378511476824,3.5603482544880705,2
1.199143743729992,3.8606666265745777,2
3.55415292880362,1.9204378216594837,2
-1.2701088726800893,3.223256967499717,0
2.1191004896399837,-0.27465561857796333,2
-1.2012055096093064,1.5380572654350628,0
-0.9896100686156644,-0.09166605691283078,0
-2.1010880259861606,0.8601733502633165,0
-3.9633705301299593,1.6407729629122259,0
-0.3044116905784124,-0.12832317424126177,0
0.17966145575757525,-0.46112657963304843,0
-0.9279256261003673,-2.528232754822292,1
-3.078978768010285,2.173386364533782,0
3.4041313713547097,-1.8826697464485942,1
-1.6216532132537658,-0.4926367245771838,0
-1.3122040978134033,-2.9840903917987815,1
0.2708381737106747,-0.49518825102939823,1
-1.4141756850427423,-1.9903067097481224,0
1.726824329159251,4.099132222134242,2
1.6788299861482432,1.6694203309924975,2
0.3510963979740446,-0.12228316503959662,0
-1.3895502227713965,-3.46746533187343,1
2.164969032537764,-3.095947483881147,1
1.4606843697315304,0.5420073024664718,2
2.5128268336708097,1.084582940821687,2
2.3829897009454637,-2.9857159486470577,1
-0.5643462434523618,3.7452465045523597,2
-1.5743946596717016,-0.7487355208227172,0
-1.3710047008126625,2.6924647178544316,0
-2.379536092407946,2.1257825070290006,0
-3.7849208830105385,1.320879526960131,0
-1.029347588134267,0.2348781354464452,0
-3.149449800278072,2.2907783553548398,0
1.2377216911644033,0.18482512038667498,2
1.0893678915954574,2.951159363150126,2
0.0019156882935733174,-0.5379938999493866,0
-0.5510555891894209,-1.5469066604234678,1
0.060631080127610676,-3.974366758406637,1
0.24770897752761906,-2.680171541935513,1
-1.160195505464142,1.3764738356316748,0
0.7183748181546966,-1.8482185749710547,1
0.629064059044832,-3.8275599458395604,1
1.6853278631726891,-1.7842139169990148,1
-2.878113077430998,-2.0717298523867576,0
1.9576265052759105,0.9312329567714387,2
4.418355353015834,-1.0737127515868072,1
-2.127577590292906,-1.6671463515015255,0
0.9058743779741484,-3.4679569261400847,1
-0.9974816815383957,-1.134843891356538,0
2.0997830319525614,0.32339448780939783,2
-2.3539179336810085,1.6931656680242635,0
1.8256132364639213,-0.5301986131668384,1
-0.9628480651067474,-1.1077381175659917,0
-1.568857170274001,1.8091779176660532,0
2.6158347080731987,1.1769723159995398,2
2.7141553653875516,2.0309974536106252,2
2.4750514290101333,-0.32828777332583314,2
1.389110246842985,3.807524419527475,2
-3.5984239348078364,1.914771434939744,0
-1.3950809475650872,0.03339727986685489,0
-0.5987676421628916,-0.6916674892983172,0
-2.621362168296147,2.708212651805452,0
3.090082196698137,-1.1218606935685653,1
-2.6999685136940847,0.5318595759279399,0
-1.0228647869498046,-0.3938801794580052,0
0.8831391732837259,0.5481368197444741,2
-0.016791944438057687,-0.029572238687955433,0
-0.7688865709705569,-4.240184642749449,1
3.164598462653225,0.3397546204005633,2
0.30145295719252996,-0.181959571196141,0
0.5415818452635299,0.6467042297178751,2
1.0645971227055127,1.9129525722303007,2
-0.3294461697792052,-0.8768642382420462,0
0.09663731752255429,-0.4630033647790083,0
-1.233913677793878,0.9361305585978917,0
-0.38278652917888356,3.094530031985379,2
-1.662844306470726,1.5649178823613936,0
2.1569737971909007,1.0675215714344914,2
-2.05388315991116,0.011645436886152877,0
1.6371073962086864,-0.1579875273933615,2
-1.6475330933652372,-1.125049491422665,0
-1.8962940035648885,2.973888490303649,0
2.0343480813012706,3.004678910007305,2
1.7688816092309065,1.5534594802105688,2
-0.07931322593095005,-0.08026935463255841,0
-0.5592071896280735,0.348283336386516,0
0.11919161234670309,0.1948360962543446,0
-2.7515900154583774,1.503711737376383,0
-0.49013643364349324,-4.190180300950236,1
2.0568012793025,-2.0183102218389966,1
3.1823250286354567,1.6873714408640381,2
-0.09897030040906389,0.67002423253301,0
2.501040100898109,1.1554318614742778,2
1.4347536559723897,-0.46724232464752974,1
4.613477243303427,-0.7137753042098739,2
2.4833395929245836,1.1874146453346044,2
-0.586523623984487,-0.38549825845495184,0
-2.1423995518264083,1.00576184939516,0
-0.744038157776851,-0.7143811275336154,0
-2.4826070962601947,1.320548128831656,0
3.7112504394168497,-0.48474803206285416,2
-0.5583630659502175,-1.1704001576303436,0
0.10311013384091076,0.5271966408819434,2
0.624679230835556,3.9920506904191018,2
1.7275313905993968,1.6744463395912863,2
0.7393232407109284,2.2482421553202774,2
-1.6071813918763893,-1.0925313271772497,0
-0.9131300757680209,-1.2888381488325662,0
-1.4943290576263024,-1.287189644507357,0
2.3501109441994137,0.08150190210096574,2
-0.2542335691673675,0.30753543753355633,0
-2.009059037071277,-3.5738654350821366,1
1.4685617915102247,-0.04615341192524683,2
-1.9726972512568113,-0.7922115037900764,0
-1.3575155108542951,1.06323118725148,0
1.8230708524902053,0.9612941982184042,2
0.7188775163041248,-2.728158448512882,1
2.6586633293007935,-0.21548280763447938,2
-1.8502311538036473,2.2635258328281624,0
-1.5873807147620562,-1.1530481132822243,0
-2.3139911337388073,-0.4052196262720513,0
1.6942146454765425,-2.4719122454627147,1
5.30166296875153,-1.8353573437285198,1
1.915165105757478,0.8896006431161799,2
3.706652702034369,0.41066194767589786,2
-0.8798624031451155,-1.1036444909626788,0
0.2538085035551739,-0.9786132757758745,1
0.02428735760648921,2.0137780183699534,2
-1.9292714534266002,2.989949213744363,0
-0.03975788291583029,-3.8968737652671948,1
-2.550556397012994,1.321743187398071,0
-0.46200806537707484,-0.044132917914218375,0
-2.675721426435798,1.7065491231815437,0
3.7006664967586897,-0.8679483185317542,1
1.4775701641844725,1.0443784823049735,2
-0.02172844878253966,-0.5737906414356004,0
-2.1186329488851268,1.1263945717488235,0
0.09758731712606517,1.1023091133782499,2
0.18656335356865145,0.2467478012449058,0
0.8628354566197008,-2.7863197402727957,1
1.7834894885037915,0.9071023230856446,2
2.478706147789685,3.2983876725174945,2
-1.0831178435000386,3.1978656265842367,0
-1.0370587247986982,2.4649668726842657,0
-2.959122813896569,0.6141758884920706,0
-0.795922687546199,1.6625186529805538,0
2.7404246243517405,2.2050098982381976,2
1.5633518181417212,0.2014749497437997,2
-1.964937353251607,0.19154033555660915,0
1.3369458055392685,1.9438878292633368,2
-2.346047778165582,0.19959601368167587,0
-2.1453649538456703,3.2117054113228387,0
1.6365701958241077,1.4633236737317687,2
-1.128435457202867,2.048485871531618,0
-1.8116417484508092,2.9096329488707937,0
-0.6351550116613197,-3.30626280836451,1
-0.8003066818075443,-0.4573896704625523,0
-0.601926486885408,3.7961387913677247,2
-0.4359809198091145,2.5332102926192688,2
-0.8159085930624473,2.0560368027571774,0
-0.8907364671555595,-0.2664759931527134,0
1.753891794683559,0.719842306585055,2
-1.7817510413121,-0.548496914563648,0
-1.806191571829107,0.1728086504082735,0
0.2372293974039348,0.41949763666004325,2
-0.22017013956756737,0.27870882636230554,0
-0.27697948691933666,-3.1796537560510525,1
0.434478101868501,-3.167345615109077,1
-0.1399250932354562,0.27589919754120196,0
-0.47713146887645974,-3.8572307407689626,1
-4.0350399055810895,-0.13561571035459896,0
0.45069146852633035,-0.25105747655768096,1
-1.1405796222124684,-0.8397751332020753,0
1.2200962076474715,-0.9284409375338147,1
1.8144886440097214,4.0826602344981255,2
-2.7271925269677015,-1.6776329598704025,0
3.6414644783880443,0.7736417742383817,2
-1.4825275396299533,-2.138558554594476,0
-0.43972390452193044,-3.5380514994749106,1
1.1387976319433344,0.09429008136773835,2
0.8580765862227113,1.5304633038623736,2
0.08388773514678485,0.10377011185833301,0
-2.1354591124291984,0.6748059334700658,0
0.6263539960479788,1.9935805926148027,2
1.301829096196692,0.8635796600554253,2
2.734052883655435,1.2862941408141944,2
0.31179927226023313,-2.9575017797839385,1
1.8369967745401363,0.9295989707751704,2
0.666843021807222,0.3430257370840946,2
-0.12095461413855646,4.148951876474344,2
4.950700258508303,-1.8154125977680544,1
1.6479169189607492,0.3689200633581853,2
2.356081002210816,0.9831570590544725,2
-0.6818909560749089,-0.05919493683048963,0
-0.7621907300386529,3.389752334713616,2
2.6987558109605545,1.6222804565288573,2
-1.5330162120046744,-0.20002178036499418,0
-0.6730490025349507,-3.7763328673767633,1
-1.604180721773716,-1.8619650780082262,0
2.418108787787011,3.368887045175516,2
1.4601978554662773,1.298606991960655,2
-3.0432703613584655,1.8649617990184177,0
-1.3915086751822894,-0.26389538210159585,0
0.6262763865036185,3.1473975236080713,2
1.3372924620528797,-2.6257743507467124,1
0.18293258031550605,-3.8294937601956986,1
4.2815112088375615,-1.509041696370418,1
0.03561949897389097,1.0158589829333333,2
2.255105666371438,-1.8939015181338863,1
1.6118229428328967,2.115962603612462,2
-2.1937154204150953,-0.7632776858747291,0
-1.1567234629467578,1.5527948642391585,0
0.9668543765738871,-0.40796307952659877,1
5.504191821184959,-1.260610839731789,1
-3.054175875504427,0.555454533815785,0
1.5701439513757678,1.6819364788426037,2
0.010461492830022767,-1.269305100969579,1
1.753570021943921,0.4195733288737315,2
2.3207239223350067,0.16738381424697482,2
-1.1788550769902646,-2.0521991466154645,0
-2.182335741618377,-1.278169340578941,0
-0.7634088216185221,-4.150043396662953,1
-2.169967735865126,2.6202590025941674,0
2.349767810400598,1.6505642373064575,2
0.6593951793332712,-3.6867288059180305,1
1.4433440013932626,-3.55746588110684,1
1.7163152716507981,3.0244211262003367,2
4.728040281706663,-1.3362032591489663,1
2.0128492603615165,-0.5329150374363345,1
3.2291437722895413,-1.303864077759251,1
-2.5524407173723076,0.58743228373136,0
-1.8497366827889137,0.6511806602940066,0
-2.514568163788057,2.044932876669607,0
-0.5305381489771945,-0.29755873949769696,0
-0.926192030630864,-0.2706817848840868,0
-1.7667162372120822,2.4481502583114314,0
-1.3134483562931794,-0.48364976505516766,0
-1.1578119240575608,-1.850719945645586,0
-2.1787658981637485,0.06505080190336628,0
1.982908221132472,1.2972183170829619,2
3.284326500652822,-1.8784696698551466,1
-3.22327976774112,2.5093894911739754,0
-1.4328586856582577,-1.4961552533792988,0
4.543548865480761,-0.2803337619338415,2
-1.5097436655336456,-1.4439931242301156,0
3.3628074543736766,0.5815757013202026,2
0.5446941781951844,-2.1025892915320266,1
1.4828919971202552,-2.7058009862901855,1
2.558091205021536,-2.3868024459278305,1
-0.05181900942920611,-4.015198098715223,1
-1.068825232833873,-2.988466696996717,1
0.08483407380788284,2.838464673964272,2
4.316541100564163,-2.160907160824716,1
0.6818304225960299,0.09858109315477435,2
1.9549455419717783,-0.48583349837112944,1
0.8709579221585355,4.352373809876844,2
-0.708589009727757,-3.4049970934408886,1
-0.29819487723529914,0.7177411483994732,0
-1.3367544775060682,-1.9241836641343533,0
-1.1315807327938376,-3.582306397114068,1
1.7588555612429277,1.3053891083447295,2
-1.3886938745633697,-0.2313777745987306,0
-2.3529034205684276,-1.6714260137681374,0
-0.9682724899025943,0.47764535275378467,0
-1.4074834302007582,-0.7728672806453118,0
-0.8671107341673266,-0.9526519821717937,0
-2.31600536500621,0.1074098098897693,0
3.1900680625515605,2.812938450319331,2
3.0639474739805785,0.6572341090570045,2
3.0167365760366742,0.34517410748283034,2
2.7568509064980233,1.4314427831607524,2
4.929978610113742,-1.5092678838504334,1
-0.8704564479740999,-4.1093096096685695,1
3.537148362386156,2.0889646870794665,2
0.2991298911006291,0.4863598854342189,2
1.2079152585278856,-2.140044606741455,1
3.1392934367403047,-0.6769976230970958,1
-0.880666273669467,0.06313203474086214,0
0.26384011187363093,-0.4450187051572015,1
-1.142421667435606,-1.8513504784696062,0
0.31781677629009203,-0.6093740473288877,1
3.623448657071934,-2.334016057472291,1
-1.7454654448169955,-0.8376826488807794,0
3.3173838373516342,-2.1781693692639283,1
-1.1969819274141333,-2.2615417849948924,1
-1.382206389549952,1.383199459200495,0
-1.8767657043702775,-1.4240747881129137,0
2.6795355585022533,3.9221750599234535,2
2.663442922661471,0.3132374893628204,2
-1.3049149078303555,-1.509443137189735,0
0.987200685438549,2.836535180423809,2
0.7138380155849555,0.5250313925269973,2
-4.423019130161938,2.0357685031108033,0
-1.3308883662501871,1.3582694455581596,0
2.0837655187321014,-1.2691364518765473,1
0.2301810467685938,0.7009391615061006,2
2.1782708759213,-2.3639070919351566,1
0.05966570598299028,-0.425500881351464,0
-1.3569506137357257,-1.6309567922331754,0
-1.6264064231684834,-0.5247384649324351,0
-1.9616590565132124,2.1850415249873443,0
0.6466945854281367,-0.32941749043275126,1
1.5462968352060205,-0.40992159544396656,1
-0.881928206292791,-1.5127499303561234,0
-3.785770564410843,0.6957890186888324,0
-2.202476115273272,0.44128393043729053,0
2.7138404579395936,-0.3417324034217718,2
-2.098108377563596,2.792130868906082,0
-1.9800057699290878,2.932113144769907,0
-2.3792068703100164,-0.6888586477626341,0
-0.6663949551202507,-3.285704583946016,1
-1.5438671741970746,-1.9036449865467462,0
0.1681001938012531,2.186176414056257,2
-0.7845236356182574,-0.1676245659539713,0
0.5309902601662536,-1.86166535023236,1
0.9494606713014789,0.9151341043807063,2
-2.1049677098493516,-0.8205434338440011,0
-2.1399744772266427,-0.2396289167862161,0
-0.884487148729856,-2.84234628675207,1
0.12326322263087133,1.761171523242244,2
2.389038646129712,1.5892254122537564,2
2.659713180190361,0.6374749623937598,2
0.4920140336776454,-0.4449051454232952,1
2.6784644502575,-2.464995189637551,1
3.053009281970633,1.4158536212395874,2
-1.3263113292780675,-0.2527622604034859,0
-2.207653446620385,-1.0051601690634506,0
2.273439250460501,0.25348126153901757,2
2.13429105072066,0.8714481173713624,2
-0.5659882543717901,1.6215429345313206,0
0.7604803750328557,-3.654060598929529,1
-1.134145996653562,1.04338181399759,0
0.9049330111468729,-2.914584198122025,1
-1.7103712119963563,-1.806063174657168,0
1.069505394915224,-0.08088122366527119,2
-2.1246618310549485,0.6011454665455963,0
0.20711310357786172,-1.9861437209044863,1
-3.5736875842322036,1.2261411114395344,0
1.967925425589053,0.7832351979321138,2
-2.266642024274471,-0.7795194077351708,0
-1.4082899562524784,-0.48154049236019353,0
-3.4133969426956914,1.8572583209191167,0
-0.9271734919905171,-4.008565241524661,1
2.649231974151849,0.7980575826904822,2
-2.6234648307388535,-1.0008873800906002,0
1.2013746060705301,-1.67336370260839,1
-0.2551866703425128,-1.6050071047348724,1
1.5033746914487438,-3.391572309679337,1
-1.3401893595098555,2.7339204567920006,0
3.2041359061420853,0.6037667673660474,2
-0.09144263923834686,-0.49098705906473533,0
0.8604019025146217,1.8000883328622252,2
0.5288941530621251,2.2128113364450037,2
-0.9633950459224431,-1.9318614452493295,1
3.8999883892139993,-1.9369761633978753,1
0.1835799648047514,-3.701913823719114,1
-1.7949652549161588,-1.3288355684510862,0
4.060643885072899,-1.294491389482033,1
-2.1917623854908257,-1.022520647103399,0
-1.130186704713195,1.2346040969429746,0
0.02910024379732798,0.6319594352673918,0
0.8894224971935358,-1.8510337381669344,1
2.158075742118743,0.19015206701174334,2
-2.8396239778296173,1.365685266769059,0
-0.04390224470427462,0.402854086870284,0
-3.4515103951056396,1.7014022002822324,0
-3.8132662541076,0.41607333706142086,0
2.6141530172125877,-1.483358414220121,1
1.7990557625009942,1.215376991412101,2
0.0654243127579245,-0.21212796465686673,0
-1.8251874348480637,-0.7829229689464272,0
-2.7367269598574615,1.704106390421368,0
-1.6717061456755007,-0.675986220503962,0
3.722818989722378,-1.4986040484884318,1
-1.0419852527031486,-3.7076108778133774,1
-0.8223992430608623,2.724932146250507,2
-0.28146197595711864,-1.7435865459812916,1
2.9225287251652814,1.4702755204445237,2
-1.6074985007928044,-1.1226618079895867,0
-3.587868995952148,1.861174081670336,0
3.69339115199865,1.1068195664923255,2
-0.13230815766299164,1.4432640219337824,2
0.6995533647224144,0.14762455260612176,2
1.6025371260963996,2.27800628376398,2
-1.3938414626383329,-0.6472829090914397,0
-1.9009412416071731,-1.4877262334191623,0
-1.2643948899331232,-1.7201540188767406,0
3.33867542497615,-2.3962246715288935,1
0.4873375141256534,3.98753972875103,2
0.8064803960362272,0.7578379660494373,2
-1.702736126111524,2.061187245744383,0
-2.8233426964672215,2.019460786641782,0
1.500181194696419,-3.3968598153582,1
3.5762572344886796,0.9833839755793247,2
4.099520989761367,-0.6514062587202741,2
-2.38544073023618,2.146462137303733,0
-1.3321889540543452,-1.1241694224914982,0
2.5350456895326974,-0.32732549818222273,2
-1.6014715159750665,2.6372652490191073,0
-1.7418882498841113,1.3723427959704833,0
-2.005512305643567,2.390025127383455,0
-2.905405396511375,1.6275840473374223,0
-1.813529890325438,-0.6574622526159908,0
-1.38238822389943,-0.6812935765527349,0
-0.6484428293197594,-2.8560702021946685,1
-1.2368586280045561,-1.7798296671616467,0
-1.2529705620791327,-0.8968663338134975,0
-3.9103663308044836,1.6346901624694874,0
-2.0269154352446024,-2.025457094226544,0
-2.2225800770655266,-1.724389856866789,0
1.174277948943996,-2.7693337220422105,1
3.61481784452047,1.4731994562632575,2
-1.464934926544145,-1.6387571095729474,0
-2.596473665326461,1.994428244198499,0
-0.3892069539252629,-0.343135702482944,0
1.9011534968021926,0.4433867757217111,2
-1.6738856125705592,-1.1265766050535395,0
-4.018727495401386,1.3281418976791748,0
4.298994698736511,-1.3832840142134217,1
-2.0680081076603516,-0.7014801704114197,0
2.0417731630578992,2.5740092107078727,2
2.1249164764456254,0.9546708633196903,2
1.1011149325935792,1.1000885909419327,2
-0.6663828559357315,1.4940314513289596,0
-2.4177621894923687,-1.1357232312409975,0
1.85064635202842,2.096654564978153,2
-1.6724570951936064,-1.8328167537731426,0
-0.9522150904072785,-0.051349897782148726,0
-1.3423730698534895,-2.684827929869784,1
-0.8887824591375173,-0.5746721172212392,0
0.27176506228201835,-1.350643209654841,1
1.557533820226102,-1.7233843897798329,1
-1.5229300455115728,-0.24955594084206445,0
0.7716461984235827,-2.6649305355584034,1
2.561805005787014,1.6224524566917422,2
-1.4081827993212528,-0.4131113675152125,0
-0.44435956170925656,2.0790399380866016,2
3.5273915749433065,-1.9107568210235883,1
-0.7150776279030595,2.824743844519768,2
-1.5650491411670933,-0.9635723612822082,0
1.6062263678254074,2.7843825530128843,2
-0.04103183860154077,1.6376740695918608,2
-1.930646030977199,0.41638831884825034,0
1.8966450341798042,0.35416055450981865,2
-3.160864839654225,1.557439672850386,0
0.9462140169969513,4.074844675593319,2
-2.0472036743337854,3.2959060419498534,0
1.4333763852756964,2.615635649732769,2
-0.1608527712973838,-0.2797625161509709,0
-0.5627124642636064,-1.7395047684053522,1
0.09807274374283433,2.225284286020454,2
1.0884371944535343,3.2653187908666395,2
3.2673401971654163,1.7266353409686601,2
1.7364286888975138,-2.37860920717259,1
-0.05386612606543799,0.22863914731009735,0
3.1069203476725513,0.8212461729420223,2
-0.5135614764499785,-1.478362538560345,1
-1.3183101342858718,-0.28935557682890756,0
-0.14206822797947735,-3.8408161128212854,1
2.5264489293900114,3.3690441035530205,2
-0.21371968443523595,-2.590434625918891,1
-0.7753925096302509,3.7670155061367177,2
-0.09848555586112993,0.02631033413499302,0
-1.5638728768324468,0.21546408151432,0
1.8776052175125104,2.9369114620617345,2
-0.1252733741062513,0.2897082303004309,0
-0.201069183708041,-0.26507141490754865,0
-2.3020510416376863,-2.511665234523097,0
-2.083145604668349,-0.8500058226985621,0
2.8382458961522126,-2.796251879245149,1
-2.337572251906268,0.34919023156364043,0
-0.6831481988314813,0.140965239161999,0
-2.862203880093028,-1.1178112856227358,0
2.2200388994209335,1.6817420776972642,2
1.2029298499958658,-0.6414090033398592,1
2.8656185694326495,0.2004524069841301,2
-4.022102159345329,2.1037483924605724,0
0.3893758219474512,-1.3344536635238489,1
-2.044936267992284,-1.286871072438341,0
-2.8582078329924565,0.22836706397985373,0
-0.3733927686259497,-4.231898774007163,1
2.345140979377264,1.2436381979960969,2
2.748491972939193,1.5833433574428863,2
1.5154086947950896,-2.8612349972243827,1
0.43169219005374054,-3.5196644791841525,1
-0.32406109119721116,-1.1714960559058305,1
-0.4798082628796734,-3.134244071043706,1
-0.5295331172315576,2.2334294013560965,2
2.5812006644142067,-1.5738404750224657,1
-0.31976293172753567,-0.05666111708600871,0
0.3327822792352889,0.038752635346867986,2
2.2854105652718704,1.1324399539925094,2
1.5892497895159297,-2.9804803021596333,1
-0.4759229028706215,0.24006632029395114,0
1.6618350273506917,3.906623325363147,2
2.4960217147345403,-0.044739154253837086,2
4.22722614488417,-1.1421488944539266,1
-2.9349662698219823,0.4022871890825386,0
0.30997983670951995,-3.9772180571058366,1
-0.2749467552527461,-0.32605921127255877,0
-1.8635148986180172,-1.9300210133454867,0
4.795510652448172,-1.9916489647162268,1
-0.5027687783374677,-0.4774216605118102,0
2.3859271825257777,3.2196909300710446,2
-2.286487955024089,-0.38990453734389413,0
0.37076832774752294,-2.266364198424815,1
-0.17431741337669732,-3.6763765535586805,1
-3.9387589245295747,1.850339772700991,0
1.4954509535156169,-2.702513474530899,1
-2.227371686479134,-0.6937335955041715,0
-1.3312521496724428,1.8016284681418164,0
1.010974305518908,1.2813083208863465,2
-2.626798330850209,-0.5753516516862953,0
-2.3383328448250413,-1.2720625954374336,0
-2.0573545894705183,2.6880958001840427,0
1.9236222355762354,1.3639307396161822,2
1.4407836103216798,3.37348830688395,2
1.7102116098292734,0.8657380711822119,2
4.466566483954286,-2.2146664757016032,1
-3.544966511733087,2.545091313147661,0
-2.142559672059771,-0.8453361004074127,0
2.416548261571976,-0.23816438695913372,2
0.2786950827921842,2.5035682233359315,2
0.6699595809301524,0.18726966236596546,2
-1.7243744791253923,1.8167986411043657,0
-3.199518235318169,1.3073271993735236,0
-2.452324973343766,1.879419912985042,0
-0.017568687438702848,-3.410176085462179,1
-1.5260691447766903,-1.263605960115008,0
3.058229390882623,-2.340780983052408,1
-2.0545605727027936,-1.3664000304849804,0
-0.9006648992370948,-0.51193153971042,0
4.56744348128726,-1.727657315063185,1
-0.03175117252361437,-0.19809282860498784,0
-3.561622777661777,1.6733423151757012,0
3.0714002422577504,-2.284757925815608,1
2.454637985193334,-1.4103365712552731,1
-3.481725612620288,1.2007030829722931,0
0.9618340840089767,1.0039153549103714,2
-2.2086245508262063,-0.8665968703040485,0
1.6705272378401732,0.1756108094073529,2
-1.0410645733434807,-1.091453079104824,0
-0.669359466213318,-0.19819457920627429,0
2.182186248346274,-2.459972772232253,1
0.849518981385739,-0.3406926400506856,1
1.5768535907859356,1.589446740030654,2
1.921518898953797,4.639116704844734,2
-2.917835216532162,-1.7051932945991128,0
2.3681273734163013,-1.5053178155874256,1
-2.99120761282264,2.10775030538026,0
-1.5266837550975183,2.873653692364508,0
0.23772224511150544,-3.605425351810406,1
-2.3411253045673592,2.1601746837918134,0
-1.292164404366717,-0.4718784505661465,0
1.8834809224311873,-2.320009423957313,1
-2.323126663559694,-1.8875418906293637,0
-1.4909557850789694,-3.456901218320659,1
-0.7200298185847068,1.6619840372701848,0
-3.0113289219875243,2.0657768180016296,0
-1.818580752931397,-0.7881596647652176,0
0.283745031597324,-0.9242207325616588,1
-1.2605487901322043,-0.11848494891997215,0
4.897630274209788,-1.46765891500959,1
2.988725798543828,1.1872654560338218,2
-0.5225255133945781,2.2111289229574136,2
-1.5332807792353726,-1.0977757520527938,0
-1.792147682590795,0.9338731057280144,0
-1.547324292342203,-0.9775437313935359,0
0.33235322499012177,-0.1690777187557759,0
-3.2519163936202045,1.0705346988769358,0
2.1833676064667484,-1.6917748353933104,1
-0.2825644015458481,-4.297986902019572,1
1.3071516941774035,-1.6659751955156976,1
-4.369922615797759,2.1663976349984995,0
1.022436668672432,-2.9901184360585806,1
-1.4563440529875373,-0.12261886283678831,0
2.1002817912834795,2.4697049717460082,2
-0.16275229808833522,0.3705885915630817,0
-2.2692653205784223,-1.5979909239785022,0
-3.4820573211407773,2.132332520123249,0
0.8041643511430716,-3.334932798416307,1
1.9201645113437273,-3.420782914683841,1
-3.086483740039567,-0.8325084173021113,0
-0.7531200396161692,1.7935398683429262,0
-2.99884552017388,1.3576381077915525,0
2.0974677576453677,-1.8389505099551493,1
-1.1834617253130997,2.592178911126886,0
2.2988087489170614,-2.042586400635111,1
2.5122912430571906,3.1497177256052997,2
4.468196130381962,-0.622827621579921,2
-0.7208858880468384,-1.5888742560163776,1
2.620620463200965,0.6106569470097784,2
1.035823295439131,-2.638218780851516,1
-0.7294492467503984,2.8187006716054976,2
1.575696366265246,0.0850911490890559,2
-1.5758842724214348,-0.6986118860362145,0
-1.1498840567273687,-1.3442077203478826,0
-0.414495717605344,0.6153963467792933,0
-1.8742338306076085,0.2269588359320834,0
2.337076173815009,3.961405395101244,2
-2.0272047982567303,-0.05536562813910499,0
1.2667860489504408,0.23118770977363648,2
3.2376883851773823,1.372987637263848,2
2.5471530618636438,1.2439649985642767,2
4.256774751565943,-1.4820415460804317,1
-1.56904260033478,-1.2726783883812698,0
-1.857535043218092,2.5650531177841267,0
-0.7424723831549246,0.9879631224937291,0
0.8306210487036165,2.4568800761314042,2
-1.301938299826364,-0.11277948945448131,0
0.9943088932117382,-0.34318127168249085,1
-1.2879953094666665,-0.6723744853344449,0
-1.7022823183146467,-1.2417755472069,0
-0.9014361305386814,2.2433979586874107,0
-1.532579876423057,0.2929955497366495,0
2.4028789366576015,1.0609438568697587,2
1.1503718367073965,0.5374867078321867,2
1.6356176056754859,-2.9325587670388096,1
-2.2407899496377977,-1.2770028744063076,0
-2.3485239344908027,0.052475154748995036,0
0.08371458540778805,1.8388633229501794,2
-0.8538178220570866,-4.206495351286173,1
0.8429662491746781,1.4120806229659708,2
-1.0427485649897243,-2.0822858591509967,1
-0.8950516207711071,-1.278556942404443,0
0.12065099033977085,2.8776999263044147,2
1.8953368710677123,2.3331482139103943,2
-1.4032928971356344,-0.7516282194544078,0
-1.802893672964872,-2.177523167859069,0
2.7350876982590666,1.5963832554620476,2
2.0614159070873557,-0.582321700236155,1
1.7720296128452142,1.092220622081278,2
-1.9839181579456169,-0.9200037321057405,0
0.10818223537356772,-1.2804327953458738,1
-2.2891626002214553,-0.9208705877861018,0
-1.4701297516072804,-1.700097304058429,0
-2.10624705626058,-1.7795648475758825,0
-3.3131215128232,-0.9686977465272848,0
1.546475856782299,0.6474720322951117,2
-0.2631832535011996,1.447915858063589,2
0.9137985358070273,2.514669232332338,2
3.0856195568384446,0.3620393627854567,2
-0.38065825818565857,-2.743396715824878,1
-1.472030990363538,0.19346843836636,0
-0.8829216691729678,-1.3101227970647735,0
2.6760275220569696,1.9938861167938973,2
1.2287483630770437,1.4592039619469817,2
0.03935876098859263,-0.9193339694636683,1
2.3788979470129608,1.3683082875056831,2
-0.7134239024311883,-3.982870358040308,1
-2.4029994939964023,-0.9140829602219964,0
-0.18355075659282646,1.7739473903756253,2
0.9211796094097128,0.6544072522156273,2
-0.5412812985617321,-0.8234590757418084,0
-0.6492679360601983,-2.4331218501373377,1
-1.0076192425906925,1.8025954277766703,0
-1.8168620699173896,-3.3315422707962385,1
1.355050680852964,0.11603059413050759,2
0.2630995664074915,-0.8619198387598819,1
-1.0692453041868488,1.3865941240295752,0
0.45861744618393846,4.670311760622871,2
0.7473063959482428,-0.8795439203395049,1
-1.9854528215034963,-1.2817098562602136,0
-0.966021560566931,1.7892161433795766,0
-1.5739703501547468,-0.8364443992266287,0
1.1047468249056818,0.5082211098572671,2
0.46156046227092357,0.7749156361328626,2
-0.7985071552901017,-0.5718285618122297,0
2.2690491514376294,-0.532155307042449,1
0.3276768943073218,-1.2190135757943639,1
0.13205298180942332,2.95267365138901,2
-2.1026493878887322,-0.23122951036710068,0
-1.1445466888408118,-1.1623379097115674,0
2.98731386308272,-1.8889334625871301,1
-0.42746295895297043,-4.0375036585715325,1
1.143401182061727,0.5841580371846687,2
1.3035999652608616,2.595433654744599,2
2.925158754562881,-2.2416407350940983,1
-0.8056201582222273,2.478652279611752,0
-1.2127748946123709,3.1987352954593544,0
2.208253417304194,2.9424560934789663,2
-1.6011597984111166,-0.8378063039305668,0
0.9785482940786274,0.46882684769388694,2
0.71949283033795,-2.8566351858623626,1
1.3086544457374771,3.4290009358828177,2
-2.670900819818955,1.0093378797254304,0
2.524672548790025,1.4199997743731452,2
-0.9181879544563253,-0.6866844873347892,0
-0.19418406573977554,-3.8545927943556393,1
3.290317200451681,-0.6354698112684988,1
-1.406857502663596,-0.8701158546778144,0
0.27202200591369274,3.154729180668349,2
-1.4251450351653623,-0.7742990238384084,0
2.18106428897587,-2.2191245306098737,1
1.9011152006394088,-0.3008445754512553,2
-3.487174415663817,0.9555279686827426,0
-3.030973027023202,1.7694310962586877,0
-3.339768846782194,1.1448786724564914,0
0.28403604430944707,-0.12850067414199984,0
0.5487870481366789,2.3088493794866727,2
-1.1415665002855235,-0.5556163105624055,0
1.0908423548039816,-0.246668670069364,2
-2.504006063749049,0.8096395048230938,0
-1.4106551859249314,-0.2182115588873725,0
-1.2735139899807701,-3.275332959766862,1
-1.8760795957475744,1.5414679120765928,0
-0.8468208528573176,0.08696175089136088,0
0.4847861415465252,-3.441026373513732,1
1.8208324926515693,0.09551752319080015,2
2.4694883246174624,1.1280217830894297,2
0.23267077865010763,0.11762595724261765,0
0.4914011885427384,-2.859151928698425,1
3.865624927862739,-1.2956436150541304,1
3.650849354961177,-2.6944299282735984,1
-3.4452962022623583,1.8075428427080316,0
1.4189838811842954,1.1022201979714685,2
-2.6779716523450254,-1.9065002924579542,0
-0.9087467862241531,1.3691897221895162,0
0.729686565225214,-0.639981558048654,1
0.9740199238977919,2.215178725885608,2
-2.3472275005083296,-0.6510290552471077,0
-3.921946475679688,0.6414596893049835,0
3.11857173036553,0.743452971294921,2
1.2574461713156628,-0.140016549695335,2
-1.1748188314673038,-0.3911197881537839,0
0.8773993830998904,1.655067999720407,2
1.041887813664651,0.9887402362825704,2
0.25090755043993035,-1.1362898021860006,1
-1.9052054826725868,-0.5811464868622145,0
-0.7855267209247573,-1.1195380884691863,0
2.8822539689550304,2.747408927030533,2
0.12348210153077935,2.304399569060464,2
-0.608742495533794,-1.3069317999359507,0
-1.7392819813395617,-1.8539111402182313,0
2.4911454524911263,0.5198262927270451,2
-0.7582384425222771,-0.4146552527388132,0
-0.3128127898673488,1.2498704458156678,0
0.03820028617575491,-3.3557680697122474,1
1.592152119709681,0.49478160502799945,2
-3.5787589038482066,1.9712958241002243,0
-0.20975195894122772,-1.147817636404984,1
2.5946907633484417,-2.8983134226658573,1
1.066724545145021,0.8396774582539291,2
-0.5266703289772001,1.529706932483644,0
0.17568886127067407,0.43583366323323036,2
-0.22651487189730918,-3.290179773029513,1
1.0903970224935944,2.029260265655384,2
-1.5865557838983428,-0.9810717789179331,0
-1.2958140803651035,-1.5793848316896617,0
-0.2832942793898281,-0.6705583495826152,0
2.4322029896856905,-2.0706174081798148,1
1.3356852129471817,2.4500996396530157,2
0.25037285928580816,1.357049228602043,2
1.0551783516277145,-3.262228038679398,1
-0.8885540324406496,-0.07559638946590971,0
-2.551166232238892,0.34822114047487224,0
-0.1134077778732944,-0.5758920179800257,0
-0.14240300719466165,-0.38583505282188796,0
-3.762190674667151,1.9294874262640618,0
0.21002966293351386,1.0856666561387944,2
1.2694401862000138,3.994493729570872,2
1.5202576218945192,0.47109367643462224,2
0.4457400851521142,1.9679109516447106,2
2.429410889487958,-0.31095938468137263,2
-1.2862619377568711,-0.23093784985962948,0
1.8706809140460623,1.7728824665318625,2
-2.0016788643956986,-0.19480456956697476,0
-2.1119396201358693,-0.7704561357147092,0
-3.2921493411961302,-0.899074952685926,0
-1.9205776791361597,-0.4695821580446802,0
-0.058909985785749325,-0.6575219315846182,0
-1.7425737485084798,-1.636370874693809,0
2.2585032947148003,-0.12002630847279787,2
2.093992362933348,0.8390804935664853,2
2.2905402714411616,1.3893948059757852,2
2.168628418445112,0.9010027976202729,2
4.294523363472371,0.24048834096658894,2
-1.690953544580905,3.2562419761588917,0
-1.8164251526884432,1.4367532179688445,0
-3.5659078404499427,0.4119672353554755,0
-1.0187402442375169,1.8234994547672523,0
2.1203033294292237,-0.2810939507877881,2
-1.8548006860952122,2.249794468940214,0
-1.1325565723765776,-1.441407328332228,0
-1.610294911216819,-1.2859190981887336,0
-2.6128291251344966,-0.8255955204051848,0
0.538679922463542,4.108338927861421,2
0.8318733123483725,-1.2626266472738887,1
2.734920607764955,1.0103685149834747,2
1.6876158356970055,1.988371329209579,2
-4.165777119349701,1.592732450881951,0
2.9687260477406965,-1.450459498087281,1
4.2203680221357525,-1.042311109177637,1
-1.7698901241216165,-1.72217992301103,0
1.2253709227398981,1.3217901112124122,2
-1.21643271523634,0.20122677231672373,0
1.6740504944656165,3.3461588783227953,2
-1.241134885904936,-0.1408264802344514,0
3.7463987901984326,0.9944790578819628,2
0.4196955980411287,-2.4438907568516504,1
0.7417955376479373,-1.0128150029658762,1
-1.071253864765273,2.6661034902787355,0
-2.3335645141427936,2.3128052540269395,0
4.282593190792395,-0.7553540809785236,1
3.114484706133401,-1.5281604537760658,1
1.8979417221259092,1.3277327975641362,2
-0.2817781490540929,0.3646743313534092,0
2.2933897538141363,1.4652722143684376,2
3.2350723518922546,-2.594097414229663,1
-2.102220118929247,0.34033766564902135,0
2.571461846258993,-1.6615687167455688,1
-0.5038830857525534,-0.9132757744097737,0
1.7474196225260539,1.3949934706887857,2
-0.7429335237006777,-2.988845915558372,1
1.1113993704656229,-2.163852777845614,1
1.835789453663656,-0.23825062683436576,2
1.4359476523273944,-2.889203002274918,1
0.735492991545837,1.4191486864060052,2
1.2683090359299822,1.9588443813779362,2
1.0005140940208677,-0.04099625755908999,2
0.15291301018472694,-1.404979949578762,1
-3.248153212889801,-0.3088911433625865,0
-0.4343624501174261,-0.4679926873989811,0
-1.8649750472084687,-0.6972846369044341,0
0.031441464497943494,0.5945559236038873,0
-2.315966546542307,1.357463065705152,0
4.159564443371225,0.8053915642434857,2
-3.785822740002519,1.7086775855193206,0
-2.1464865025527993,-1.1166745817080241,0
-2.16487138476464,2.9586415932780414,0
-0.459960551732841,-3.6906577269778893,1
-2.860411605403749,2.3183966634059585,0
0.4340343418080827,3.887305660539807,2
1.5620342416287014,-3.254459524082097,1
-0.518116754529214,-2.860933598460306,1
-0.6278410066281886,-1.1763049547092388,0
-1.5666820647163908,-1.4995354312105038,0
0.7938334813045421,2.211749512250766,2
0.7256097809015618,0.9436894669377909,2
-4.349478087708233,2.195060860218945,0
-0.21969830393196063,-0.014153546451527468,0
3.391181542806893,-1.7115179642335931,1
-0.9065424864317948,2.219985867375887,0
-2.449921692546589,-1.8417784272560807,0
0.8493426515612887,-0.19782031158922356,2
2.4379997013315613,0.54912853232473,2
-2.4865278349523425,-1.6212383620221542,0
0.15654603734367847,1.8276744042822652,2
-0.34207271236226283,-1.0295248324113473,0
-3.4508857877587342,1.9661265755627058,0
2.9931669963857503,0.1326409505974888,2
1.0179747808198991,-3.414281492464315,1
-1.6251190722344495,1.8419886644559353,0
3.2347008209782855,0.806838895770326,2
-0.8497071924971042,-4.293811842028087,1
2.8200143811987,-2.03767935447743,1
2.942166946091062,-1.6911820951278065,1
1.2697565589946225,-3.593625524929015,1
-3.3896036021975635,0.47231420303718513,0
-0.8537224577189473,1.2736498125907159,0
-0.0498436923800926,-2.283029066123213,1
-0.7782865687376265,0.2898351690869639,0
1.9141504665702407,1.5702664803817799,2
0.09028422902483005,-0.9379462881517205,1
-1.0383439812625195,2.164896744824551,0
-1.1761713176486945,-3.9858166938031916,1
-1.913255463234064,-0.13906340093415057,0
2.766271807745707,1.3235866049548128,2
-2.4843818193893594,2.2812517565141315,0
-2.5270725226441937,0.5705022401073389,0
1.5184079429506039,2.526984563815691,2
0.8075977627105972,-0.3998992692550279,1
0.4669686246754303,2.5499753675985892,2
-2.6431508868467226,-0.5904988612249844,0
-3.7288928686995497,0.966287247784515,0
-0.16644094502748033,0.5446004230406835,0
1.277805539005082,-3.0005505424278405,1
3.893376723467177,-0.9542364922324363,1
-2.530807699492767,2.458721898012226,0
-3.711511075737475,1.789710005408867,0
0.08542131007706713,-0.4380193722168064,0
-1.603584697913561,-0.1928579893630162,0
-2.0498961572453402,-1.761637728987439,0
0.5732187113615769,-1.020455114055172,1
-1.162555181562146,-1.6535376121019318,0
-1.603878491778695,-1.6987291004327958,0
3.8425874554051904,-1.7824309768436855,1
-0.9710789660234356,1.0441301326756842,0
-1.5570605954670036,0.4332101113738621,0
-0.6138602850592723,-3.183034206536272,1
1.1488251392458961,1.2000001339780226,2
3.4752318390833494,1.422344318979447,2
1.9162083162042272,0.03360738837064738,2
0.2378609694275558,-0.21864822163526546,0
1.638739205363351,0.84100165354713,2
0.40121013757028684,4.118487003548391,2
-0.855259917923484,-2.8959018662431983,1
3.357362367590999,1.1267348590184343,2
1.0580859557056748,1.6733847894717262,2
-1.7237167508842706,1.7537879678693042,0
-3.725310641627927,-0.21286347615456944,0
0.9345077265386987,-2.1537438566398883,1
-3.0714163906480407,0.9768869419525654,0
-1.8494853377604004,-2.1624998372111293,0
2.2205118050373116,1.6473899719302918,2
-2.4326680838910937,2.8312699572818687,0
-0.987754006222311,-0.4705745346667627,0
-2.1562624864854554,-1.1053177962277252,0
0.14224005265256306,-1.0269247745911383,1
3.8890006928248946,-2.189230643666822,1
-2.4312447725063455,1.3182588900130194,0
-2.040500832121769,3.054464380185279,0
-1.9966202799968173,-0.4202070956739941,0
-1.2585636369068365,0.7851420297863617,0
2.8210110888568214,2.256086069803152,2
-2.047177043774394,-2.0606862281345206,0
-1.6479920629617437,0.6318252138142183,0
0.15101136956335948,-1.0397578891010162,1
-1.3350209088799883,2.308427146901575,0
-3.097000206098584,-1.49323624669451,0
0.059542170205014525,-2.548829432165692,1
-2.330670675934091,-1.671811225991017,0
-0.18739779159446132,-4.152488384318257,1
-2.5178451747230888,-0.638671198163554,0
-2.011568878998499,-1.4031612220184824,0
-2.6707263848147065,2.100839366226145,0
1.5993808785358306,-1.6684921967448727,1
-3.8794918011171307,0.8683190007931607,0
-1.5208040503518359,-2.272802923021576,0
2.042235725040378,3.824089799303401,2
-0.3231073680033236,2.715198498870942,2
-2.0453023133223414,1.496217666079601,0
-3.774619577277137,2.0906539349932647,0
0.6281852705621632,2.6995149525456528,2
-1.5538145351602761,0.24817000252949062,0
-1.4349789690006978,1.1469066858127914,0
0.6863039241505303,-3.0890913945450973,1
0.9156687460271866,1.5109323444121194,2
2.658377389652459,-1.4425252487853197,1
1.1695433556505481,0.7041256476981196,2
1.697482493092542,-2.721679760800432,1
-0.6824684970253305,-0.11466483302149207,0
-0.4679628777889928,0.3216666533448929,0
-3.265110571646665,-0.7888202756772076,0
2.005611868968848,3.5586432350082142,2
3.290361447349086,-1.7156773409778183,1
-2.6969328441831486,0.981998351905308,0
-1.1231892989206163,1.4178735713475639,0
-1.6394761286253774,1.8356921248341207,0
-0.9111138146682338,2.149723010503014,0
-0.748803833339755,0.6220379706233887,0
-0.17247099970031488,-3.5182533823632065,1
3.33180540088565,1.6624791384774233,2
1.2692175234859344,2.661128411289349,2
-0.6560517626711335,0.10401987821740759,0
1.196880858429575,2.8033148775361423,2
2.0432002409157777,-2.067761853345328,1
-0.21834471041628967,-3.670188600747163,1
-0.6901137062713179,-2.856049372710638,1
2.4357148177980954,-2.5891319645883732,1
-0.43092097822251857,1.4425287568608662,0
2.544752680049846,1.5996644026642612,2
-0.8319510456754771,-0.3551515370962186,0
-0.21728446245415695,0.444177288555683,0
2.0191194416081952,-0.6898590899510944,1
-2.547840274843614,2.6649367577640564,0
3.297145036072272,0.20931663536788692,2
-1.4044378570282343,-1.9303350920780225,0
-2.168651952829754,-4.093849913370499,1
-1.2004594080445852,-1.4800220192543694,0
-2.5328293898865106,2.411157985474707,0
-0.32244374506922324,-3.450990685213783,1
2.895658349698228,1.9571203772424135,2
-1.173173324945806,-1.4706781343201467,0
0.9874461805420494,-1.9583166087126576,1
1.6927854086862915,2.64653108687183,2
-0.7056752126932617,-1.4435519664915841,0
-3.278307137795705,0.5009958041049576,0
-2.2096323566351392,-0.6489391993738217,0
-1.0545879832139617,2.756464528748258,0
-3.6661536958906,1.1828137409819173,0
3.286528401391545,0.7482089826171218,2
1.3536246695312306,-3.2367706525441866,1
2.9426865991562767,-2.0912052809101693,1
-1.6256765887945508,-1.2846409911769332,0
2.137688156182006,4.702781980600491,2
-0.20468201743205794,0.010569977641248009,0
3.9896102755562453,-2.15602446392599,1
3.1064600638620035,2.7155564644016876,2
2.0887433812326153,3.3220286377325943,2
-1.7633372728056733,2.0160386846385427,0
-0.33796210918847674,-3.4484175203753638,1
-1.6360434964743353,-0.3369933975559574,0
-1.889904353577331,-1.1565644138070734,0
5.502551007894208,-0.8812543168167617,2
-1.2772373400337964,-2.0897012968159028,0
-2.2644085835779326,-0.5794082483347548,0
-0.9759360008291604,-1.5495728616720474,0
1.7299178549511403,3.128544431753251,2
1.878554860663177,2.203627452210355,2
1.8710022974933063,-2.532528558823309,1
0.6869924051641711,1.7932688576423872,2
0.38388123191352885,2.617899487193624,2
0.16406857577287617,3.6583950679834687,2
-0.7264395279688017,-0.875542295758998,0
2.3346039053360763,0.8094138183419547,2
-0.24027729435451495,0.33312706687790283,0
0.7958012197929656,0.11473282214678485,2
-0.27929230855667864,-0.11800661518793222,0
2.5755477424338133,0.1908411331944322,2
1.7873580705776162,-0.9948594859153094,1
-1.5232011696726844,0.07248894740182349,0
1.3839168672992457,0.1462998762166539,2
2.319310230586963,-2.8750539960076,1
-3.522936644545626,1.742060110399029,0
0.6519465177790242,-1.0053427734108684,1
-0.5614780482211296,-0.7790462941832424,0
-0.6586643288523716,-2.507656309034609,1
3.553094912258755,-2.631970633826757,1
3.2586545633237547,-1.7038202897633843,1
-1.818595804885501,0.9845941185548097,0
0.2513312870456871,-1.0829766242576366,1
-0.34923255937944553,-2.7490196720737,1
2.4747845872988403,1.5065779375429191,2
0.5889439404405891,-0.5627001091236177,1
2.1191397442075006,-3.23179318909563,1
3.066351697540496,-1.3227828011424863,1
-0.7865862122796216,-1.5762402654873624,0
-1.1166589177641326,-2.2695989912770975,1
0.47708577300557153,-3.2243366583023176,1
-2.488153360597011,0.5020009268471652,0
-1.4710375257124764,2.6365978138378665,0
-1.7967520261101373,3.1052532941702538,0
-2.253264742532311,2.6911261664764545,0
-1.773378099618636,1.9889927926937987,0
-3.647051048555993,2.1236926082929197,0
2.566062514491975,-1.9912885432537688,1
-1.0721732854418162,-3.3465320185699197,1
-0.7913157279768853,1.865687882697012,0
-0.7874104259576211,-0.3747691649467707,0
-2.891448693424463,2.504317751896082,0
0.423700233341387,1.012313655155872,2
0.546274700064002,3.3918037465832387,2
1.402077877511517,-3.061171570550433,1
1.211622475341752,-3.4869768173819273,1
-3.6388050435573542,0.7221773396430589,0
-1.9133025344404733,3.170917255959648,0
2.0996823093731285,2.091477089549694,2
2.3315675844975945,-1.9700181564291153,1
-2.5435874897958617,0.892894663106804,0
1.5435759586251205,0.8597913165684429,2
-1.5543896437964146,-0.7238291187429735,0
1.5021946993537119,1.282253075397551,2
2.5234285196106745,2.6755738566652725,2
-1.5574533985242556,1.7780173715488365,0
2.837834150291787,1.7513813979169108,2
-1.8094544729846147,-1.5830686515670154,0
-1.1651301598104047,-1.318686893945406,0
-1.966849126016379,-1.2505110317429498,0
0.6425067655555688,2.0886636751335774,2
-0.5719826729075562,-1.5241139271362059,1
0.2942282738960667,-4.117722437098846,1
-2.731463035735392,-1.6209852888937164,0
-0.36865638712358884,0.4885050728807841,0
-3.3483812159086472,2.202802540501346,0
-2.249247533059163,-1.8645555658065829,0
-1.1782927436986745,-0.663283541972924,0
-1.9512873242788547,-0.595256693113803,0
-1.853531249708604,0.768122437417662,0
1.0507694149217788,-2.095593677719087,1
1.0362193166452351,-3.453203353432887,1
-0.5756752438718471,0.6692927336434759,0
1.635571780552085,1.8779609466735856,2
2.679956455941999,1.2412224523291666,2
-2.7904958441993917,-1.081646152440144,0
-1.3170037597493498,-1.4325893099998825,0
-2.8923779582552473,1.672407701421751,0
2.6206183260678793,-2.745645105892397,1
-3.1380160018851044,2.408832079210552,0
0.07840195745319609,3.1923638731322694,2
-0.5761673696173221,0.3370087633000946,0
1.3015789097097414,1.5491509922388529,2
-0.5517562010295667,0.1454589251241,0
1.55711180532455,-1.9220607924630029,1
2.1909006166419567,-1.71453470336016,1
-1.4763127412998447,-0.9462346968339267,0
-0.5492941184702017,-0.0067918000635736565,0
-2.8969429040986796,1.909008177645621,0
0.3343558345610904,0.13597510229559706,2
3.208889681496282,2.6715570457094535,2
-2.415862167055596,-1.3715567338455632,0
-0.6398933740952901,0.16305561901974489,0
0.028749518551943232,2.0724226855332435,2
-1.9419215214419696,2.624334703715873,0
-1.8267176386210855,0.659242599698957,0
1.9232230756791404,4.8841693356896245,2
-1.7755995755167364,-0.09160593003505176,0
-0.544600674132308,-2.903947415419464,1
1.6859343216370273,0.9636815538321466,2
-2.1331625799990888,0.5731965910546399,0
0.9833027769410164,-0.5334804759887777,1
-2.6174867034899956,0.8496037408777548,0
2.1889895103103956,0.18142631704893422,2
0.4314586049760669,0.13337899419430174,2
-0.6111984579804838,0.10206994734115388,0
0.2977996418985081,0.4510877809477142,2
-1.1824996718463048,-2.2799622320486708,1
-2.358869274825681,-0.002022399982366298,0
-0.05233584982944695,3.2243900487075803,2
0.04210857882961379,2.0030789635215753,2
0.9079336690210809,0.9804218661383655,2
3.151663502214176,0.765738683272067,2
1.7835893641189744,3.3574028602412356,2
0.9233946978498352,1.129405047442838,2
3.376638781907159,0.4218626870271983,2
-0.6067401821617243,-3.2108080583375065,1
1.2961025986240349,0.22467430864468188,2
0.7822623194131637,2.3738950620813797,2
-2.397782650250308,-1.0871903884214271,0
3.185007278740545,0.7825281753423846,2
-2.721867331333975,0.291493598205198,0
0.3478491121929852,-0.2216964451876933,0
-0.5601585160981188,-3.249776222037429,1
2.32656808194519,-2.1942233481344693,1
0.1797549527357254,1.0784639064470505,2
-0.6272919280722572,0.4759778277804768,0
1.6913201696840168,-0.117479407579916,2
1.1135629931785302,1.596803807899965,2
-1.095770217696642,3.28001489818132,0
-2.2038663631888626,-2.1279837217293567,0
-2.2083806260479064,2.2977214755018496,0
0.24366613225582684,0.8310832197484039,2
0.9458905440693326,-0.3067505541810463,1
1.1024129124686162,1.9118886479192752,2
-0.5022011686430777,-3.3593542467361517,1
-2.1262112669498814,-0.1743671141929836,0
2.738343112471776,2.945798478977255,2
-0.3160407268506172,3.6921923474057126,2
-2.3119718558225295,-1.802274858326772,0
1.4409000441549698,-3.3107276560891084,1
1.4707127353730747,-1.9829019902476437,1
1.4240175960694554,-2.4301314412279083,1
-0.33457826898067644,0.4646881434616881,0
0.6865989700761116,-2.741310825087807,1
3.7348129506515493,0.081258428677475,2
2.6106029523773255,2.1456512043750635,2
2.1256093184488005,2.63187888807253,2
2.011170957466277,1.5352882418402012,2
-2.4547044976878225,-0.8227037271450198,0
0.08402661225575547,1.4155428002171955,2
-0.016328289959248874,-1.2426282485165097,1
0.49538594826129395,1.0887216426042947,2
4.415216997730109,-1.883331989705394,1
-0.2852012028619578,-0.4608720873644929,0
-2.497084717557405,2.947978542226014,0
-1.126843654332663,-1.1064212860213254,0
0.13239222505050316,0.13452883854249914,0
-1.4278917811945269,-2.290455551699963,0
2.496903560537515,0.5756545804186448,2
-1.3865136325978047,1.85198541895835,0
3.380145194697353,0.14146986129009806,2
0.027379168985561288,-3.6003443879508166,1
-1.3086837977369339,-1.4269801668400477,0
-1.1944889986310903,1.1875444906951915,0
2.2855818947486997,2.1007416665578895,2
0.4657335874913359,-0.626195583452646,1
1.4190712755353352,-0.7800109782289741,1
-0.27609738269411715,-0.47685714636083865,0
2.90229635127299,1.1322492808724098,2
0.15738040155379537,-3.1838019845628027,1
-0.014537821194005863,-1.1421255433233815,1
-1.331649713272564,-3.2291563962801866,1
-1.7425785172144523,1.5807128829229924,0
0.9340191993928268,-0.38831080841799903,1
-2.586680661113813,-0.10351058463820681,0
2.255802199355117,1.7423940766162815,2
1.3190430200691228,2.551382634740147,2
-0.18917191389782667,0.08841127799408212,0
3.7711006202213295,-1.4543380565961563,1
1.8566872515291313,0.8774707428972514,2
1.3825093101371695,4.4993031983950535,2
2.474985614179923,-2.486329887595362,1
0.1590035113553169,0.17753306163935886,0
-0.39075972933206116,-2.7828321374084446,1
-0.9361077890967451,-1.7777068953100161,1
0.08885764318736798,1.4854073830318646,2
-2.283343401997782,2.820577952080783,0
-1.2520214840710844,1.7202800560131708,0
0.04283887841796838,1.8642024299089355,2
-1.023405249558858,-2.6651549574410804,1
0.47603333036596673,-0.1352067288978105,2
-0.3268679935242435,0.5836719297888235,0
1.5567996502087649,-2.6939213771893096,1
-1.825504459154689,3.211866592765496,0
-2.3567313542653863,-0.9848660108491216,0
2.2387494040445937,0.6343127272919092,2
-1.482713384603543,-1.141640686565308,0
-0.13695885718437545,-0.6135612726844883,0
3.6045821321019993,0.31972765012125093,2
0.2862050215108988,-3.762315323744611,1
1.5085059047246125,-2.910596327240126,1
-0.14979788358254056,0.5084539745031268,0
-1.2466149258541046,-1.2016905374009426,0
-0.4650073131553002,1.7225111287802777,0
0.23704452176184768,0.5509950030202109,2
-2.126798440264869,-0.7297945347641439,0
-0.7201705705446185,0.227976312182181,0
-3.3762137591835586,1.200914648658633,0
2.307345245358035,0.8433932292083566,2
0.7315199963830634,0.8856427742072664,2
-0.3715765550187671,-2.7487606684068218,1
1.6615143153147012,-0.3898663855624816,1
0.8842171684550378,-2.4665343387705447,1
-1.7204403942365976,-0.7585727639871575,0
-0.5502431059089525,-3.6644993596652458,1
0.5945000208995924,-0.7177459053783627,1
-0.550954219406582,-2.8199115518025777,1
-3.2094074066359117,0.8413961130036615,0
1.1023026453886215,-2.6886714738446607,1
1.6098655625821285,4.368884694413581,2
0.04731842843947512,-0.697840311408736,1
0.04991416261446576,0.6064291236054647,0
2.3754301960156905,0.39777646027420255,2
-3.2242703181888333,1.3510761348402869,0
-0.7966822744153985,-1.2463371951208235,0
2.2316942186508038,2.8746400799900074,2
1.793104849754323,-1.7257156543056518,1
-0.9708697951675269,-0.36989701148404897,0
1.3991795386051966,2.7595224874339253,2
1.2384276407384078,-0.22978046943788413,2
-3.5000046195213623,0.5298702535305279,0
0.05507374139735862,1.047839899767779,2
-3.065903928618203,1.0938679074173119,0
-2.203749466872317,1.8513031758007594,0
1.8081977200125823,0.6010519927153786,2
-2.2523609693373365,-2.3995421905745933,0
1.41128331124544,1.4416427444874087,2
2.2003134687305144,-0.4921687289893311,1
0.3901000183702594,-3.699890744810373,1
0.6422611526071903,-2.9033484919571166,1
0.469672683175842,-1.0152223325219578,1
0.32794874212543346,0.27099894403455027,2
2.3493112918188626,3.0816291853538376,2
-1.472534344594033,-0.2688824832555556,0
-2.156270450532884,-2.0776245101849797,0
1.801495144278325,-1.7007422512534291,1
0.46201259800017835,0.8189767904437855,2
1.485031120192675,3.2487373616014246,2
-3.2262000858518993,1.8174515450648072,0
0.003191891215682263,-0.31892844303774665,0
-0.41610388981564506,-0.32333835544101347,0
2.662271282951138,1.9839877201170275,2
-0.7881566957810392,1.108716733235643,0
0.5779850749928288,-0.07386929715017974,2
-1.5774447453391618,-0.18908597375877653,0
-0.8024170644070456,0.6444208244067662,0
-2.2824610738049596,-2.1896362251249846,0
1.1330650235552107,3.8111546288504905,2
-2.832214729159124,-0.8945460336794641,0
0.9380244390825474,-2.3230691025036116,1
-0.42539920397664405,-4.508072369968059,1
4.354048754863399,-0.23359241562548577,2
1.0379503796805556,0.0765509618056103,2
2.7898205690262583,1.5952648025996328,2
-3.0057961604580794,0.8748603793253,0
-2.8698229126619323,-1.4420899857275669,0
-2.319705336780537,2.6111358110789253,0
1.6153956953772632,-1.6876446011240827,1
0.5945801966029313,-3.323984718699789,1
1.8423193724521014,-0.5618511559544919,1
-1.3521320767286504,-4.207885514221496,1
0.7078721569727263,-0.7050839036701441,1
-2.118919759385589,1.1800308115140044,0
0.49620071740696853,0.3872277365339813,2
-0.7132193369796048,-0.47950268253131906,0
-1.2683240411574863,-1.3160085768353937,0
2.8700152641552905,1.800646453167572,2
1.0371653025287264,0.5416242899613163,2
-0.5401106217627757,1.009114183095625,0
0.3710288250792529,-1.0176415896766249,1
-2.6327560967395565,0.5225069072707571,0
-2.7871718668319594,2.1023220351417984,0
-0.5143616690593276,0.5297928223400225,0
-0.6415967040679382,0.7412187818838231,0
1.1820605706244836,-0.7144207591575961,1
-2.209888206656869,-1.6760045685721716,0
-1.0436848271247048,-3.0882293114371664,1
1.116570015354097,-2.4845657827401944,1
0.8532212460762224,2.199298585413046,2
-2.010744662278042,-1.442588657344681,0
0.2159958220207668,0.5316869347454897,2
-2.6045245888842175,-0.3822639623727697,0
2.535526223553774,-1.142257154236333,1
-1.338755201672107,2.066235920945511,0
1.541701404001744,0.6530708790519979,2
-0.4034008736311604,0.22869832757694103,0
1.2662358025998321,2.345939944552014,2
2.4952536686450006,-1.8265897036511762,1
2.2818110413406916,-0.08536369463354194,2
-1.3870322164637172,3.1539644094675823,0
0.13892385234724408,-0.9299260103417487,1
-0.007585403265189401,-0.11933953249915512,0
3.317449316955233,-1.7778940244665145,1
0.7123648930320632,-2.8075353945265955,1
-2.0848981491031475,-0.5330165338923751,0
1.6244211242920812,2.264179545031384,2
-0.38359907068648325,-1.394858229884135,1
-2.279075172243815,-1.4078887667754436,0
1.3288031878794737,-1.9874255171587727,1
3.1890211572794693,-0.8562720474891947,1
2.794052031510404,0.9673789278069105,2
-0.9706606655171136,2.6168088802563987,0
0.2449798413802692,-3.8034566068142586,1
1.3968260329090247,2.5168578597648947,2
-0.848086203157566,0.23511996698768045,0
-1.458717192388651,-3.4526312471382856,1
0.9308296216886259,4.679212302211181,2
-2.121809282775953,-0.9984840029732901,0
-0.785299664740969,2.164905067145945,0
-2.954608572725986,0.5027472429398729,0
3.147130910845998,1.0523258367898871,2
-0.13494033414235052,-3.3466753014115453,1
-0.3235861415185227,-0.8898720217446962,0
2.7703286767859474,0.8028228568090228,2
-1.3303722702478422,-1.2146068510931334,0
-2.6160561082915086,-2.2939084124239772,0
-2.476017310780756,-2.014352439292108,0
-0.3539749036762337,1.7694561292416688,2
1.898600810274708,-3.02708574327379,1
2.014093999197761,-0.2847805892622468,2
-0.12835323237169294,-4.309494335854481,1
2.706117350467333,0.038053330975270604,2
3.1303577650026724,1.3004829025798244,2
3.613046788772171,0.32706468817865075,2
1.312210015526942,-2.7156395806598193,1
1.209563841821402,4.045696128616097,2
1.8030533654685785,2.589342015699849,2
0.6361111402836082,-3.5788262518965834,1
-0.23850605054312823,-1.3993360732284796,1
4.011957380950069,-1.5471857714877304,1
2.7537683595213056,-2.8979767590158447,1
-1.3792719040377535,-0.19302200675232892,0
1.5140536997594571,2.5179697746818164,2
0.07959934199375573,-0.9614663400775469,1
-2.7153634653884344,2.0781738344067024,0
-2.662467330195023,-1.0621759573179346,0
-1.3571788864228205,-3.9351342823965885,1
-0.8166693252037831,0.41070842220775927,0
-0.1280109169262207,0.49843232488469463,0
1.3564682961049046,-2.935584251382993,1
-0.8140136636024462,2.497859709753009,0
1.2333964355775857,0.5823064089544785,2
-2.7763182122166885,-0.331822136013496,0
1.2095261097690237,2.691433989987216,2
2.114763191811474,0.5006131720513395,2
2.7588315142422073,-1.5945965926564574,1
-0.8872365826871333,-0.05443970248558283,0
4.263838454241209,-1.369182196466674,1
-2.256082982980168,-1.1040179620192756,0
-0.9296842316553866,-0.6945823231815883,0
1.3936887123116353,0.04724206182230083,2
1.610439355761324,1.275667071899259,2
-1.1610867287791795,-1.7911906338811387,0
0.35972133803987466,-2.445414761836685,1
-0.9752015868800994,-0.7460163748402676,0
-1.4023632661854668,1.3525536125894813,0
0.02217873612128935,-0.4193683277051999,0
2.4923159988137575,1.689995627731785,2
2.63018007345391,2.079731383689152,2
0.45303567853351007,3.8021597682052164,2
0.08170987977987422,-0.8415718041826392,1
-2.9200828971259054,0.18431723856103852,0
0.08454553399870114,1.6821615702020487,2
-0.21914427544855894,1.4185261403654033,2
-1.91936095599698,-1.830548201113714,0
0.4891019220099154,-0.8421281636058596,1
1.7825892976936355,-2.2727931272765916,1
3.2937047207755925,1.6813232835757346,2
-0.3332979209388218,-3.443097527448091,1
1.4033781349493604,0.62360835027763,2
0.5746999040667856,0.040377112069177365,2
-3.4951757375400647,0.5978800673005602,0
-2.0383711182528566,-1.1017533434246691,0
-2.459459989019284,0.17371278655988526,0
-0.26111032240050874,-3.497137597995485,1
-0.49998112935739913,-2.9520509786114677,1
0.47933155511668124,4.082195435204892,2
-1.3261703483377054,-3.1335797905266607,1
0.6959246343084189,-0.4828227995672241,1
2.417742338988011,0.6332628190461037,2
-0.3973636788156242,-0.3427171038783717,0
-2.670166404989442,-0.5029961629159287,0
-1.003461073076441,3.184281577286973,2
0.6125391782733598,-3.8608505860194207,1
-1.4156877045581169,0.828519969927483,0
1.1201734153313905,-1.7900988804955291,1
-1.3488077828555156,-0.2193611804962679,0
1.7878489563560667,-0.15185365056005012,2
-2.160400171783067,2.5705909945531653,0
1.5400841698141225,1.3606182165936682,2
0.2945172238044681,-3.6495823109719527,1
-0.10350803763357216,-3.6574970677024066,1
0.11580163811158874,-0.09437392053763416,0
3.102063079981844,2.2018109670893486,2
0.7428236663653116,2.5167147442146884,2
1.8526587679810074,1.4971486546575492,2
0.28265254351594027,-3.2000907274049117,1
-0.5093971170549841,0.757327350266191,0
-4.756658337969453,1.8651046881472186,0
-0.39529882571305136,0.013057965933092901,0
-0.024302252444081334,0.13774424161296764,0
-0.36748989666911164,-0.666525101263928,0
2.896504422599067,1.9738517170007412,2
2.818431741347929,-1.5169517271581465,1
-1.460261950051146,-1.8893799083107983,0
1.4976694080329944,1.5256876652172062,2
-2.8530340641486953,1.9162186068117162,0
-1.212521098218923,-3.9404543868383,1
2.0836728214908726,1.5403498777793636,2
-0.6327031001377369,0.9639722192863472,0
1.3195717455293303,1.1672674978794706,2
-3.302629891431896,0.8262433735416632,0
2.97771283984311,0.6473450540317255,2
2.281296941634955,-1.8701869280442913,1
-0.8076393600170014,-1.1579609397127753,0
1.8468695888526694,-0.1388177723590574,2
4.060911506543442,-0.6882581783406528,2
-2.637723251167315,2.7874613508689494,0
0.3234552870629277,0.45305919730318295,2
-0.9122325936609295,2.43855958686085,0
-0.3884502673789784,2.960641499446104,2
4.676990020356035,-1.992046992505221,1
-1.7793235043233064,-2.274105810783036,0
-0.9500803345056539,-0.30889428111355255,0
0.4103644883224761,-0.020575571455698608,2
-0.6768140096188515,0.25036081410931665,0
-1.9725885035777728,0.40594844909825967,0
0.03008067563681114,-0.31215399722411213,0
1.5548678729316656,2.699671952763727,2
-0.07494135675803103,0.2208002046542289,0
-1.0672061092622531,-0.3806749620098602,0
0.41349026467382205,1.964413408989136,2
0.5188035091485647,0.1891589451673411,2
1.0097489465645881,-2.9165073307174803,1
-0.004066605978855465,1.5296014445332315,2
-2.7377535066430814,1.624325224673016,0
-0.8812672295813359,0.2078724063045201,0
1.2748601036180762,-3.1547256327565876,1
-1.2320892523741072,2.8830937861189,0
-2.4070305953175333,-1.3016689959267402,0
-1.1653968515684534,-2.8872405208636365,1
-0.05121380367293848,3.315455687082756,2
-0.12802258275700104,-1.1415880518501051,1
-2.3675269539763364,-2.2975323615275816,0
-1.7663680032328746,0.6651645817642134,0
-3.4826349271033665,0.8398531842580231,0
-0.9518496010805632,-0.7620994750648393,0
-0.8506189597316673,0.13583440725358656,0
-1.358863877319714,-0.4893073825652697,0
0.40463308610532556,-2.4689864666935786,1
-0.4669920144560177,-3.6470150825214853,1
-1.6515058185939715,-1.4299100613132765,0
2.929549852523473,1.5399589738761557,2
1.5215977617443954,-0.30487962131884633,2
1.225044859001938,1.237347055006259,2
-1.0418598557974783,0.0840385032370203,0
-0.7227464216416638,-2.7477623706140237,1
-0.48995085501617214,-0.19395855796899417,0
3.912583334922653,-2.120120462785696,1
1.4012816653663227,-1.7727311670340258,1
-0.7923762245311741,-0.210257105615056,0
-1.4121445330423614,-1.7136864925815833,0
2.627815576240202,-2.4590213916712265,1
0.8579560430670706,3.4524444632321036,2
-0.9868160869856684,0.23121636646261762,0
-4.385944546583998,2.013188053143621,0
-1.9206636612170336,2.570673203907874,0
0.11870700808048272,2.5610255742494323,2
0.5263667369603204,-3.738942762705993,1
-1.5930299047923513,1.1084018091332946,0
4.004410223799147,-0.98889476176418,1
-1.4445033103217457,0.21391940632228265,0
-1.460702922296428,-2.0590973353632953,0
-0.028499717327672477,-2.2265453417605356,1
-0.3118695376055894,-2.7705813471645526,1
-2.8604304851594757,0.5942919816577609,0
-3.399633821368955,0.4496339810239079,0
-1.8445680624204353,-1.7852406175377458,0
4.0836830043727605,-1.0140176548293771,1
2.3386577991416364,-2.5637007139485375,1
0.808779057163573,-3.7773866337974233,1
1.9992652419445032,0.499612585129712,2
1.2883196381696234,0.16394693971860194,2
-1.4931556237620123,3.3268395872932515,0
-1.488576877005095,-1.4221677444201386,0
0.21195726528775743,0.08168411440005378,0
0.5308767953907124,-0.3085130263622094,1
-2.8009335368279014,2.3110566351134167,0
-0.4099615571805475,-3.9569078545549905,1
0.03947354950474207,-3.19773562733837,1
-0.627199169703673,2.848310376286179,2
-2.388460337441953,1.8785169740956005,0
-0.7401190475051976,1.7837095024786584,0
-0.7592675485045601,-2.9031362324714336,1
-0.8728138661353049,0.4620731903610901,0
-1.1557935790445384,2.1182869996098397,0
0.030741917323947487,-1.0984665056042442,1
-0.6225027920624234,-4.366284749334878,1
-0.9814359824945248,-2.056544048770784,1
-3.6895262638853166,1.0547716523383672,0
-1.4676066296893242,0.9757295495776033,0
-1.4970196917921967,-0.8223696036420837,0
0.4302400007188897,-1.27786509381104,1
-2.74499123455557,-1.105579626108573,0
3.7557666932030203,-0.7212223322541877,1
0.694893196731755,-2.4536901021809374,1
-0.3595907799450172,-2.5341127927592626,1
-2.3510765793209703,-2.2921343673648407,0
-0.8381135233216609,-2.055430643777696,1
3.309874748461737,3.3932449361299124,2
-2.809088329882114,0.9619703863700229,0
2.005232563159625,-0.1053354068349534,2
-0.07610597233879487,-0.10526902323645361,0
1.831135762352446,1.0840552117946867,2
3.030045602180128,1.4638564738808857,2
1.5886812999543056,3.6037954765518783,2
-2.8038761929118774,-1.4070053092292576,0
1.3685384208332498,1.800924802517894,2
-1.266352520480992,-1.1584348786125516,0
-0.9050531693442773,-2.9820112937203502,1
-1.236769484393274,2.631943298739929,0
-0.4271804715981739,0.4106052477263764,0
1.545870592503882,-2.4183853345608277,1
4.125062903827077,-1.1512715684181893,1
0.7428904750852625,2.951365985541109,2
0.4954784725683302,-1.0007563782454874,1
-1.711293065653232,3.2196162151555905,0
0.6410150265064177,-3.8066082287261023,1
0.672313554361589,-2.118225289314799,1
-0.8470982457147833,2.085283053751515,0
1.138952686242026,1.0260053261090636,2
4.268502454261308,-1.6049056153863928,1
-2.6548390490279328,0.8394647086656374,0
4.828918577353802,-1.2182601085233167,1
1.3421552052312993,0.0977335328621146,2
-2.363822357333612,-1.3793094354921875,0
0.30261081186780087,-0.9016690026127617,1
-0.7457094878196352,1.6095683231098166,0
1.2961060120451995,-2.11498501286396,1
-2.9396246443962726,1.2565783986248074,0
1.204256624001435,-2.115050632046913,1
-0.8047252924929195,-0.5216326983344743,0
3.1108364902400183,0.9922004912847289,2
1.2958115298305297,3.9514859658948143,2
-0.8380133140600687,0.3606528265670351,0
-1.4402153252977363,-1.5594423089402494,0
0.641204582252407,-3.1405099719066927,1
-0.3980175771685634,0.131134487788261,0
2.695078399320925,2.007772288176996,2
-0.0624212265057506,-3.207399078052377,1
0.9511426206964407,-0.7479983848969253,1
0.44980753544872754,-0.07771596146640827,2
-2.6208701238577197,2.116750157070278,0
-1.1325377306634228,-1.3015670596756919,0
1.2907805922504894,1.39447994041985,2
-0.31318035717824483,-2.7250908762727213,1
2.8258930656223447,2.238477878913472,2
2.400484284339329,3.132674980219037,2
-0.14141750621786675,-0.5080779297267483,0
-0.7702782582697114,1.717079288002751,0
-2.618958387982171,-1.6197164505620965,0
2.4573875918915626,3.447866806451933,2
0.04023602108925533,-3.259391020796258,1
1.6023624937193632,-2.0773492037158827,1
2.863601510854779,1.438154157230734,2
-2.9496565891441957,-0.8279278418813418,0
-0.48631252819547555,-0.45762061129445025,0
1.7931035016818162,-3.113015190604989,1
-3.1896517285174597,1.0000738110125424,0
-1.8769183407499253,-0.1703913175337795,0
-0.7528440647905233,-0.1436299445887848,0
-1.3749584857382289,0.9346834247262529,0
-1.5970884621445551,-1.988803564654707,0
3.0360170391035366,0.9094775712285471,2
-2.3524717700599997,-0.805835173519866,0
-0.919533685236254,1.3877812513700507,0
-2.7345237845823887,2.375622908966327,0
-3.360072586520042,0.6924496812462655,0
2.183630300134672,-3.0903134035861135,1
-1.2603642890425162,1.8668061121455792,0
2.114703842660733,1.9727504763321646,2
-1.0219484381562998,-0.3845343044126228,0
-0.027718676864900548,-3.231178125815204,1
0.3170353065658429,0.7367052147978819,2
-0.5349113594346405,-1.15715553340274,0
-2.4417334422157615,0.6393109951393763,0
2.869640331856414,3.3722582508655967,2
-0.815554381266511,0.39589399375949047,0
-0.8753290837808241,-3.9959393426036094,1
2.2292887543888056,1.778177377486435,2
-0.0930428277974636,1.3744857867384686,2
1.5636956428838849,0.48335121869483827,2
-0.24631629270544908,0.162109038943404,0
1.1622349005299029,-0.829207562494555,1
0.8328533614944202,2.144844186222129,2
0.9782829332796901,1.765322505439855,2
-0.957575072745427,1.4307655932387011,0
2.0676451762207257,1.7288186945056687,2
-0.7905542248957559,-0.7143329363537313,0
-2.0533635389411136,-1.0563274987927207,0
2.5940328022560553,0.24270418869270455,2
2.4424500322035736,0.16377767179153166,2
2.1218230932232993,0.9834795934809784,2
0.08478326267916911,-0.21729767702159317,0
-1.2038935948961835,-1.576315132458134,0
0.9980232539477795,0.5106388446230461,2
2.2468984929641223,1.4096486256865182,2
-2.582651338514295,2.6368680224290624,0
1.5154546342874577,-0.25457941743538326,2
2.2494068875129374,-1.2907731864200243,1
1.1825505457427228,-2.178525922807315,1
2.4095767886487907,3.121889479308122,2
3.114029990456048,1.1956240204935875,2
2.1897253987646836,-1.4721942632741596,1
-2.6688951316412877,1.72725497842917,0
1.6968855085318302,3.753878729789771,2
-2.8845633556201635,-0.6996001032960573,0
0.4879266872857584,0.8572683627473953,2
0.9836496573604991,0.446943342053372,2
-0.6572695530437822,-2.470620062328073,1
-1.659229644787684,2.9593719198035098,0
0.3650150816720706,0.5930718103703311,2
-2.3524040205084678,2.146929398524444,0
3.2048813851200415,1.1106246109737947,2
2.3971124326181035,0.23064027490446137,2
-3.092442838189342,1.4165125698271679,0
-1.3572069815425651,-3.308315839670487,1
2.4056498378708664,1.3002204590169364,2
0.394096364250684,-0.7971274485562286,1
-4.846497532150354,1.8754967690243851,0
-1.8274621980231933,3.1253262692483443,0
-4.33473763659265,0.7342119139503992,0
-1.8395147851326574,-0.6468980694177952,0
1.5527135318358654,-1.661862998852089,1
-1.1462869762037788,1.302698031853173,0
-3.499479367960705,-1.9245511039725465,0
2.6642357423977705,0.9141952764976877,2
4.490119524187358,-1.3041013579641336,1
0.9666658756599961,0.5137635915303083,2
0.9931492099018232,1.8081148718802569,2
2.627254769601423,-0.013423728005608307,2
2.1037113235832203,-1.6969387609341926,1
-0.6273555197416627,2.791540682983494,2
0.2198108627823129,-3.2489839561398877,1
-1.6899056076651637,0.326209013518208,0
1.2980952320368675,0.17873213103556668,2
-3.1605387183433584,2.0629130296606086,0
-2.0114748987459827,1.9000268370674025,0
-0.9881971966888933,-3.109385886385288,1
-1.9759787979747232,0.47280449680162373,0
0.2658988571392059,-3.8277854005867886,1
2.9695784490357235,0.6001970998397983,2
0.8252034358533329,0.5987635642008076,2
-0.30830488451434673,-2.471651207826453,1
2.200858681658354,0.8344271469994092,2
0.3650157883727886,-0.26181125280866174,1
-1.358174604781347,-2.8143605324389127,1
-0.7990174309921957,-0.009961113361023864,0
-2.304515817374791,1.0292892663546565,0
-0.7697941599597828,0.4864077389367231,0
-0.18413561659488248,3.3768821659283477,2
1.8641236315784662,-0.8498079040846402,1
1.4539868265259108,-2.4217609567554916,1
-0.6072997194354713,-3.2366104579644226,1
-1.8194243976056077,-1.2596250010507855,0
2.0587586546965513,4.307051701003179,2
-1.6210442661615432,-0.03243492505822426,0
0.35769263834193815,0.3453949471236974,2
0.5152726362073047,-0.005029455061643945,2
-1.4677117490178408,-0.20652121810414467,0
2.206516685173133,2.4560844512737035,2
-1.89759969152892,-0.9634018252968466,0
0.34090978700259755,2.311868784721189,2
1.2508793980889272,0.15628864417412386,2
0.13572716844779534,2.309020752462913,2
1.9771526330095903,-0.35061445350563264,2
0.4432158467374099,2.2444415702946277,2
0.35672878832581395,-0.41074383404232073,1
3.0375976610518967,0.6755855013437737,2
2.1756774770117793,3.335268828558376,2
-0.43145651639509136,-0.10717527363769312,0
-0.5369192608893982,-0.11982940686516452,0
-0.6706795955609542,0.34238674904435484,0
-0.8742801895000165,-0.7293945045778495,0
-1.0145409251547437,-0.3784430183847245,0
-0.22744436738927953,-2.8852541771062117,1
3.7043998387945303,-2.2466025562417635,1
0.29354699759046826,0.44001212977555565,2
2.3682018535076415,2.6763037844160897,2
1.1847097624417724,0.7623310512827473,2
-0.41991347273406754,-4.245600410368407,1
0.4128102978875432,-2.9795840535168576,1
-0.6891924924859543,-0.5247892727022218,0
3.6779715068669234,-1.050985553334096,1
1.724777023443965,1.6459236717898105,2
2.4221766117617727,-0.1032794897502902,2
3.295818892906319,-1.6962536221468616,1
0.43462009971016496,-0.43492105586098967,1
-1.4439754790220436,-0.6949387327478344,0
-0.7046644354067912,-0.78455859073064,0
-2.790762465410273,2.0723304751647205,0
-2.2141208962580765,-0.7442024327203415,0
0.6407890398740355,0.4081606168686603,2
-1.0038383527677681,0.6579265084099809,0
-1.8520866787897592,0.24788265236245605,0
1.2000314985210436,1.4398872748371323,2
1.8213319904936627,-1.6398044296264829,1
-0.9203518468013696,-0.377352149416331,0
3.3775025214361727,0.8401327408054747,2
-0.6122170769476452,-0.12322959359431314,0
3.0474593631937688,-2.736791696892568,1
2.6914140146884833,2.637859974185683,2
-2.1830803070891043,1.244710709232406,0
2.758814601995236,1.5565328107419194,2
0.9320343488098242,0.7424404771274633,2
-1.1299758408873088,-0.08547921182161895,0
2.8198925312820275,-2.4753655080658534,1
2.0915223469475097,0.4524176618356649,2
1.3608033153430161,0.7866542940128768,2
-0.25772966628428057,3.6041335980578126,2
-1.4978174147329584,-0.9870562884906041,0
0.48860016663209427,-4.0766626499071394,1
-1.0170382538193883,0.18665830318899693,0
-0.9243588282938053,0.474499727460063,0
1.0338032769228387,3.705300407997453,2
0.30473839679839276,-2.6168120268093276,1
-2.027849996769436,-2.109316211232193,0
-0.11025492628844277,-2.472889436595743,1
-1.2623220958835277,-1.367665579327176,0
-2.6087086853341837,1.5934967513817246,0
0.17591399887854456,-1.120107499342758,1
-1.4228986798939927,-0.23873522284639198,0
0.944875214937979,4.417972495486491,2
1.720331178168747,-2.671795167456408,1
1.0352721650811798,3.761345625137672,2
0.34973074749066696,-1.0780170189819496,1
1.313135330799607,-2.3830415179652267,1
0.25175980521203384,-1.9892023431001202,1
3.964427839185832,0.37702934200175686,2
1.3940122256703218,-0.774022194609623,1
-0.2271143285763773,-0.04422072721927744,0
-0.23247157043322192,-1.2587956304319678,1
-0.8920626896027156,-0.9316276698364478,0
0.3173640243036239,1.9171413598655813,2
3.0742662491543213,2.6017501384412887,2
-2.3640769344419996,2.8080346137547054,0
-0.04883690713746341,2.4565818748278336,2
1.2916672235811768,-3.1427837785524866,1
1.428718760962879,4.136754300190604,2
-0.3405576026351928,-4.2294156462321455,1
-2.1227568282790688,-1.790979634301921,0
-2.357428051015448,-1.115615757955025,0
-2.530444001056326,-1.2641257501326622,0
0.4282786605755495,3.0942327400717944,2
-2.4668781421468884,0.9151994965121374,0
1.516200395870213,-3.2724850087609436,1
3.2444279113623002,1.021738931549434,2
-1.5637005316072812,-1.2391510370579395,0
-3.953590710055324,1.8913259270712126,0
2.770012200754643,0.08099710343156785,2
0.8011756993664031,1.515641231120769,2
-1.983278828402471,-2.2152561968924784,0
-2.4369181802273565,-1.7166943309423006,0
2.0432207631260013,3.48266366875977,2
-2.222018558788399,-0.9845856066576061,0
1.6119147776353817,1.3639567804219817,2
-1.7559109666030002,-1.5263485956969185,0
-1.0054209625393886,-0.32989187660466207,0
2.938899870521572,0.622247033097422,2
-1.1528116743889056,-1.3682944102887875,0
-2.0432485850013746,-0.4682096100279798,0
-1.770564280291879,1.4276993821881443,0
-1.1947721085113119,3.1924872135494113,0
-0.4701154962321108,-0.5135852272283356,0
-1.5299740414187248,1.8719723802696386,0
-1.8211276330740005,-1.7796965125756259,0
-1.0470335741266974,-0.8247852796809833,0
-0.5297422333059034,0.8214437892170199,0
2.048875044924633,2.901645016677087,2
-2.3081452751647586,-1.9668048962445661,0
-1.7666664034873476,1.503278596103692,0
-0.7181878633557016,-0.5844366315060416,0
-1.2814933490200127,-1.898164984822765,0
-3.6798795505715702,0.5575798872109184,0
0.09968222466600156,0.2380244233443191,0
0.005725256964600517,-3.3852574607760206,1
-0.21578767317345826,-0.03000789268646105,0
2.6296804852241675,2.18021934842535,2
-3.581933850048883,1.2587599791368804,0
3.572121148810035,-1.200088751734093,1
-3.4117872806353273,0.5302466132180845,0
-1.8567646802679547,0.6841719344612566,0
-0.5121480111733218,-3.1030549769238656,1
-0.4459795750172736,-1.2830520596655046,1
-2.4209616503602844,0.22559164098400622,0
0.6042153686475299,1.3458314878876902,2
-1.8527003263022128,-2.2068936664646834,0
0.5154478978593953,0.07873440318984658,2
2.8115793332056946,-1.5291783731669395,1
-1.8690954413077494,-1.538047324641544,0
-0.9674940954105721,-0.3345242226813839,0
-2.5410482933047214,0.6393162821363806,0
-1.2798748696436655,-0.8237766275651188,0
2.3780884420684836,-2.0791170835216946,1
-1.5771399596903375,-1.21544108582956,0
0.4726485056364671,1.0727355432656855,2
-1.1481608815380266,-0.9052265529580023,0
0.4055405346235843,-2.3672084385552363,1
-2.8589102702950813,-1.4437747562829926,0
-0.8960051779899914,0.9667074315164538,0
-1.7103455807028405,0.8760097246691028,0
-2.415479926509221,0.6826505759048412,0
-1.6941427991131754,2.672322561826134,0
-0.6450571614150996,-2.7945657809948456,1
0.5842618828688568,0.33598076712881886,2
-1.585349059839677,2.3661085722290935,0
1.145389066749644,2.0027281651647835,2
-0.30291759353223546,1.955005118710723,2
-2.4353625331370186,-0.516427493519461,0
-1.2358083576630077,-1.125488595771085,0
-1.6090177695474324,-0.3719933474195303,0
0.06460772196376512,-3.8669029262279535,1
0.33648604675442184,-2.549558172050927,1
-0.2773606734718735,-3.1183076692723093,1
-0.24394249336206245,-1.2772917179839005,1
-2.4475913498116864,0.7733142744509287,0
-0.21771422796433293,-3.213797978640776,1
-2.1880954810125184,-0.921193081221335,0
-1.912410270752255,-1.914916579655769,0
-0.0807305229772439,-0.15998472088589855,0
2.565358872682064,0.40547094953071466,2
-3.6973011485626244,1.990512427244744,0
2.4127252976687483,-0.339627866339099,2
-1.3774828193107043,1.1868399754310004,0
-1.243434568111702,2.0550419246084495,0
-1.997103593077835,0.29889379945385613,0
0.38529323460587284,-3.8954402793341028,1
1.7774018400413818,-0.2997470881354144,2
1.9097546163592827,3.0021120401421055,2
1.3310397077621032,1.278000492364337,2
-0.3245810259669038,0.15989054285724127,0
-3.8678514735956644,1.7732218749357989,0
0.6102666120635528,-0.7941192884294738,1
2.0541842067425167,3.012852361747958,2
-2.5175930604242227,-0.8190459333157578,0
3.91170045257866,-1.4290965558497042,1
-0.17687227983934337,-0.9134232557531049,1
1.6926171314637026,0.1399127075129203,2
-1.156429022349802,1.610119866637776,0
-0.11038217022286084,0.02181141766240953,0
-1.9937674818248263,-0.7497425701189787,0
2.9936455262083204,-1.1024234304006655,1
-0.2082092658274584,3.3297898173204654,2
3.8538923439620145,0.8303471540123819,2
0.3522533291932765,-4.01092125014036,1
-1.2088716273139724,-0.23306638768801932,0
2.951627222562447,2.211116999908865,2
0.1569769894925765,-2.55443780699498,1
-1.4078037548601798,-1.6114533998842522,0
2.8292840371577626,0.5085316235999405,2
-2.0469147975735686,-3.454340921145351,1
-1.1174924457266557,0.1917179112032846,0
0.293486062377964,-1.224732369538148,1
-2.2348875534768675,-1.8388755374933903,0
-0.44817002415760343,-3.124866243625332,1
0.3925898005306664,-0.07085735213947159,2
-0.028801848059204296,-1.3246511476494713,1
2.911868293656595,1.1209457884718574,2
0.5301096557681059,1.0104169212317489,2
1.7661896038764568,2.3359932830816317,2
-2.238675467450611,0.7174159984227158,0
-0.774996516927868,-3.8312605323934252,1
-0.8518517854141878,2.8155084358886424,2
1.8878092230548635,1.9074502853038464,2
1.182298099099649,0.7957720549438488,2
0.25693253985677217,-3.6486460432521888,1
-1.4967041189460508,0.10674039521250657,0
0.0765102696589647,0.1577030944205982,0
-2.495573404531242,-0.9184317326519963,0
2.8440690477920487,1.4888658975235818,2
-0.2319760286343509,-0.5790312887827475,0
0.979790675429507,0.6454468926969135,2
-2.691066193151082,1.0225350112174005,0
-0.6652473617202633,0.5278630867462955,0
1.2054262177741546,2.5054652820842342,2
-1.7977702853283808,-0.5173409799218704,0
-1.7749894612041324,-1.5527683150463691,0
-1.370943652770447,-0.5588615110614695,0
2.1326524435518612,-2.964944690990707,1
-0.24312476258065752,-1.3557015353700963,1
-1.070911184112977,1.9878652733821995,0
0.20471726825670614,2.85175654878252,2
-0.28111332664586813,-0.6394645607222991,0
-2.895919601965092,-0.8826179849697486,0
4.6053392919209735,-1.1993423332769158,1
-2.069527934339446,0.2461871567272545,0
0.22897627680948465,-0.8583711999684301,1
0.35862854416755596,-3.7806662962852156,1
3.490558039644135,1.8702999825461657,2
1.789927894915663,3.5993183753825604,2
-1.0800345038752206,-0.1777964666714374,0
-3.4562119229795116,0.7509774702090924,0
2.4992303428257365,-2.249612232409156,1
-3.2020764959239902,0.08113282313339308,0
2.705319046213911,-1.9587352453015625,1
2.0415632551373912,3.3923019991629086,2
-0.7599819926271497,-0.7717399746578985,0
1.8381331199211377,3.8814652437074866,2
-1.6845663866786187,-1.8100526524379346,0
2.5067656465262886,1.0241723472093567,2
-0.14176188712365204,-2.9195153477586646,1
-1.6370943564272893,-0.46312517013284965,0
1.9359929312720678,1.2730127411987082,2
-0.08583672498126659,-1.2216041202583388,1
2.670601919584612,2.3302807973019024,2
2.372375787864984,0.2922740967479321,2
0.7794720559189355,-3.5156391031584895,1
-3.7244047121928516,1.982131869463797,0
-0.0677401427139212,0.5130377629746516,0
-1.3361314800731365,-0.2398732775822739,0
-0.4402413827607495,-2.6825633431347105,1
1.0416055155136563,-0.5998740550064302,1
2.5369815976478156,1.027886568605065,2
3.250681768583547,-1.2747109106735472,1
-1.2504829912068525,-0.2388112056784522,0
3.053486467339727,1.3948701133781287,2
4.904145616542351,-0.6210469892731049,2
0.2163069374103336,-3.5947127272022192,1
-1.9057170030795376,0.5190999333300526,0
-3.013147346526209,-1.4822725322917167,0
-0.7103104252821693,-0.15679562702138589,0
-0.6874141103679623,-3.797340332115834,1
0.559283062416159,-2.700939372968854,1
1.6753262420502344,1.1795595481932812,2
-0.27013961125419017,0.09747294461171471,0
2.4665807094466565,1.2092117519593049,2
-0.4833628735789928,-0.3711132461812493,0
-0.7077456581915292,-0.6747353942765691,0
0.07359560059989985,-0.8566641909989857,1
3.0349287798478604,1.55758654869113,2
-2.5571962966787027,1.437724760883309,0
-1.1246476230160458,-0.2720717142129981,0
3.627761443762227,-2.182357199238496,1
-0.20289960282911054,-3.5339390028000497,1
2.16154531289061,0.4564339677466949,2
-0.4618005578645916,-1.5176502592078784,1
2.6934879037418353,-1.8985714922551706,1
-0.27178017591872045,1.6896335698428813,2
-2.606883738587937,-1.5231877750757938,0
-0.5149318830822641,-1.1681605164567705,0
-2.1134414864260895,-1.9405183557861525,0
0.11060828124299303,4.021165199898979,2
2.381744382482949,-3.338650570746932,1
2.3712806774013298,-0.040660139497970996,2
-0.46289794143291335,0.170064101966273,0
1.5648069932589188,1.5022220931923025,2
-1.5654494438533983,-0.8352793242911243,0
-3.197397472553008,-0.9515957299514489,0
-1.289905001994891,-4.443484108954832,1
1.3567144236729622,1.5719934834598652,2
-0.6060571856835372,1.8377889095114757,0
-0.7637354757950274,2.0336299384960244,0
3.8204389745584137,-1.1904379006660195,1
-0.10128697203188025,0.31802753035529885,0
-0.5777202677780711,-0.42809355559052875,0
2.7118901554243644,0.23378790712386738,2
-0.9904242319350677,1.7206306689796411,0
2.1258407041619125,-1.471013054640361,1
-0.42933029254276606,-1.5615290798482426,1
-1.6448023331148196,-0.5249891469973844,0
0.8773455712135567,0.8521021098908432,2
2.656491761071814,0.6881115498003654,2
0.6460556056139503,-0.5489114343872329,1
-1.4246563684387985,1.550587095370191,0
-0.4931647863182669,-0.6170350616682385,0
4.833863924524535,-1.2803962926543693,1
3.21036247302678,2.437850967886311,2
-2.5550154570029786,-2.6860148867765883,0
0.6823752660031147,2.3116588306157784,2
-1.0326884948598882,2.3510540049055204,0
-2.1054972878327094,-2.0754342106327766,0
-1.9748794528249929,0.8508349026757782,0
-3.2151362597476316,0.659968181906031,0
4.468266879177697,-0.23243122383604392,2
-2.5052664522267842,-2.590899731132892,0
1.2815466265011033,3.9289867105110168,2
3.4941176879669977,0.027466068316468875,2
-2.6128741253514494,0.7953953412507604,0
-0.6497708916509282,2.729008065195411,2
0.562765271530266,1.8807700304621409,2
2.3210825530198536,3.925600117665654,2
1.2990866719814642,0.547871338857885,2
0.1094450080939459,2.199370426696656,2
2.4580741867214906,-0.2623093309115735,2
-1.76795403754115,-0.05866265201857683,0
-0.8306008969589754,1.3644185973298733,0
1.690063643464966,1.9265363727480604,2
-0.6060036499048861,-2.96385372627726,1
3.4704260137285696,2.206494366863418,2
2.5156049889369543,-2.3293458418552624,1
0.8708767928116057,0.40407551169556305,2
-2.9025605784522157,0.8912078545795986,0
-0.9693299261654769,-0.09897076938257236,0
-2.69256983143783,-0.7823223140939499,0
-0.09760715378948366,-0.53983296003239,0
1.7224002195570536,2.4638894919063357,2
0.1978727293871944,0.461589568966603,2
1.4314907469435267,-2.62438261134076,1
-2.269966688327346,-0.05380259504029909,0
-1.8385233472091476,-2.1123838995914173,0
2.3462862857198608,2.547629988639769,2
-3.2402678289003304,1.7439610171981126,0
-1.6040381201982794,-0.5749412217394159,0
1.80528057357009,1.2933558518330293,2
-0.15400461148949157,1.6648954668767604,2
-2.3730170172568448,0.7503365103475083,0
4.384867357141503,-1.741524405134571,1
-1.4626439782204645,2.3215404983889885,0
-2.144244872513051,-1.768909053554315,0
0.9661120254682047,2.347688019864162,2
-3.4894794044429625,1.6883142573240437,0
0.29329180136587524,-1.056691054452321,1
-0.9458802712300232,2.3525283065885945,0
2.437304427982766,0.17184338157775123,2
0.7484602952008571,1.539520432364228,2
-2.302970391478176,-1.0143783816500598,0
0.8027377670519015,-0.12555072035946316,2
0.9302352144046543,4.466646871975955,2
2.1944213290426453,0.4713796444365819,2
-0.2063600398050445,0.39807314575117203,0
-2.877102595447856,-0.3279435005410052,0
0.44006052441930693,-2.0511840728582995,1
3.4125153479055674,1.3646387211212185,2
-0.5177280103788522,-2.278942645717387,1
-2.6641442329578022,-2.014154387357364,0
-1.5321872138938795,1.540874799200591,0
1.3715892716199873,-2.649679706765901,1
-1.8381020325120354,1.7960262092718196,0
-1.20047250754286,-0.8022788794617323,0
-0.8593267470845606,0.4146355557349728,0
0.9001767956418627,1.7558178108390368,2
-0.9920345114802026,1.847536591699983,0
4.139074972071975,0.7272522177970169,2
1.3578975536446019,1.7301253863858994,2
-0.8612184438647003,-0.6001701205981071,0
-3.1308444777984556,1.1931815416207086,0
1.2646764711352327,0.4437711456684085,2
-1.4707278399568056,-0.8947607465706807,0
2.7678117461416463,3.0423097641450134,2
-0.4509743106889223,-3.0059790536749005,1
-1.9359305184286522,-0.273789798193522,0
-4.793132679612651,1.7212033329311762,0
-2.0413414584507867,1.9982388040083403,0
1.8858345609674005,0.5656904899842957,2
-3.124582064581767,1.5549678437042789,0
0.40082370230965964,-0.4987573488210904,1
-3.2720845394477336,0.4267545469649926,0
-0.22143775206689112,0.606640510243037,0
-1.5350201001847266,-1.8953759118495255,0
0.9124790469694195,-2.829281640227386,1
-1.2717360866454905,3.2739909191180745,0
-1.6334670736856962,-1.434394101144246,0
1.6753126848790645,0.9691959624718695,2
-0.20336154948598903,0.3079935852040488,0
-1.5021869831600991,3.1750436305011833,0
0.8658595068244175,-2.6459184065846446,1
0.4926138924851067,2.2226956178059654,2
2.054439606325152,-2.8531203334247777,1
1.9710578987139975,3.342369637817455,2
3.4249087568712664,0.6026642921294515,2
1.610290314813852,2.561603802029836,2
2.8023466105999835,3.063113973711444,2
2.79337282241128,2.1113147060356114,2
-2.8063717735890634,-0.44076999231257297,0
5.060066424154179,-1.7235491701952652,1
-1.9211391667100985,-0.15128451744190938,0
-1.8600383259448838,-0.9213205374463648,0
2.4688156601540463,4.147331214826341,2
-1.9400539743896748,-0.8867170531408892,0
1.634172696522931,-3.154245474836398,1
4.214543661118793,-1.5247715586119144,1
-3.6852043714879033,1.7356367103089645,0
-1.7206019375384976,1.1857398514660054,0
0.12792440350887388,0.4282436716477065,0
1.868424479257244,1.6751055328595739,2
1.910057628360784,-1.6153243750829323,1
2.790347970953143,0.4737865669938053,2
-2.501670834411291,-2.1131797234451897,0
1.364550089992028,1.5307818588718174,2
1.9508033866268246,-0.24279700163002071,2
0.4083370815297037,2.6923011866314814,2
-3.5859051781229456,0.49512509463424753,0
-2.043497605678787,2.110396927780397,0
-1.310156136055168,-2.6861107092796903,1
2.971974380838011,2.3692275947721915,2
2.0758998132024713,2.6020760606396838,2
-0.4488476201722568,-4.307131579221295,1
-2.758747324277365,-0.5870520557436402,0
-0.4271108821922337,0.22826490347855527,0
3.305911988978244,0.3587112459826403,2
3.133934640823982,0.40580309217751404,2
-1.9747281367504192,1.4823221746090478,0
-0.6884979388322597,-3.1221012744302614,1
-2.3977095357890805,-1.3685993278762807,0
1.2575970055694885,-2.921280866072641,1
2.751822250598804,0.22753136054625528,2
-2.3176469119522354,1.0334620572063415,0
0.3829782507257423,3.6236877295904,2
-2.8208867164685536,0.15167522767141192,0
-0.7062701636179851,2.711450924825644,2
1.694122171118739,1.90768443316914,2
-0.2194497776453272,2.559434692994243,2
3.5734653502056646,-1.2907366782429954,1
1.8817818624916163,2.2593153333761014,2
-1.391408550943879,0.042762707265722,0
0.9279552809146882,-2.6468984355522434,1
1.2029768464638366,0.23126024517872656,2
-3.03663929575497,-1.0008068557346181,0
-1.8644564742858452,1.0235410143536967,0
3.485562643487207,1.4608902427850536,2
0.7293053314835148,4.11020912750151,2
0.6502095153174106,1.6503623499816045,2
-1.6767743802702075,-1.6282588548635777,0
1.3390056929623801,2.135557486605343,2
5.317022065118003,-1.4795450971067792,1
1.1914180568488613,0.8787490665328862,2
-3.9915623996814547,1.7609851544778963,0
0.5296800986767196,-2.0321855069333226,1
-0.3666483221466834,2.5193458361610226,2
1.3827275010735054,0.217223905860191,2
-3.1093684398450434,1.4677818458496963,0
-2.4870343057201283,-2.1805967060555274,0
0.18372519243867644,2.7378172350292864,2
1.476468019772462,1.226131623832384,2
-0.5679874187348535,0.4981932516733986,0
0.47788407973414326,0.9308807919888076,2
-1.7461526765090831,3.2976426915025043,0
-2.592924680022228,-0.767931390743776,0
-1.6457774290990324,-0.7451519519063127,0
-0.4591541033194095,0.5372815023248687,0
-3.9034350749681774,1.6890124355711518,0
2.3048790926656935,0.8046485580297377,2
0.6946252345848689,1.9769934854860212,2
0.44951117375486915,3.6303888878674324,2
1.0532056456078343,4.191297505949746,2
-3.310286795621553,1.4910470602687642,0
-1.928885939697852,-0.9999428862628355,0
-2.9284806346018897,0.9007344138813822,0
2.109871280558884,-1.9153581070946766,1
-0.01824346297049904,-1.0568913729588347,1
-2.274833036666461,-0.8844036540314074,0
-1.6758866001598325,-1.1493744001473143,0
4.472139255178276,-1.980256280869937,1
1.2447822040409435,-0.16316375457235863,2
-0.8306713752532537,1.64268845233073,0
3.036625812196228,1.4424375211714175,2
1.8444768050786768,-0.25236329030026167,2
-1.3970444581095742,-1.0810098895394242,0
-0.0037223720494229235,0.16933262944112354,0
-0.5355219918416413,-2.6864574180707836,1
1.3540195160445587,2.43448869669305,2
-1.9692791418030828,-1.973918811474266,0
-0.6936587159782284,2.0339032568854876,0
1.9136098427130976,-1.6767390209200987,1
3.7668777147329546,1.9410157833926276,2
4.208808527449798,-0.7990874766597258,1
-0.9575001849549731,1.8467211461186426,0
1.0493892736259536,1.7083242122368072,2
1.3314550608560616,2.8225666525054502,2
2.5362433976688856,-0.029934129440487452,2
1.4235564717273448,4.16537702314482,2
2.092770898453412,0.12870727101084597,2
2.7663388832062856,-1.9518069787694663,1
-0.12026562433560017,-2.5218115015886533,1
-2.6584624209269396,1.1847556327407005,0
-0.7298640366535496,0.11253880444014966,0
3.0490053065767007,-1.968866653366161,1
-1.094500722616027,0.21163839252772138,0
-2.6707688052567864,1.2229207365459085,0
-0.2945651339169078,0.040250777148958486,0
3.7878872516200635,-0.8817527645392418,1
-0.8680786847559586,-1.2333159233327171,0
-1.4886590177425487,0.718636095415038,0
-1.4166354934150656,-0.335880533285543,0
-1.5214668187155909,-0.3753070810325228,0
3.6081122158121754,-2.5374877705754226,1
2.0528126500680917,3.145993752408883,2
0.9835620624591989,-2.387438863761422,1
1.1245032917328122,-2.0580965195036467,1
1.040267912380227,0.20253340801640243,2
-0.9420202907647927,-4.347401905538252,1
-0.5680103457031853,-0.29691372255121584,0
0.4372515618293097,0.5314018957228008,2
2.961147589426042,0.48917298252826896,2
1.318291355749464,1.2050057851000897,2
0.7372682221545425,-0.7658849032272955,1
2.5609533187069276,2.3459203982669576,2
-0.19279327471713592,3.783486741095861,2
3.3729410093321994,-2.0974070096874913,1
-0.5158088320537585,-1.6655306388206739,1
-0.6151472378887503,-4.104248389565564,1
-1.4094210833956022,-1.1717523776812366,0
1.1055607261668348,4.534649884433446,2
-2.791763168763123,1.08857415114877,0
-0.5640718105217277,1.4217609502672939,0
-0.477656783233009,0.4078768591264901,0
-0.31033036501026123,-0.7262800208850017,0
-0.29542386325160724,-0.564366506856355,0
-3.787705733919735,2.1441963482261444,0
0.3634038246621549,-3.904770495908997,1
-0.19657141036587397,-4.486032370474949,1
-2.23290423712582,-0.15415077080324688,0
-0.19969374511856786,-3.327224342018418,1
2.6368658867109067,-2.655241001651267,1
-3.6217356211788196,1.0431792074140074,0
-1.928760379286267,-0.7785847000907742,0
1.6493462954566966,1.1046073913670325,2
-2.412335945289011,-1.0606520105633075,0
3.325386720067515,1.4595998586691896,2
-1.9061248728328593,3.021168848105755,0
2.731331156223675,1.6592380243548803,2
0.022539091571289548,-4.1723031555427434,1
0.45737694911207394,-2.6494099201977632,1
1.5622597811557721,-2.395814276358346,1
-1.6282135398514739,-4.14651928392938,1
-2.2775146261564645,3.17051196917702,0
0.6024114024664691,-1.8722561398332311,1
0.5312665825262186,-2.7472213939961723,1
2.818578328994584,1.157645302548944,2
-2.507943675458498,1.4815462512056516,0
-0.8196803183451316,0.34104551000567135,0
-0.9449028207408445,-1.081661575003593,0
1.0262047307788205,1.4516387587034891,2
-1.3393284378641097,-3.150937371953294,1
-0.19962689396708064,-1.0248160799934065,1
0.5055790972605867,-0.1178087374765643,2
2.366330189523079,1.7954907421902582,2
1.77573124585295,0.16907948528050773,2
-1.9992246299916387,-1.2367636145465746,0
-2.68123433453431,2.3747196226797174,0
0.5249737463554189,3.636503405651724,2
-1.0333936283331797,-1.6672482174693344,0
-0.7685579219408211,1.5268828642615424,0
-1.1024209153448288,1.1858368550025895,0
-0.21455367013745805,-0.01654251562126444,0
-1.4897524857788664,-1.3493055370083729,0
-0.8711817647772151,3.0781328118663187,2
1.3878857521993593,-3.111787334474168,1
-1.2887714992611687,-0.5232935150200299,0
0.3618184556477163,0.08500298494962673,2
-1.5250727825373251,-0.6683434087535992,0
-2.1494798614769763,-0.1069083802925787,0
2.0291049860322596,2.7442176321697405,2
1.070006654249637,3.3210618246626935,2
-1.3317230127418298,0.1178850749448079,0
1.7116271150793503,1.7626165616980782,2
-0.19186157498445822,0.4237930196916209,0
0.1758829595420866,-3.5368473619457133,1
-1.0856828109920071,2.1574993828001516,0
-1.3407918210740362,-1.936893907513772,0
2.2436753430199547,0.2589416867184495,2
-0.4169422753149685,-2.830389582790453,1
1.4322950719213239,0.5830568133264407,2
-0.24764750121930879,-1.4236300471143493,1
1.8844932517483253,0.01041189256746,2
2.0670915791882147,-0.7551937429592809,1
-3.095951326063467,-0.8278390582526257,0
-4.643438834806253,1.1131349142898506,0
2.928012453655363,1.8665313029310866,2
1.170333217199903,-3.0333036997688336,1
1.2671113278290103,-2.282109072431786,1
-1.357225255179299,-1.740945334116253,0
-0.14922835268826956,0.3226135867572268,0
0.47897090399797904,-2.7168876057385782,1
1.8411600955037386,2.2509955357075295,2
-1.8635582212308068,-1.4230286493809519,0
-1.1714237815382653,2.640147810915647,0
-4.183022864762198,1.8798046605144798,0
-1.7714297482216035,2.0672634175839746,0
0.9719802481227477,4.520805811004593,2
-2.073524019605134,-0.6803225170153143,0
-2.157653369990267,-2.5247406658306146,0
0.18911069202784192,-0.14332980940578877,0
1.905216652937489,2.2164354804388777,2
2.0003855789564953,2.331130874519561,2
-1.2826556415028727,-0.8917788927706544,0
0.1500865895553401,2.4179708438026197,2
1.3097605594182582,-2.9560859480520176,1
-1.7560836164613574,0.41388863035764784,0
-1.724031462481495,-0.4968578052821912,0
3.640748824202835,-0.12013945902434739,2
0.9190128171710807,2.0085619582651186,2
-1.1297990372987206,-3.142667484218365,1
3.692677587263876,2.09106773184361,2
-0.741780594732628,-1.7749481266771185,1
-2.4487699642454803,-0.32587149584122144,0
2.6020332918011455,-2.1514487980511037,1
4.717366072499694,-1.4376784101697968,1
0.3414188351181909,-0.45687766505268923,1
0.7106197653603145,0.002521295225800136,2
1.4373392408184213,4.884082250027609,2
-2.324453294090064,0.9351638075982202,0
0.00616098922467094,-3.82683473378172,1
-2.818309269194503,0.26702031259641534,0
1.8759220694929666,0.6758565675254189,2
1.1615195335402533,-2.36487524786364,1
-1.1708185001890363,-3.3747316167897754,1
0.3911717484063848,-0.6561007476329391,1
0.517388437482294,-0.4251967636299882,1
2.2741730808481444,1.4038825487076363,2
1.7107011191836017,2.2953985368759273,2
-1.021206416576367,0.13009826685981482,0
0.22314350134040548,1.5148479711513654,2
-0.7719557732487674,-1.2678019555812525,0
-0.13756190383250186,2.552888365446374,2
1.5933864932050852,-0.25062564054354325,2
-0.4201001398921421,3.3820216855452587,2
-2.3870610841043076,0.7148241887563479,0
1.1074866316621177,-3.0256554613925846,1
1.228767901152047,1.4624426629764227,2
3.3910939460432714,-1.551688634342516,1
2.421348232825474,1.2999127034936004,2
-4.091562018311861,1.831238026712869,0
-3.222891238641189,-0.8396779444848158,0
0.5294600484126581,0.6542140880165007,2
-1.684234801810009,1.7111624573265996,0
-2.4678417559804355,-0.9739010075112116,0
-2.183869776455286,2.048771620136893,0
2.185314305129142,0.29763092800702634,2
-2.9997056997230915,2.000340250225466,0
-2.65820270657774,-0.9497160364602039,0
4.321984288421399,0.5694080318508766,2
-0.5595204052844804,-0.27664850554404186,0
0.6922400498356222,-0.9854755411898725,1
2.9300056552533364,0.6537417092330484,2
-1.741926837995493,-0.10935677863744217,0
-0.003160165391485442,0.04829839060543085,0
1.2239960671502557,-0.0010088313351715235,2
1.8793923163268569,-1.2885838064759643,1
2.398804459705184,-0.10729446643930986,2
4.820524896707824,-0.13719536127216397,2
-2.4408216397517486,1.59376631998485,0
-1.3658871316740415,-1.7791918727556975,0
0.38656720439122627,0.9210918288674245,2
-0.40411515209177157,1.0829808230501492,0
-1.846546480549777,-0.5070215519415661,0
-0.9197230042300139,-1.5563907036284794,0
3.327933063027581,0.8846152930918847,2
-1.0867445460550786,2.616832155869186,0
-2.7811737200689333,1.6867041124128503,0
3.415289617193768,0.7479558199540153,2
1.1815546617326549,0.41594153583488985,2
-0.7659419473128389,0.4487376433701749,0
1.9219335045781365,1.2210840564549055,2
0.30177513919546,-3.2261351580991864,1
2.2740489329987117,-0.3255716057178584,2
-0.9963330793750467,-0.42207339953182826,0
-2.531627570099175,0.7650181423917854,0
-1.7158596457462496,-1.1424318706202752,0
0.07439595593903775,-4.387222778562315,1
-1.195516524088359,-0.24760885690734652,0
0.2706062570193792,1.3139246760152317,2
-1.2156018484592626,-0.9004068031110045,0
2.3606391452727298,1.0865612947330336,2
2.479969315496115,1.506353672845091,2
-0.011201480739656896,0.7209206716643626,0
3.2987362802912497,2.8161252887316826,2
1.6394227852464505,4.906329446787427,2
-2.297294985094822,-1.0517907075882047,0
-1.3092344017426925,2.2299768810385845,0
0.40674925459687716,0.30996588833608296,2
-1.0791051070173387,-1.7466269357171824,0
-2.316255978367768,-0.29267722580292643,0
-2.0699176067850757,0.689721879750996,0
-0.3090323567823178,-4.110659786831751,1
3.558259634309189,1.153503643029146,2
1.5672774019309017,0.8740757315747797,2
-0.32478984368442687,-1.779952856172592,1
-0.029261461184540382,3.8858588187838765,2
-0.5457367564592558,-4.5434129741194695,1
1.3295751441341594,-3.1445363609197985,1
-3.8028307094994664,1.9212142382042163,0
-3.1438900661646936,-1.0308740635356817,0
0.2986821138411098,-3.1969585783562446,1
0.08985394664863051,2.0968723475130187,2
-1.6257206219283922,-0.2439183380003147,0
0.8718073523432845,3.291445319880237,2
-1.1375715307727683,-2.073717862004127,1
-0.1437358496915137,-0.468071395348116,0
1.5256439082515134,3.152912931647341,2
-3.5452242510375807,1.6047171259536617,0
2.2380489902508094,-2.642555453967655,1
1.031295949570329,-0.5169489560328904,1
-2.85869000670908,0.7120585219772169,0
-2.3833694054967203,-0.6799381966550784,0
0.37911889204942345,0.9099466696184845,2
-2.743228754033713,-0.9318001862879547,0
-3.1152365123317707,1.0243431754813987,0
1.4634500178211298,3.5797991782314385,2
1.1804074710081025,2.894530144236127,2
-2.487491582663409,-1.057231400514779,0
0.7678586694572368,3.595291215772304,2
1.3430097141656272,2.7401903797906173,2
-0.9459059250292762,-1.3897839708489999,0
-0.7188307411003,0.5782770573943979,0
-2.6127329889375868,2.6621234833834295,0
2.3662414666616267,-1.5189901469385467,1
-0.07897564793994115,-3.231083388606475,1
-1.2435712396972218,-3.052278739538281,1
0.4733340502676488,0.4330754249078194,2
1.5696098485718728,1.2410347528486338,2
-0.8492840258782547,1.358701813018761,0
0.6684598069626766,2.665912045114964,2
3.027539207629628,2.893565445373488,2
4.340695807977504,1.0851901596880633,2
-0.42895479615293164,3.40835816142811,2
3.680500434593682,1.1577929495920574,2
4.1587880425246615,-1.3707289219692953,1
0.31017353790365443,0.9786708819374298,2
4.023644757008258,-1.4808584116958967,1
1.7297300765043724,-0.44440743283420725,1
-0.3784885794991005,0.5470344220368727,0
1.4282339082114548,-1.923144794410955,1
-0.683931938669429,-0.38645675375170396,0
-2.967286410923766,1.6360958848608163,0
1.3109685919205127,1.215924412431737,2
1.2661371278428615,-2.5260430793840376,1
0.08325178630391482,2.850105992948253,2
2.139626119792251,0.9760702895540156,2
1.6646143919194825,-3.433225968741811,1
-1.8678888118846533,-0.41259264247947425,0
-0.8237545613636567,1.5314852183029066,0
-2.1283026935989904,0.2404228404681047,0
-0.6180871375232243,0.2175075210459702,0
0.47300951550357073,-0.11874643709846135,2
1.3621308029644885,-0.2743659001794367,2
0.3661582450601118,-2.4782918298482777,1
-2.3582045937089053,-0.09337405621675662,0
-3.186158302525619,-0.8876153199036497,0
2.125777534938442,-2.6060949363838284,1
-0.1786158510829331,0.6042037741370124,0
0.30421597027760167,-1.1122054615745736,1
-2.458800858607813,1.6599750814260725,0
0.6331621625322443,2.84354108725825,2
3.181160943351744,0.46501318722456236,2
-1.071674154488441,-3.2394096669125445,1
4.392567200604816,-2.136603600459936,1
-1.949312474638024,-2.3598065580228447,0
1.3288360829060273,-0.16136358070190743,2
-0.535818616235708,1.156212005918849,0
0.29880535229756383,-0.9671716294382233,1
-1.3658420803868774,-2.468199015485662,1
5.051743738116161,-1.8831496292391146,1
-1.527172372915797,-3.567038068158759,1
2.5740109187498192,1.8784733351972585,2
-1.5068889106654506,-3.554850058686962,1
-1.79221273253968,-1.5144388697874924,0
-0.14002163888373653,-1.5308382793517794,1
1.2968654899284455,4.237199478436708,2
-0.31323534449507706,-1.121838051706445,1
-0.26339491969157475,-3.909412641381683,1
1.8123949074343322,3.4670514778349406,2
-0.6805196717908498,-0.8299020957875096,0
-2.2951072259966483,-0.5451045232510022,0
-0.018767849764440462,-2.790259647603248,1
1.2932122581479382,0.7077461299011271,2
1.7081668381196786,1.2397247972624958,2
-0.3750845304290036,3.192190457165216,2
2.2906292667517394,2.219781235435346,2
0.9544291005237024,2.5508018470734695,2
-0.7477301997709697,0.0377238210487137,0
-1.324581708008724,-1.568765368746672,0
1.0108872519342944,0.7294630772414032,2
3.125487829189,1.2291919704028855,2
-1.0755423616713453,-0.33142328009064687,0
-0.737990387347065,1.705585570598318,0
0.5179411929240881,0.9111464236631662,2
0.14464903548592642,-0.8079152376892245,1
1.4543719832387743,3.545287434701949,2
1.412427209241333,-2.7304416116921413,1
0.8055504144495549,-1.59892353955389,1
-0.9837651437136404,-1.3176516015094644,0
2.5872232447660046,2.4369950453341946,2
-2.7111219161989677,-0.8314755001373892,0
2.46905570198071,0.5249842066967869,2
-0.18932611814485029,-2.8899826563962225,1
-4.015685830653308,1.8672241841316377,0
0.10315966410432552,0.5728607662058604,2
0.22706857647365772,2.6939080230013346,2
0.061532728636888565,-0.0419445995912005,0
0.8593838573502518,-0.8105337122242043,1
-0.30952963081838486,-0.723086814948599,0
4.037425008744499,2.0034360142072583,2
3.396492363887791,-0.6703871110273005,1
-3.5201353349391407,1.7616922618077637,0
2.214640989964181,-0.23526296919655543,2
-0.9727761510011228,2.6730445343000477,0
1.6369275162723749,0.1022598490692682,2
-0.28828190697463524,-2.984640346224734,1
-0.1653677600865695,-1.0692476916414095,1
1.228441096640066,4.0962654263181495,2
-0.257608927584194,-2.954688842065555,1
-2.3530459530799903,2.597621257715487,0
-1.2462152540782323,-1.4725983205473687,0
2.4627217191495,1.6266162091026122,2
1.8068797430546515,2.092043965850111,2
-2.099868792821097,-1.116227869258296,0
1.9835123931073522,1.034719026746556,2
1.759168256900391,-2.782362552986497,1
1.5704209331748142,1.6198499994450255,2
-0.9542704282725607,0.21659786497362066,0
-0.7227131874867476,0.08462335106772341,0
3.0104127322963157,3.851752324485445,2
-0.3978796954582181,0.6943985433521369,0
-1.887584320559906,-0.8155857307029168,0
-1.6825326503170586,-1.2594961069254358,0
0.8309704138175442,4.320031935808045,2
-0.3550541932304219,-0.9568753568130405,0
1.0479223096662018,1.0636469101621395,2
1.1457545243465392,-2.6034316808841855,1
-2.0387489811489545,-0.6503825209419584,0
-0.025678192290026703,3.927610846204158,2
0.7624906959277935,3.4449627521290327,2
-1.3598915181582982,-2.117952351589437,0
-2.553475715867309,-1.6208411477028746,0
1.3441914956760477,0.5317916685666806,2
-0.42339339405954995,0.48966151531067553,0
-0.1526216338610637,3.7818264501669607,2
-0.8432537031976384,1.6924558817377073,0
-0.13891043020459448,1.4018214792114685,2
-0.23116438054029265,-3.035174116226592,1
0.4505450909684594,-0.07382160874212647,2
-1.6127055046609446,-1.2772479248108535,0
0.23489297684803853,0.18373344342038442,0
-0.9311335394511913,-0.008594460382677607,0
1.012567513736963,-0.8546390661448428,1
2.2373420001373057,2.2587718948505358,2
1.90827955219053,4.123949307430973,2
0.4248306112341665,0.6377976682521652,2
-2.6404079820827797,1.086930935905015,0
-0.2676622664301526,1.9054616622860956,2
2.5580839529228365,0.45058469735836953,2
0.45478799622744864,3.353164578586113,2
-1.2423283648898038,-1.9294725790115566,0
4.236953819846493,-0.6591812248325486,2
-1.9835988971878966,-1.0307006710051856,0
0.4549072200922295,-0.5912374883448619,1
0.8433388624028925,-0.6988591857797154,1
-1.2642704178593918,-1.4960521069092132,0
0.725972194321211,0.1047923402513572,2
-0.7677693468079378,-3.8561526017336987,1
2.8828624568723282,2.562666217138036,2
4.445870623986513,-0.9683421105728315,1
0.03172989797267971,-1.0551576387934658,1
-1.4585860498158796,-0.7731946848002587,0
-2.409623601836672,0.3848281192078666,0
0.8827551553826699,-3.0548806356056164,1
0.5450721516430541,-3.8335339587130366,1
-1.0922288573091716,0.12382624749073742,0
-0.881916371190387,3.223187193041254,2
0.8762737423094906,0.7467326576588662,2
2.1999049224335687,2.910974461847538,2
-1.1739497509823815,-1.3063364304647078,0
-1.0266170433729656,-0.09913784768638342,0
0.5990001438907173,-0.0643495012861611,2
1.5873546711582889,4.533516567638946,2
0.3788197114925624,0.9209170168358755,2
1.3685785770709404,-2.669183350279248,1
1.3612944691532858,3.240532938797824,2
0.8194105934463832,4.450017938002151,2
1.1839555614859405,4.570348236202998,2
-2.2513110122578253,-0.12471761773007826,0
0.6033205381848255,-0.4476552182582344,1
1.326001129227123,1.2103374148813015,2
1.33118355283236,1.1124280119098988,2
0.9637567735721049,0.5583603151949,2
-1.5781251014725988,-1.432147182919151,0
-1.876129056798386,2.3305311889484495,0
0.4092244755039664,0.7282695803580396,2
0.6971362962432287,-3.166680378739032,1
1.3782608155846992,0.35350714696072894,2
-2.0078083877337467,1.0574801364063584,0
0.17023193252820934,-0.32830116401450654,0
2.4691872656128746,3.049920712005782,2
-0.2970331280628079,0.17676400111093246,0
-1.2037416196882562,0.09281115580236374,0
-2.012397896402671,0.2728800253726972,0
2.4173266927617925,-1.068827303744975,1
3.7876921302556537,1.0450545209000932,2
1.1214418935663077,-2.5518883774659136,1
1.210028063712801,-2.0456949362229646,1
1.2265656314448967,-1.984242716311651,1
-1.6696053764071188,-0.34081437868038506,0
2.6374958628613334,0.5318301052945615,2
-2.2392647272399846,0.8378673298789479,0
1.4425704052768227,2.876434557951592,2
0.25245638820893884,0.4132696692450446,2
-0.05508741864873828,0.4702794209690781,0
-3.1105939221429932,1.73310131728824,0
-0.8417407170957804,0.44053679804533635,0
0.5389171495411008,3.41020042188953,2
-0.3145216130820482,-2.740535663798223,1
2.054967202823375,1.2885378133294407,2
-2.185159625184676,-0.1479868087841815,0
0.20235636746433996,-0.33581009849847326,0
-1.5760047656684129,-2.328627907555332,0
0.3293814342118645,3.2913859520196427,2
-1.4247011638602123,-1.1037594280436789,0
1.3478974197202842,-2.204522156231836,1
-0.48330843044467847,0.5493199439002355,0
0.8570690075582762,-0.24932329682892562,2
-0.3578192195548061,-0.8492815496573987,0
-0.4963761723125335,-3.1399941659570896,1
1.0466292962133923,4.253370249642255,2
-1.722359425403014,-0.3147636796248609,0
-0.9471119252065253,-1.9998480610051106,1
1.7664691533576549,-2.4505063072126005,1
1.8027130375666938,-0.16380668834560402,2
-1.8561625360668825,-1.2780870451067694,0
1.603591557087463,-2.0822399868543924,1
-0.1011786898460024,-0.631153729825657,0
-1.2574889489941137,-0.21663757091132343,0
3.164177437109706,-1.5029264804813278,1
-0.0705743479374139,0.991052473912898,2
0.217131462521934,0.010937013293540122,0
-2.22292117844148,-1.2105307706246058,0
3.656083945333605,-1.0869432655333084,1
-2.913218466406051,0.9309133516781547,0
0.7567361279236653,0.3097087109746785,2
3.647965677732682,1.90349224347281,2
-1.5647464817255945,-1.3908293024500908,0
-1.0445192356125699,-1.806317154339718,0
-2.066780931783697,-1.5235428292875473,0
-0.5587506265577287,3.467455115581759,2
2.724785544454379,-2.8271677610539534,1
3.3098264916557687,-2.2810097921757597,1
0.5504485812113087,-0.11129825476965119,2
2.0960084666411176,2.591090676947548,2
0.2058736779314131,0.08390039467798624,0
1.6693252587595833,0.711774487450995,2
-0.4850555441452421,-0.6051791396611063,0
-2.04780122221646,-0.42127272014561384,0
-1.1041271270189088,-4.35527128497964,1
-2.0488667370136575,1.2131884867223137,0
-1.5501519660020997,-0.5588007762189371,0
0.3099087347427633,-2.323785872558985,1
-2.6879360598582966,-0.7220203939368272,0
0.20865966290902516,-1.5047555534559764,1
-2.497767199045036,0.5449507204171791,0
-0.6981404146654403,-0.9158445837891375,0
2.1539519620798724,1.2499518393916624,2
0.49569649013470585,0.9978658472921406,2
-1.8185359752038144,-1.9902009996223111,0
-1.2573977266174483,-0.35000861421470925,0
1.1196086531270948,0.6542581471179858,2
-0.43957440835134215,0.528880053549297,0
-0.8813492228239382,2.926396583643728,2
1.7864506172830268,1.133529544398546,2
-1.5586239053241362,-1.2539271240863545,0
0.19795140327568453,0.8452327549373825,2
-0.6110075384311054,-3.402921752648697,1
-1.5302622101164323,-1.8173866044765166,0
-2.7608257475016833,0.174471906379213,0
-0.40750829885362966,1.3646858956980152,0
0.5387239626388723,3.264632193112161,2
0.115469271674952,-0.24590321701584028,0
-0.1674915557706928,1.2399882002710447,2
-0.547669496760484,-3.4375034663835162,1
-1.9485606623066658,-0.09419162505353539,0
-2.043601943961743,1.9020475714981684,0
1.46261697623431,3.976007939888517,2
-0.34857117712459307,-3.777327362792964,1
0.13409088844697706,-0.39573750871277436,0
3.974235404075481,-1.7857990278484885,1
-0.2678043151410949,-1.6890150834103248,1
3.030531636060183,-1.540180800647026,1
-0.4189860552861802,-0.2377519172740859,0
-0.9178895151673623,-4.609932222475556,1
-1.8883159479819478,-1.349773066691636,0
-2.168110723076678,-1.4590128278339014,0
-2.106590580729797,-0.9773169706073913,0
0.1327457721006546,1.0021322103687922,2
-0.1917348803401014,-0.17659638689904594,0
2.230660390378256,0.4146765557324358,2
-2.681342079174097,-1.7437763663449537,0
1.9595826093117108,0.4411317758109601,2
-2.1236379156862863,-1.5583595853563226,0
-1.7624709886945527,-1.8545498715614126,0
1.08200891307993,-1.0783913521896347,1
0.9378013364923421,2.4536639738832493,2
-0.2711581162158217,2.598392931838467,2
1.5899414759547552,-2.456822317856277,1
1.41540220109344,-3.4813519812397886,1
-1.0510795120218512,1.412841522499711,0
-1.3335259428843036,-1.2817731505095147,0
-2.1516037632477962,2.52588090619816,0
-0.5936305158632016,0.8172135259510621,0
2.6375374270749736,-0.045097783323767605,2
-2.0368250904503693,-0.7197857391045428,0
-0.891328362334016,-0.46898428375549234,0
1.1290606646575077,0.9731660925042304,2
0.09905905889449412,-0.9393713167408588,1
0.6227474982754343,-0.605513911261399,1
1.064806048615424,-0.2638519209497012,2
-0.8730658265267941,0.15541358096679453,0
-2.40562239699438,1.2943965049453632,0
0.5234112128635847,1.9124611611992313,2
2.9704160491173948,1.1486376075573743,2
-3.2901073469487225,0.6516442043348061,0
2.518728447673339,2.3275579371034842,2
0.3240251511439116,0.21533436001384615,2
0.5209613289710219,-1.8317462501784414,1
2.4848482439450224,2.9191496368512055,2
2.225358295973544,0.4362330383580246,2
-2.891441789055863,-1.0897469207616968,0
2.0656842563237467,-2.8626989003205767,1
0.7092792775016976,4.279324869745985,2
0.012516114391942557,-0.8022987737506334,1
-2.505129612618095,-1.3700195490142537,0
3.9326638190500183,0.4366663314239535,2
-2.539266891182406,1.089984073603389,0
0.20453989116650068,-0.9718544175291918,1
0.7384113333324454,1.776105565875632,2
-1.2334211916699953,0.35062555585334826,0
-0.913355195592352,-1.2217840335821217,0
-2.5346739004843575,-0.5540439014709382,0
-0.0998422835257142,-2.8256831313407096,1
0.5870985819655365,-0.6997557215402477,1
1.7078745958540418,1.5208359549686024,2
1.807046786410151,0.9327737038952562,2
0.8360807882044765,2.887504204817748,2
-1.8106931195307923,0.12480880215662883,0
2.9533061906907805,-0.14506284582054627,2
-1.9264364026512513,-1.1386194387916484,0
-1.1606734443085438,1.3744738934954308,0
0.9476896104192978,2.1468105194391955,2
-1.952165482332822,-0.596069375389115,0
-2.2326197525974685,-0.8814065798840414,0
3.8713484950579926,1.094456954404602,2
-1.5073536684498456,0.14133270848035903,0
0.9328127697274402,0.6963072016829004,2
3.733599502943052,-0.4254615527948999,2
2.869222197560545,1.1762334826942735,2
-2.843254395568122,1.1405010490958902,0
-0.3994963538386711,-4.106251564810578,1
1.05173116761824,0.34208653607966455,2
-0.9177915299023885,-1.241537863227645,0
-0.45564305068936956,1.2026869213374707,0
-2.133185965416122,3.2378972176328897,0
0.0935391898585532,1.2086822573673872,2
-1.4672277556333384,0.11958729178166169,0
4.649839263252878,-0.9383392712636038,1
-3.642268822599617,1.9978532130809166,0
0.039420766220302474,1.6156623958394607,2
-2.928205519132682,-1.0633324117142038,0
-2.2188440578001067,-1.415076555313856,0
-1.3317264646061036,-3.718331278699547,1
1.346928500161399,-2.691308819851544,1
3.0464452576507113,3.1900242729222605,2
1.434628736181058,0.7127244198720567,2
-0.8418882225595561,-4.114602211931163,1
2.833896418691519,-2.3296224002848906,1
-2.00776301652631,-1.9150678918981794,0
4.837616135023335,-2.305438278405154,1
4.015243209016378,-2.176657824233179,1
-1.3059603086858214,-0.32430479448952765,0
-3.269192845492189,0.4617314554500005,0
-2.9251625681512796,-0.8201349533317053,0
-0.876344442947766,-1.2763191655895516,0
1.6747111051668346,-2.7171938029252183,1
0.2944423815121642,-3.7927275226342907,1
-2.706487162531028,-1.1283223017175246,0
-1.0475631772150447,2.4130244464760184,0
2.756090436087815,2.8788741359636307,2
0.3060526731837384,-0.8780695955993114,1
0.5928148257790304,0.6807280586678977,2
-1.3118576136268212,-0.8493345442897561,0
-0.14064908881563362,0.5925228089963728,0
-2.7185710614009984,0.408166115302122,0
2.2520206586629596,4.146038589036908,2
-2.091726083036661,-0.509513073923211,0
-1.6161993036466276,-0.3156644887214604,0
-1.1647268386116145,-0.5258663731635593,0
3.5623801842522385,0.5577777436505748,2
-0.9806416047200152,1.4854350408672463,0
1.3428883591756173,-0.5079573075203906,1
1.687807640949778,-0.40518426715764316,1
2.6992495039009765,1.4154521075098243,2
-0.6329624967131549,-2.521090096461827,1
-1.994271971635008,-1.2803953928063674,0
1.776556385886404,1.333837404489851,2
-0.5457872541990518,2.156342649176446,2
2.6159750275893408,0.7226558293416129,2
0.08551313946259254,-0.43252877717027494,0
-0.4345038167560543,-0.6882774919352275,0
2.7732775741118174,1.582369145817548,2
1.5480007622740446,4.9719499691963,2
-2.5126179011398966,-2.3438559401324257,0
1.5620473385780371,-2.629142593168656,1
-1.4023739908183206,2.395630769206405,0
-0.7833160163431385,-0.7000102220946183,0
-1.2788619546147209,-1.4889029953599773,0
0.6929426346779389,-2.6106765782970314,1
3.7316407783192855,0.1804428231869796,2
-2.186118469467488,-0.5524031929800868,0
0.5419622274933964,2.7495006971596156,2
-2.2085580777423264,1.5420879953078477,0
-1.4856075970489504,2.6476775218150594,0
0.012009447907467878,-0.6861945315338224,1
-3.129195452484239,0.6788650072085713,0
1.310905040031468,4.640115067162762,2
2.85463569281695,0.7901636616686785,2
0.02062512481536278,-2.4107649933759463,1
1.52488076430618,0.5422830274153337,2
-0.27800864190848884,0.155413594940816,0
-1.537167420644797,-0.9697276758894995,0
-0.8845124618224239,-0.47949820595231335,0
0.3012020973157935,3.138926543816246,2
-0.8480356362913997,0.10230894302195574,0
-1.5343503331409498,-1.6050574711244558,0
2.735125869050657,1.887815149933045,2
-4.387865672649988,0.7887113900028452,0
-3.0441832966728786,0.08204407842320068,0
1.7781807247284351,3.2005501348359107,2
-1.0970581719601056,-0.7206137086744229,0
-1.372085396769878,-0.9925611084156487,0
-2.16148308637711,-0.4673383728472198,0
3.135365794283304,3.2162727086298144,2
-2.521481059783334,2.4496385881859783,0
-1.3159198549621969,-0.5966171155478285,0
-3.2462309044749773,1.7655940752999058,0
0.4687699356478053,-3.1890234254143115,1
0.5711517175461878,3.5024778002560484,2
-2.5417438067123785,0.862535698153617,0
-0.12740492306407247,-2.7800688359901127,1
-0.3318621407868759,1.192544168573655,0
3.189420861616089,1.1248750820274482,2
-1.7986936382220475,-0.3514179068490162,0
1.8940115016152448,-2.429096705353481,1
0.3736512526667562,0.8464423398255473,2
0.40170747977703675,0.7447120242396724,2
0.6382242472777159,1.114377173278613,2
-1.710910448717605,-0.6296231783405059,0
-2.118208113428956,-0.8621903554033991,0
-2.524314149809651,-0.7183260301874147,0
-1.0620572947050229,3.213551820238552,2
-2.329294515019489,0.25692171557425275,0
-2.2336620258139415,0.16412814419645144,0
-0.7169109158654352,-0.2524604189934998,0
2.6764866842110906,1.256998617591183,2
-1.315574886668054,3.177059162105567,0
-3.2586258100215892,0.2412218662345531,0
-1.315286214276198,-1.8914656503858804,0
-2.6628873958793133,0.49635385083270106,0
-3.121973022608999,1.4561462829329568,0
1.2077135261764094,-0.1681874283847518,2
1.02697198425354,2.564071854427076,2
-0.061630680013497745,3.8129438152033934,2
2.1805819532906776,1.1283981739002127,2
-1.6389526342556697,2.2167457670277315,0
1.9699709993924628,1.434824975092467,2
-0.005555695117306154,-0.4496810256473659,0
-0.6368692808410751,-0.41543376347969624,0
2.083856486566322,3.4292220508690434,2
2.3555221304882226,0.678998117726715,2
2.4901771824769963,0.7678767448818669,2
-2.6487442340928014,-1.0537776807181016,0
-1.357972382463565,-1.0831578081834787,0
1.8119028231770373,2.7524528094435294,2
0.37787842393672266,0.077862382302589,2
1.0775603577289061,1.3221531564318234,2
1.7808081824013196,-1.450411239484159,1
1.4092205049323696,1.4727313738534358,2
-3.376458815948358,1.388331969093162,0
0.40803121894816874,-0.1308712809242559,2
2.516087342083269,1.2692336912425766,2
-1.1281344332045364,1.902844853614985,0
0.8127225281948934,0.3812501035729127,2
-0.037093526490176644,2.5775917976386564,2
-2.5643780927617,-0.4975247110471574,0
-1.6197726428975128,-0.5950149392079814,0
1.3449044360102944,0.9970783432921455,2
-1.3826391162826988,-0.4750479871080857,0
-1.2307305475865606,-0.19729837277452178,0
4.451740159508836,-0.7507091576959637,2
-1.6052064461771163,1.702408373764495,0
1.4271000142452996,3.0814419692401125,2
-4.284808684103305,2.1414373735304006,0
-1.748766495689393,1.7624526128401523,0
-0.6988940116197516,-2.6242379826836073,1
-2.11614420515847,1.5382524213818023,0
2.3433624975070284,2.8951317990827263,2
-1.733560462442222,1.141139569287728,0
-2.3393709137491876,0.2846888967290137,0
1.0936090684009994,0.22330992698888608,2
1.3463848506600826,1.0766168521625343,2
3.4761967064628077,0.9018006402787268,2
-0.4811664476297345,-3.0725071600609444,1
-2.303039374341961,-0.6418188901315337,0
0.2685404861234172,0.8958823808823309,2
0.49793797202957346,-2.850783496193461,1
0.15507909709151194,-3.091367165141231,1
-3.253280434794708,1.7555085432056314,0
1.6624110664923446,-1.36744829301226,1
0.8144297991082508,1.808549116334962,2
-2.4175185845378677,-1.0765843348435438,0
4.100687211409063,-0.5677398979269551,2
-3.0935913778931816,1.7473722162732113,0
1.4746942844315847,2.1381967059867106,2
1.6696720744177065,2.7362804255568465,2
-1.2265000178203305,1.3755697828800422,0
1.7041222321160834,-2.8031725783351913,1
-3.070938037417384,2.036518621653835,0
4.150330537341148,-1.4441696671045152,1
-1.4170204761922935,0.711527315732171,0
0.023888410409653463,0.5506001085368101,0
0.18881478493858778,1.4388180895448637,2
-0.8119747893040085,-3.4121558905205998,1
4.2280517185480315,-1.068165731865216,1
1.4446167537791967,1.939262493514935,2
-1.3467929074174707,-3.1174039302675665,1
-0.36652059559867806,0.7290677234623961,0
-0.5444880404781671,-1.0281389820965336,0
2.793463892582855,0.46432642772174304,2
-0.02277423055641841,-3.2090418135410044,1
2.820215991686985,0.6794050954346615,2
-0.37695696571375614,-1.5339962229935964,1
-3.7559738114826384,1.224555180800382,0
2.128838440155355,-0.0826934173318106,2
0.6294501620036318,-3.8040728134394484,1
1.723775238927745,2.4652424514511853,2
-3.000143114778553,0.5652290872465581,0
2.393715362903739,0.7585388997052722,2
3.2999203104273347,1.5778787107955063,2
1.5282214370541596,0.8078873453854587,2
-1.239053357414591,2.7188124284395143,0
-1.4586297649375288,-0.7827480605339485,0
0.995999709545941,-2.4969883449299286,1
2.1626803666899597,0.4107433850234875,2
-2.131522525055324,0.9906991393138621,0
-1.1795712358688202,-0.032230365407887505,0
1.8838713184562608,3.6634915479179977,2
-1.0217717738464729,-0.9329359013606746,0
-0.06643958749856256,0.7047606487675024,0
-0.45880734090830166,1.436748878314756,0
2.7790347129366006,0.9382941634035716,2
-2.3369386079212844,1.0879967592168989,0
2.6749924311430493,-0.28260156281923404,2
-1.2768560483466351,-2.6799638905827057,1
1.6811826651498762,-1.4912631215963172,1
-4.126914080675628,1.3651872276546952,0
-0.25922984573442864,-3.432398693251095,1
3.040147442382478,-1.8743428203406427,1
1.4460211545784702,-3.1617107254294337,1
-1.125439187364458,-1.396555687840184,0
-1.007452187161487,1.0738202293873416,0
-0.04974571334615352,-0.42958715290570315,0
-2.918988602527547,-1.5600732531749397,0
-2.5899617724015824,0.13340606240073924,0
0.802925848535907,-0.9044320624364521,1
-1.3375298792040304,-1.0200985891700765,0
0.6079327069555099,0.3908494505377406,2
0.7452969789886044,0.16038040221451708,2
1.6332394972322954,1.548220624668227,2
-0.7592464195324709,-0.5852318139706679,0
-0.1987270253835763,0.834580198384899,0
-2.1899632829569757,-0.8004751317596497,0
3.7075043973836834,0.3576370423603667,2
0.38320397857594685,-2.537501989495864,1
-1.6495224690980723,0.07992831995286591,0
-1.949665187782354,1.208726122463604,0
1.3647709351210033,0.7285399353626915,2
0.24201969780084562,-0.6678528627546946,1
-3.2421393633277447,1.8755349181390815,0
1.0321778503459729,-0.4484298515641183,1
1.1558440865296349,0.31119494710894435,2
-2.2504741968415702,-1.4645614687107908,0
-0.7112798002491326,1.31713169092344,0
-1.4472769218997754,-0.3231692287229738,0
0.005453487418073305,-3.4073346457491143,1
-0.02357669260857555,-0.3180014660229992,0
3.1887089518188856,0.0941370058872687,2
-2.321633575596232,-1.7808183315902895,0
1.43614046833295,1.0203050334573884,2
0.436232128809611,0.7291666462006424,2
0.34851959186592996,-3.96953256936045,1
2.881336565555328,1.8493880352244845,2
4.419585845264889,-1.6223781630347043,1
0.09184046004080222,-1.6060236223147977,1
-1.75639632636026,1.1088370812597759,0
-1.4182245045719057,-0.8656144514818812,0
4.852088912840832,-1.9703152603843612,1
-0.33559109758327804,3.9950516876562125,2
0.10916541336000747,0.3794822778441483,0
-3.0810616424003316,1.9200668210146508,0
1.3169575318333548,0.900958555467494,2
-0.7721311562215768,-0.7838776886936127,0
-2.929015221831754,0.22903989893689458,0
2.9256865656335114,0.3097989626845496,2
2.9752149727372617,2.0107501882277417,2
-0.7697828685189274,-1.0346621327361802,0
0.08313955607790703,-2.9354765669896805,1
-1.4672930924878032,-3.419924612521896,1
4.872773378662453,-1.0214149314495458,1
1.6912926737712264,-0.4289849124675393,1
-0.15612160863913377,4.141051430080891,2
-0.026917444857078494,-1.0944394171397998,1
-1.2938930959570003,1.9930018579418773,0
-2.6603331756049116,0.7145234485494256,0
-2.493130478013462,-0.11583561478461675,0
0.8731689444049954,3.3306542737338436,2
-0.5557692966480529,-1.2329136797958473,0
-1.6267008271417815,-0.3036950795395241,0
0.003535171345546304,0.9420850403358348,2
-3.850191189228153,1.3167179712869461,0
-0.33477954594024456,-0.49412014038966784,0
-2.3039034673912413,-0.37965686709105306,0
1.811208796663123,-1.7158302336642273,1
-2.768034406463717,0.09860562144412854,0
-0.9413915613835818,0.2884792901101649,0
0.3256877358811829,1.8454931013062077,2
2.7906533986827404,-2.0178036938825055,1
-1.0915962919587554,1.6105814715462496,0
-1.7404242575113777,-1.8819179874318193,0
1.3720827568823957,3.99508471960825,2
0.3962174826002766,-4.029384348839896,1
1.7607816626277952,0.49610186510764037,2
5.618436389764589,-1.4072369643391303,1
-0.43106293075373514,-0.9852941303019318,0
-1.8747933973491382,-0.7819037216082529,0
-2.1361567494424896,0.008044364767314578,0
-0.655028789357197,-3.0083068072350896,1
-0.14742655599918048,-0.6758276533075763,0
0.09658484615864685,-1.3761944790203835,1
2.4528780231281915,-0.4361807515873114,2
4.6626003998030106,-1.642187803324592,1
0.3879650952453305,-1.1412739552942333,1
0.9864967375292463,0.6925790936968177,2
-1.2900601659717477,-1.8788610502829841,0
-3.9003732301090106,1.0943507167513848,0
-1.0303972975171063,-3.8004519175189926,1
2.2437599632595755,-1.5121062529890088,1
1.92844340811468,3.469131873676012,2
2.517569750626076,4.400071723549752,2
-1.8800674659676162,-0.608304519062058,0
-2.5115704595776562,0.3230630706216855,0
-2.203018689460559,-0.8097098845984482,0
-4.111845428901648,2.0667696896272583,0
-0.8249313557893341,-0.9189685113867289,0
-2.5490715187938395,0.9596102937917154,0
-0.35350316679834615,-3.2949606001460454,1
-2.804833086858009,1.8964498408384034,0
-1.3005111184005536,0.6365135742525321,0
-0.2655402042811257,2.1231227916062516,2
-0.7948939146262833,0.20906546676506496,0
3.4131158405857933,-0.5809791278564342,2
3.2016247459800007,-1.6385927387715307,1
-0.6462822340268076,1.3535377964432223,0
-3.9863136602129425,1.2309814867975521,0
-2.186347543157135,-0.8836579432453795,0
2.1846919191451986,0.3333064048026651,2
-2.1713110575017978,-0.7111138248285042,0
0.18516482440004542,0.9236021815061062,2
1.158188972680039,-0.9684073708610405,1
1.7357073189827286,0.49608884735588327,2
1.2283669012104084,0.983312431710754,2
0.9065289855720028,-1.2875451494476249,1
-2.0747793278689275,3.017561685766411,0
-0.7934493607428486,3.7245590588067343,2
-0.31015814034240324,0.04908458815645359,0
-4.073421257098353,0.7781245761171891,0
-3.190612918483998,0.37467112303739314,0
-0.5755548585992092,2.1112526461512013,2
-0.6581806450038528,0.05244215000387096,0
1.8509354286067543,2.463359170337571,2
-0.650012366107945,-3.0469158251005886,1
-2.691047042798504,0.38856726951674947,0
-1.4687712994773883,3.270586205887425,0
0.4493025755806904,0.46534590006517945,2
-1.8495477362143733,1.1608878895752293,0
-2.4718651116722614,0.24074179281279506,0
-1.3349178086400115,0.8740557317208126,0
-0.9305105292707933,1.2396211141330988,0
0.7833858953824955,2.5263409252945612,2
2.998345665134493,-1.941082632291038,1
1.6928177751378144,-0.698980000181436,1
-1.5136970432586663,-1.9412127698290778,0
-1.2906269285427485,-2.26701025753906,1
3.1157632161521196,1.1436422128696977,2
-2.110402983985739,0.035830117741479,0
-2.043106666708575,-1.7309128651905517,0
1.3304682940820838,2.2004907938448506,2
-0.37480468874276335,-0.9485911588846668,0
-0.7242130197585469,1.3159414969714385,0
0.49075274118436574,-3.626950961637781,1
-2.3955424849480975,-0.3714749030727672,0
2.703119958724954,-2.373317056788766,1
-0.672027798014535,-3.3542546765796386,1
-0.6895724207217844,-0.5446885265476752,0
0.38652961269972846,0.6544415176176213,2
1.0090890017205922,3.247077677729492,2
1.6234781557266609,0.726027899698911,2
4.204936303272311,2.1022574832096628,2
-0.8690528846298589,2.2102112178506426,0
5.4389160492627955,-1.7142580820647841,1
0.34447295576150844,0.41315710604985834,2
1.271719522026155,4.870036280166893,2
-2.2925586723646947,-1.9639845456566396,0
-2.6923845580976997,0.027987083422827897,0
-0.9641014285465622,0.005463173591835476,0
-0.31860026290208343,3.18465135061634,2
-1.2882451237175934,-0.16096372890410646,0
1.0198846232820888,3.63400359391608,2
-1.7798837734434367,-1.3071116051303584,0
-1.1417346076005068,-0.7912239107753508,0
1.1242528998808776,3.981013764961058,2
-0.013339143790426732,1.0732611473204292,2
-0.02459905808673297,-1.6450863193240413,1
0.22602768346474453,2.1596628037583296,2
0.4494640688061419,3.5477486716398703,2
-2.150889868828268,-1.6840825596534936,0
2.0931435999603702,-0.051443141695432675,2
-2.216880365793418,-0.9539160145873063,0
-0.11224267076524769,0.7365163204738615,0
-1.376792075256746,-1.8058589265617175,0
-2.0140136999150506,-1.0002305397015476,0
-1.2686581820322884,-0.06559550196910886,0
-1.8244357324435858,-0.6057263546810424,0
-1.4473793754781286,-0.9774736544894626,0
1.875299408900995,-2.526091146467025,1
-1.5905058532659555,0.41203244258933214,0
-1.5918622536352622,-2.5370139619422667,0
-2.087587666710901,-0.9737192880192419,0
-1.8143988422548143,0.24531400886625188,0
-0.7930321265439336,-1.354925980065533,0
-1.635199192265418,0.5019773402243172,0
-1.2288821804127785,-1.117166913150094,0
3.061685767862188,0.011708611958379547,2
-1.5353243900031606,-1.1019181488247154,0
-2.375641204694245,-1.1853140856405913,0
-1.3642480271091266,1.1036419644159001,0
-1.4967372742965197,1.873795137393862,0
-1.5108774249305303,0.3776591933824717,0
0.6750041359926077,2.641090293304806,2
0.8051275815203013,-3.6696144285131664,1
-0.7726904404248381,-1.2367811725825186,0
0.048976558280856994,0.761083052024126,2
-1.4367986904996257,-1.0684611936250907,0
0.8141654455778683,0.30060406525676087,2
1.8887828159942759,-2.4255500815449,1
2.3897737525406106,-1.529440946247415,1
0.24651487958218013,2.940892164892751,2
2.7584451220791,0.8295345322125566,2
-3.091983890603823,1.3463990920274789,0
0.5616524511847028,-3.2546725147108853,1
-0.6479007710540834,-2.8164336469484716,1
1.861296459728571,0.1550921605297848,2
-0.15955517718106993,-0.855850026819517,0
-2.027191682151909,-1.6722208200719972,0
-1.4943323064326066,-3.226224458873413,1
-2.34195007046816,2.670426695116912,0
1.731605509415365,0.7102302982283129,2
-0.4406712495168264,-3.1936267275842143,1
0.15570033486302293,-0.6604397131414723,1
2.224558512571145,0.7733837923881463,2
2.358422825010026,-0.3883698957824086,2
3.1316148914788404,0.6978744158619244,2
-1.0209552776455275,-3.1382517255174514,1
-0.884478835793887,1.320737229688959,0
-1.2711138870746381,-1.6340907363447883,0
-2.317624320469754,-1.7328334139241335,0
0.07459519118477788,3.6825827020852357,2
-0.47310533876094757,3.4419784304778887,2
-1.7763400568603187,3.017990184095693,0
-0.508704322648549,-1.0665942286671048,0
4.238429240337527,-0.35519123514336587,2
-2.336209789031434,-0.5317404011026633,0
-2.76034617902298,0.9144671535479235,0
1.1329594619853316,4.891282203732729,2
1.5747374010116517,-3.4696620562754914,1
1.3058372402279317,0.8734058078811044,2
2.240409125885945,0.22842018978281364,2
2.158687505796982,1.552502926696936,2
-1.5161366714380418,-0.1098577085072466,0
3.0051643735290154,1.2595435217993427,2
-1.496162005371496,-4.816857956359118,1
-1.0833077099978123,-3.198139007610459,1
-0.8661669438695494,-0.946911334504267,0
-1.421379186597072,-2.181049344742513,0
3.3837534580267326,-1.1948185225073356,1
1.157015788734603,0.6386703457627485,2
0.54457573272458,-0.6423233466961142,1
-2.1230485881551466,1.1105236796999691,0
1.1981873246484958,-3.495078352847933,1
-1.1949888578803844,-0.6543819160428306,0
-1.7576632291439178,0.3033173411182151,0
0.010906792003319765,0.17705205819803646,0
-0.1297163563190299,3.488289384000202,2
0.08846905442338036,-0.9067928574762788,1
-2.376510590368812,2.943300345788161,0
0.6233742222752992,0.9209147405683739,2
-2.0798056569292966,-1.2006640673895674,0
1.5117810631860826,0.9979465102471073,2
-0.15971122043305624,2.5097562458340237,2
-1.1482048818673858,2.242982020296547,0
-2.467548400149545,1.9130087641882088,0
-1.175700499490162,2.650129551519605,0
-2.793240240746015,0.01678816025847547,0
0.21036722682845305,3.173671798407632,2
-3.693522684805775,1.44583863417587,0
-1.8191753683390244,0.36697922875594924,0
4.340979480730628,-0.36710639741420165,2
-2.10998970271133,-0.11446590175956768,0
1.1620852023156574,0.25799388675223317,2
0.2339370418489787,-0.7957850290904065,1
-1.134356584733685,-3.053962143418012,1
-2.2151066232237784,-1.0815334621268855,0
1.2597619805228706,2.575446766918211,2
2.479141371253727,-1.676288377226472,1
-1.3146996904950052,-2.5171236095993166,1
-1.8209560015785902,-0.43720843421294603,0
2.453802013657864,0.8442280395923419,2
2.168705857368043,3.210306131757414,2
-0.10314565658358256,2.464842052971459,2
2.353643682554577,0.3658457282941943,2
2.220702689798387,0.3909335753771347,2
-1.6176981637202,0.614989850095142,0
-1.365640774554609,-0.05488938648928018,0
-1.7744987830116608,-1.8050498936608328,0
1.7455937869883122,4.204276168038169,2
1.5227133760288893,2.5503199328597956,2
-1.5620233049188503,-0.34440548170554086,0
0.5990465575713141,0.4850054206169007,2
-1.7362174505764687,-1.4560530056999688,0
1.4284827576428638,0.8977983526692264,2
1.0760399899960904,-3.0197466360017033,1
5.2206650841315705,-1.2474081813845435,1
0.4541879212386289,-3.002484694203288,1
1.7099895865253023,3.0604600504443464,2
0.9255251360394863,-2.558988057308216,1
-1.328753518173158,-3.055717960292945,1
0.08588823674139837,-0.9165457287973342,1
-0.6039667661415097,1.5504819030250372,0
-2.76654263768369,-0.026853659189559117,0
-0.44152662897413925,-1.3995757244749651,1
0.6436817921377843,0.4651734376956303,2
-0.8439655406397942,-0.8196831988244501,0
0.47921917051158913,-0.7371763016647626,1
0.32145083542352215,0.9412897472189078,2
-2.6310944931641984,1.5350153259801205,0
0.303322525003436,-0.5706230471201821,1
0.24879183771076466,3.0602035523093005,2
2.7480687691774834,0.16306852684584844,2
-1.0345627463531928,-4.360435535849512,1
-0.05040717923139658,1.1477652050911569,2
1.0784983836207782,0.5714730938884149,2
-0.47976892981589025,1.1066041813687626,0
-0.42785796619074845,1.6768517523553974,0
-1.0880663761834932,-2.935976275795848,1
-1.1356144686249634,-1.1612147642219022,0
1.1599818355747475,-1.1562228733667097,1
-2.1160416004538285,-1.8319769787194027,0
1.7564795467692205,-2.8320306924578955,1
-3.163348360209165,2.4889063030771728,0
-1.700610541689302,-0.9437333819823748,0
-0.8069276011608629,1.36462524151548,0
-0.08243963953387164,2.5306648116069943,2
-1.5182408919376869,-3.213335565996746,1
1.4922636439480452,1.0173065786922006,2
-2.725206673746183,-0.4997195083853417,0
-3.860913897894289,1.2963412474475597,0
3.349488222534482,1.4757689362039088,2
-0.5148649961744081,-1.136294500754692,0
-1.6964675007149794,-0.702187846355067,0
-1.4988106423255065,2.799444901344371,0
-0.4362481585694342,-2.5729806415969168,1
4.530763936862285,-2.174878490971898,1
-2.552055267206031,-0.8956820924275991,0
-0.19462092589484134,3.5086681187982602,2
-0.46437908962333374,-1.347614957980095,1
-0.8422357313480174,0.479791831761648,0
3.479567952789319,1.5873159924775853,2
-1.0281316782290861,-0.7949482902352564,0
-1.603430623421653,-1.6620884393951145,0
1.2702339076406928,-3.1009468570098173,1
-1.8609955458160108,-2.109568921678953,0
1.6495579618951164,2.8810773183059766,2
0.6207043846115151,-2.7354701766935148,1
-1.8149589198266036,0.8793949906660252,0
-0.09021037980488404,1.9307057632738513,2
-0.5287662426185581,-4.034090101107623,1
2.1258492601020187,1.5484992571258793,2
-1.3554093561626797,-1.2751483736380733,0
0.4826462109892397,2.304740626633687,2
-2.611076345026017,-0.8196125358785223,0
1.7567095239132855,1.9999677304802501,2
-1.7190203223624436,-1.482237120890638,0
-2.2273531924518046,-0.6885698249375705,0
-1.4003246765599209,-0.3377062308433232,0
-0.12536071290706885,0.3741295755343213,0
0.525727781828683,-1.613605488764649,1
-1.5722457439793665,0.6997874469693015,0
2.4378056274620996,1.4851862172651746,2
-2.239370983663601,-0.5886335874514095,0
-0.9270948617799976,3.3679179747535684,2
-0.17636352739764402,0.06246050123769148,0
-2.1539012616240076,1.6114497093822775,0
-0.8355869684008376,-1.8019572946715772,1
-0.02139515369427877,0.9083210204759373,2
-2.6590651312685187,0.2260627989740156,0
0.9139813836880177,0.08309240088322174,2
3.332295299115506,1.2941348996906834,2
-1.6159505410066068,-1.9405179267599941,0
0.143322665593583,-3.9869936241950534,1
-1.844963613824265,-2.6290763342433534,0
-0.20429541330867154,1.1943299372182765,0
-2.2460726498957233,0.47111298016512565,0
2.501806419618605,2.5830734572494394,2
1.4593328763965414,0.11577372989845286,2
1.6550790535533009,1.5235720356264348,2
0.8034814352359065,-3.5499781205084795,1
-3.534574992894993,1.975448715412187,0
-0.2780597391185817,0.3618512159332719,0
-1.5975172018185047,2.7033068912195337,0
0.9445398187938735,0.13616511214342789,2
3.432720308881381,0.22571071274097704,2
0.2723415017770962,0.2960292407179879,2
-1.9002584760265677,-0.6282902572368941,0
-2.1826472483387263,-0.8373377788209087,0
2.74456303769448,0.7975423471137535,2
0.12543314682502216,-2.225044313338557,1
-0.9371585844784567,0.30691648108838415,0
-1.9732303387497385,-1.7196847047819415,0
2.4746359606236554,0.5568307299085233,2
1.5385473591621195,1.5034627452612703,2
-1.9960844363703305,-1.2173777710838818,0
-0.20385901215329189,0.10353827021080834,0
-0.0448696888873178,1.470261172884701,2
2.510842203296286,-3.1664799215207866,1
-1.207230483584726,-0.21763533490009876,0
0.7956003191653604,1.4235777143281205,2
-2.2788275470130848,-0.35546922669972064,0
0.19138311149666282,-0.7797728270783489,1
0.04734767607259592,-3.953399749184737,1
-2.4287397204887564,-1.0263384002253633,0
-0.6014793026685735,0.0014165068584239416,0
-1.6160882724297592,-1.3743745997551036,0
-2.650941145400539,0.47482177450204394,0
-2.554375435837717,2.073318708561809,0
4.003405370470954,-1.523612770772611,1
3.6485460517722688,-2.3020605296076573,1
-1.8793453495060204,-0.30417050457468797,0
-0.81061256473272,1.7590783421098286,0
-1.6207850044069085,1.8856009150302522,0
-3.425122917920294,1.6720999998254324,0
-2.1432756180476336,-0.2782710246005829,0
-2.2497765794128433,-1.476101530443048,0
1.3308430655732564,-3.0928385749758434,1
-0.03314218724483381,2.2955120351883496,2
-0.3736814824216003,-1.5432081616735562,1
3.5288472834970035,-0.40270825748291456,2
-1.0122009016421953,-4.189574032406582,1
1.5267381463404255,0.14896757350585477,2
-0.537189533929129,2.979270648412012,2
-2.1999295496996654,-0.07475243691571679,0
2.972133037726041,0.3577108720487804,2
-2.1139403453270464,2.739252535529267,0
-2.247824278285401,-0.41962593870438186,0
-2.02351798453341,-1.5503362231742792,0
-2.0757067397570674,-1.455607609987863,0
2.5406900395632643,2.0633999620608496,2
-2.1109817240842985,0.8191567081800375,0
0.5101987816932776,3.3428118630941555,2
-0.20060864406526,-3.65393953556679,1
-1.4727645410534704,-2.0284169299359607,0
0.1906382174713437,-2.231734223313068,1
-1.1722006005042556,2.55480845740922,0
-0.4489005941834063,-4.08307712642011,1
-0.7200062776108748,3.317106405334674,2
-0.8605370325345596,-0.05118595951927828,0
0.3913707604411988,1.0619963739141747,2
0.5891954169134582,2.2569985382871662,2
-3.57160748160949,1.2344585557234593,0
1.5737088649037534,0.7398518079869851,2
1.623051287276207,0.65046726995982,2
-1.7591435269920592,1.2135920399525908,0
-0.3341167158541014,-0.6704611906032643,0
-0.1831394109540336,-3.307625251653729,1
1.705150307674292,0.07497717046781033,2
-1.8567665615823807,-0.3955643556246701,0
-1.1026482023321376,-0.4844993079344552,0
-0.6476749089895913,-3.068565030996056,1
0.01615147472793079,1.2748671941746659,2
-2.171665979686089,-1.3843857058253428,0
-0.6554256290584525,-2.6689868421820244,1
-0.8926302882065196,0.11990764282188021,0
-0.855230158719874,-0.5572149911150286,0
-2.921649784035947,0.7452005676388971,0
1.5692989331954608,-1.3535016342554846,1
2.1610444736227254,4.469118733300337,2
-2.9187518546378177,-1.5120052460874263,0
-2.031757817024676,2.304523110416505,0
-1.8250971580224917,0.453050074072942,0
3.3322566775236346,0.5308525236139209,2
-2.8603078598127,1.557036130497324,0
-2.191798949550859,0.7116795142874364,0
1.8186325804829981,1.0364004720801085,2
-1.5867247786794076,2.5626789097949576,0
-3.312218733095559,0.8806863949891147,0
-1.9895474451571173,0.3680167901418327,0
-2.5284965950982654,-1.0241564401094299,0
-0.12622867563207257,0.6051753186221595,0
1.648069185064002,-2.878032843024255,1
0.5337915691750276,-1.450535781215842,1
-0.9018584724374794,-0.8573127641319827,0
0.20349273942578058,2.227547682019926,2
-1.8564157120753535,0.8365135402506078,0
-0.2654354209738338,-0.4301200510692431,0
-2.8109105989495737,0.030597277382749984,0
2.7872695698132093,-1.1315722740838594,1
4.267595228282996,-1.5462546641704673,1
0.24175637203463635,1.2971890629372946,2
-0.8607017790786017,-0.6758569291331131,0
-1.068429334087554,-1.2347975586039424,0
3.504915567844941,-0.8864117235048588,1
3.191903255927375,1.4516197477832373,2
-0.1582694220518668,3.0097327271390517,2
-3.6253738315398527,1.0304866851616712,0
2.896683096891092,1.3850754728127832,2
-0.6604810783655164,-1.3035832471752768,0
1.313782408984452,-2.250638676987038,1
0.885842361408491,-0.8524429504633004,1
2.202108482333172,0.5121341941449455,2
-1.1750067315560087,3.639725404754935,2
0.01055567176943516,4.331147552142185,2
3.188741041777405,1.9527155955044662,2
0.7189483821184693,-2.3252235129062715,1
0.1633103429924708,-0.15090229464290947,0
-0.11133156190271581,-4.062282374703194,1
-1.223604683335267,0.9149683447991871,0
-0.7550765383155156,-3.3069628059903495,1
2.59301729465554,3.6818197342466954,2
4.517997014468075,-1.3524008688402347,1
-1.307995285344759,-2.126573634408361,0
0.6221435524025062,0.04430701913622774,2
-2.7878789643496,-1.0303170778081465,0
-1.5962177749318494,-1.1055483516332492,0
-1.8302231400719362,1.541131081060115,0
-2.1113577173874942,-2.100726887269055,0
-1.1645155865260708,-0.17269076311528925,0
0.5144863565344197,0.3013611559496275,2
-1.3412590372435822,-0.7730027093210075,0
1.0662913025235012,-2.6415502301366556,1
-1.8084453393627662,-3.1822074762116417,1
1.7425134947672836,-1.4356018694658825,1
0.5208505344995551,-3.478854704516578,1
0.7173079541504065,-0.2887798388924398,1
-0.5119804344764441,-3.331071177703246,1
-3.8326724855461,1.8958017785527772,0
3.0092658750697248,3.319097306986459,2
-0.2548168202092877,0.5908982015981558,0
-1.0336263906219925,0.5844976988031805,0
3.3962434268539727,0.8943027399115151,2
-3.992781148880049,2.020467282405264,0
1.2595320700189745,-3.507424752386441,1
-2.50190780198385,0.38098730197022096,0
-0.7787809908248,-0.23760775496732253,0
-2.6460403265661916,1.2186222831402462,0
-1.2392211416969294,-1.561325147327792,0
0.09377929977551595,-1.0265947614548776,1
1.7534119529850192,1.056684156068368,2
3.8405069267831453,-1.5197568489068174,1
1.7225412726641007,-2.2991606897255146,1
-1.0573111080883377,0.10180228422953808,0
-0.2356653472068963,3.3139986895297757,2
1.3629612509334565,-3.675903758903302,1
1.0040623447511103,-2.099692650841487,1
-3.0130073216995377,1.87453312446304,0
2.0046089881540192,0.9053921879599335,2
-0.48204087662952244,0.34164931196492226,0
2.159591871554113,0.8191911618004112,2
2.975297015479104,-2.1204069564247034,1
-0.40098058860611924,0.768422819751758,0
0.3503131787696677,3.561536116270108,2
-1.3874918416979525,3.3386665360116465,0
-3.827928714262785,0.48197979868965757,0
1.5863394633559,-2.0599035898042217,1
3.2658315521368695,1.6124332252007965,2
2.7182465021671236,2.575776707842954,2
-0.3086424615167766,-0.8045451067084943,0
-0.038540411814514,-0.5959732458692892,0
-2.169162374798642,-1.5865149002970031,0
-2.522981196642333,1.4135066116419386,0
1.3707640086192525,3.1250586392688273,2
-0.3982942459316103,3.3083832616394107,2
1.5830164813396108,1.7768726056132067,2
1.2809085964472235,3.090898675704407,2
-1.9875942236956996,0.8850226535590358,0
-0.08771389895655084,-1.1654561542308035,1
0.3554872737486642,-1.3169284332190376,1
-0.7407844338649652,-0.9217012852253607,0
2.984897808434925,1.6036807216695221,2
0.6175772815963453,-0.9409123891733604,1
0.7778797614326907,1.4853842594361806,2
2.585068474488436,-2.142070790402769,1
1.5481764693299551,-0.5143790408542029,1
-2.987978499516562,2.30222529531992,0
-1.9046139929195096,-2.0356859394698983,0
-3.2051279600391553,1.235489380988328,0
0.3708749155510391,0.3994201478614034,2
2.4240542053415477,1.4443372760549584,2
-2.5251589872841866,0.5092884200897073,0
-1.4489825135296164,0.60183914938887,0
1.8440946351914058,3.28268832088755,2
-1.1549853315810739,-0.7653459036184799,0
1.011147485292167,4.295296896827096,2
-0.1433007563952697,-0.28387072652240364,0
1.1453995077574082,3.395959570141335,2
0.9105622174255197,-2.4732331968336525,1
-2.065666758682462,-1.6367146573383013,0
-1.4997109757761404,1.6372727432066148,0
2.462735531828907,2.936124534994511,2
-2.9935752179557467,1.5358902884942156,0
0.5458695760726839,1.7958810909896057,2
1.1759281883049448,-3.9951282113027586,1
3.378545183658223,-1.4733785905620198,1
-2.10463006203396,-1.303043002791064,0
-1.2897800457849156,-0.6507876589285072,0
-2.07443368658582,0.11031767384378732,0
-1.5507764402690964,3.1899313112067995,0
-1.986303346340811,-1.0883770643478907,0
-1.3191821685045644,-1.429867369026952,0
-0.3992447186605604,2.589289690859794,2
-0.7239486206700472,0.009439000222442677,0
-2.033341809238728,2.3659711355430457,0
-1.1458018144348139,-0.6278734660714052,0
0.5617043572116702,-2.5840253805125397,1
-1.7509571017616983,-0.8228594183590086,0
0.7085059691521113,0.4649847882557314,2
-0.8554772179350258,-4.075430722398309,1
0.5632334392993755,0.505618454644851,2
-1.910357101486545,-0.43104175642377035,0
1.563793264566761,-2.7649794132419223,1
2.7400765203185578,1.2032383918708043,2
1.5471061400760795,-2.7499717655366287,1
-0.3750361177962406,-3.525456053776249,1
-0.29580774123906495,-3.402362986505128,1
2.409969491271738,1.9618762143347988,2
-1.1565916172195658,-0.027087426643759762,0
2.053691362748567,3.925640294341122,2
-2.6357966474230405,1.5881129071192877,0
0.19921312936835497,0.7133734166477618,2
0.8150543922870553,-2.3320779662162647,1
-2.2502786107978334,-0.5771109677911151,0
-1.439533819990538,1.5402809812043383,0
0.68274571975675,1.7156059526919913,2
1.5665107656075246,0.6236687650517956,2
-0.9646712002703374,-1.0385264961060312,0
0.17583833702255283,2.6329436341666086,2
0.337749416286765,3.3750998694597114,2
-2.4240194888413344,-0.2469910387327821,0
0.2571628415039476,-0.7028978300505048,1
-0.5630695115416162,-4.4683522699767755,1
-3.8932795860223393,1.7216295687345502,0
-0.3204804718148887,2.033013439136424,2
0.4193117317996089,-2.4244184982014794,1
1.1544576118212742,-3.3651398526132232,1
0.7506648919954139,0.4089479083384607,2
-3.4605278086367703,1.4915684623550944,0
-2.432907654834164,3.0801039213575154,0
0.3118313773820404,-0.352597490314633,1
-1.617635895735506,-0.4432307492437779,0
1.423230237688712,0.5413075928652655,2
-1.2337492767331932,-3.257436905843611,1
0.815388267068819,0.9764243352991211,2
2.4625887728235636,3.5499908443019668,2
1.7747802693793702,-0.4162565788239685,1
-2.469315966152339,-1.8435041823999772,0
-2.388772085166952,-0.4800168409817127,0
-2.3276442203475627,0.4657653744758722,0
1.1628378180422567,1.5715045020366798,2
-1.748345115127446,-0.7911997398451774,0
-1.4968930183038287,-0.5457254889405416,0
4.237957236268115,-2.1494734636755135,1
-2.1887299462298446,0.2492423186070149,0
-0.5747627315087013,-1.1179455685953845,0
-0.05568675782662892,0.7023557322595,0
-3.31777841452196,1.9773618057821867,0
1.5701548550230546,-1.876687972426056,1
-1.6371198556186242,-2.138948367970569,0
1.2128359769384898,3.062915003669421,2
-2.3356449508028234,-1.2430042910744807,0
-4.039140647426646,2.264230763199507,0
-0.6965717075763371,1.5977497534132785,0
-1.5332809451472487,-1.0235019854508192,0
0.38344243588841914,0.2540750972172498,2
0.6358459351844072,-2.273171394220607,1
-3.7163343049961632,1.5075338817600203,0
-0.07652225847254499,-0.7778891425152533,1
-2.623448358344848,0.1623320026228766,0
-2.412545159088479,-1.760937286490057,0
-1.3281902829111811,1.6704946681420474,0
3.1387067420001875,1.514890301977901,2
0.5290519256608242,-2.442705413007637,1
-1.285131810634323,-3.6271397251470097,1
0.4652875139096451,2.4298881770945404,2
-0.7268418487084434,-3.5664146621388912,1
-0.833799991524691,-3.7273660617509528,1
-0.46355971838359206,0.7701017562784046,0
-0.9969449517938175,-0.3140912684263879,0
-2.544350305838858,0.4169619202405559,0
-2.8363904158769997,2.8225148234464044,0
-0.5600312651593072,1.3804463139999572,0
-1.034261389983282,-0.4121102230693891,0
-1.0179540323787986,0.3611552213391601,0
2.018907239845092,2.012056363110295,2
-1.2449145275156244,0.7396367393252503,0
-2.3405363458081276,1.9848683197670962,0
-4.795138187725997,1.175663102751787,0
4.131276713066856,-0.39175523695910863,2
2.316454751231772,-2.0893576686557402,1
1.5483008919147274,0.49958666798328893,2
2.12623106057324,2.661421835133577,2
2.2170322863058085,-1.468256836618257,1
3.0011493813772874,-2.6881659321627733,1
1.5290588246384433,2.584450282445393,2
-1.9767602941960714,-1.809032288260444,0
0.21845455525713434,3.6314786822218355,2
0.6664513765164016,0.023233222896896034,2
-3.370959586561911,-1.4381890296627258,0
-1.4065964214972868,-1.909829212135669,0
1.2434004403920547,2.684731142857385,2
-2.2223159990743646,-0.9563448745905216,0
-0.791519660077428,-1.7253373743338303,1
-0.2822037904226058,-0.6269891160122408,0
1.5037559531991211,0.44586343181512,2
-0.8998546613869028,-0.698662582419433,0
2.0858696297398303,-0.17090397880653507,2
2.5452642797217444,0.7220003123479933,2
3.174290712138763,1.6464229033738618,2
2.141586261102341,-2.899570071602744,1
1.8509196055070771,0.32526567420736796,2
-3.0513933517363325,0.36642084148056564,0
-1.0669559690588135,-3.676109261363115,1
0.19154695890297335,0.6955219483076766,2
-1.767749749585669,-0.8901732542250704,0
-0.8762461007407741,0.04790214934402625,0
-3.492201510958458,2.1269759649300872,0
-3.1239633493782137,2.2211699808352114,0
2.7633588871371813,1.0121039037193311,2
-0.2312061264250434,0.6066569663957558,0
1.0490479068207559,-2.1238716301266165,1
0.0958888432826099,0.22341994004209909,0
2.247025365183005,-3.0193999916858107,1
-2.5421871120241177,-1.1487821711638222,0
-1.6457382816629456,2.4940293703673233,0
-1.6049037039864267,3.171071273888564,0
-2.0943945200181444,-0.7385349618130178,0
-3.09014234520158,2.5496984444444966,0
1.433622164716763,-2.186997680746,1
-1.7333680676504872,1.802716356553852,0
0.6104431559929189,3.5502661910558833,2
-1.0187015752845545,3.5380211030354065,2
-1.7635137907057898,-1.2483562027079957,0
-1.1726120973051173,-0.5257154289428038,0
3.3452531922698125,0.7272500317769593,2
2.929499213913537,-1.227705074562187,1
0.27411787403350035,-4.27789974054173,1
-2.6556619971430715,-1.527818965885503,0
0.026311960785235802,-4.053691485804595,1
1.627605100300147,0.7341494920707076,2
-2.23502874114244,0.15016371920894764,0
-0.641846664748904,1.3269462502822396,0
1.313559109040766,0.7272640626163507,2
1.069218272199138,3.008872771576462,2
-0.5549687317933607,-1.6041984758741181,1
-0.9684425002899061,-2.0760521749411986,1
2.285032160900644,-1.5724214255562743,1
0.7102061492172222,-2.591801309759635,1
0.7533047362832629,0.1461045256603891,2
-2.228742319935969,0.48005205958667196,0
2.828213520007029,0.7178783471267762,2
-1.4700394028685932,0.09265316939722562,0
-3.462508386046126,-0.09769518894204551,0
0.7467477723815874,-1.0898133713176845,1
2.8699768065422546,1.823599281531867,2
0.7994878807101803,-3.9450728925350287,1
-3.560941444559352,1.9439527465972848,0
-1.1444504457018096,1.8329591301307404,0
3.2577264092076192,-2.712721631030804,1
-2.9148148401225416,1.6091887219350283,0
-3.149028628582524,-1.714422368736821,0
-1.3044193122451535,-2.7712475082317902,1
-1.3387477306569864,-3.6141876886938995,1
-3.7038120237234273,2.5442329042131986,0
-1.3662889980173472,2.8032023551756318,0
3.053211598501082,-0.7933632358586322,1
1.459317281477769,0.7894286190557424,2
-0.8898041272700101,0.7084939145661844,0
-2.3936482701144475,-0.9727765129468303,0
1.837132665226783,-0.14121039297165336,2
-0.2655447812065552,1.9230831316915629,2
1.9297330170370992,1.0360763591746445,2
-1.1842551097173812,-0.39146847531142126,0
-0.3030955880021911,-3.2076408883576395,1
-0.49770469441578546,1.5369265355672876,0
-2.307368037683231,1.1246318075605035,0
3.0698806884094862,1.9013021414721372,2
0.6181396564831858,0.48057381006802574,2
1.2658665953922663,0.7012509514496021,2
-0.24171153619572494,3.744261716271563,2
-1.599749610290171,0.45102714550757306,0
-1.5929220240158508,2.2017781249066255,0
0.03282271649382818,3.249808063873492,2
-3.375853586156657,0.0987289878215276,0
2.247942350327462,1.6817557725702725,2
1.4567624055112123,0.26413603155821624,2
-0.17264063368925167,-2.739652088605486,1
-0.27081193386136226,-3.129864276670503,1
0.9318367047856951,3.4960838580480154,2
-0.1478456857767868,-3.1597149185291262,1
-1.5384609013363322,-1.0557873699620857,0
0.589826927598128,-3.159243466309416,1
1.230397891212166,2.8998396093868064,2
2.8853762787957766,0.9094059969971732,2
-0.17287304736018155,-0.458876895207008,0
2.7851056564168544,2.2951127396206985,2
-0.9345579799605837,0.1549998617938675,0
1.6685638524269149,1.0309991976799846,2
-2.606405513238377,-0.745795892542828,0
-0.41398406052783143,2.6131821315046313,2
2.894945145917257,0.010756255658023245,2
-2.2497441913269216,-1.050692128570709,0
-1.9884861986428937,-1.2704437724240942,0
-0.5307737849753866,-0.008857822963381043,0
-0.6591547225611766,0.543571814840738,0
-0.5878642901036345,-3.4248586344893956,1
4.068291070305007,0.16725973846076703,2
0.023887501407139803,-0.4287591352295245,0
-1.4751121452342564,-3.2178737192346953,1
2.598010584634197,1.6242988628144144,2
-1.099436180415472,-0.9040350228327327,0
1.9237709910341538,-1.5222479414989922,1
-2.8818221818840066,1.6787459648206053,0
-0.8674701171094824,-1.5604098106737223,0
-1.5754230476341082,1.5150546217355707,0
0.8512532545293254,0.7504040826495898,2
1.0189605260738699,0.1789552224857111,2
-0.42205185629723924,-3.448878762014467,1
-0.2552895293906693,-3.8764299908832585,1
1.1920857988475673,1.9054972970324315,2
4.030769948630037,-2.4365660164515797,1
2.224681988893389,0.5181672795974603,2
-2.562351395615251,2.108315200730907,0
0.9489529046651287,-1.2553487514859794,1
0.1945302040629394,-0.7730989097728697,1
-1.278897874518092,-2.085504490722187,0
-1.1689778498424572,2.0485956707248514,0
-1.192271729968615,-0.04039127613460059,0
-1.1390742119335426,1.0581627476041553,0
0.3189039188236759,1.1786130574866476,2
-0.27885303923158256,0.1123291770824705,0
3.655369317486285,0.4344364004336095,2
1.7839723773855782,-2.4038246940980743,1
-0.16214319836015745,0.40180299968884614,0
-1.886954369809082,-1.9201546252928565,0
-1.0030227794396416,-0.20535371689039023,0
0.10857535812359952,-4.284188159511277,1
-2.9034504187658303,0.9065856300434556,0
-3.937854694218401,0.9427588359082473,0
-1.1592894610948297,1.3895632269693023,0
0.04550684002547548,-0.20595005879847916,0
3.2164915049221503,-2.3331350691814547,1
-1.1643061265950714,1.3851051546041067,0
0.05011058027016717,0.3387683991542484,0
-1.2141408802978964,0.264356043376387,0
3.81472610838855,-2.1354065574943193,1
-1.3817778412533392,-1.0660231229818702,0
-2.0399332045654397,1.7888519319717895,0
-2.2679594276450117,2.721305151295816,0
1.5712133682188325,-0.03990161446699749,2
2.008955698804851,1.3719860135918323,2
2.1691706664278194,1.7064403916085007,2
-2.534533152411238,-0.9383530587965883,0
1.0708707806421014,1.129679863782307,2
2.0623235884167244,-2.417373671177505,1
-0.02896763749628963,-3.6793856144651813,1
-1.3710178849031527,-1.8229464250547667,0
-0.9811285683940868,-3.0222337071698098,1
2.362725376877675,1.3476860444400847,2
-3.9209581560479743,0.8969825085142169,0
-4.8359905405736745,1.9410809696034867,0
1.0252525500790108,-3.8707143032758657,1
-0.794143185088957,-0.6781344340839192,0
-0.050262732280269624,-2.8874799005325147,1
1.938388320144444,-0.47258687165094454,1
-1.6286217208533753,-0.32584745150319616,0
-0.48670325027775146,-3.188074111654671,1
-0.5526698861560714,0.41972676415475085,0
3.7618872149757947,1.6638344451337395,2
1.726901038137962,1.3669366603429418,2
-2.4706293503767665,0.6982202091420943,0
-0.32665858127665054,-3.8575628129546575,1
0.9873947721457558,-0.43251793778472564,1
-1.7405523059154402,-0.4252003522103419,0
-0.2522242293246389,-0.5965261556221595,0
-0.7816212633582271,1.4782913723004547,0
0.2819687367802793,-0.8855174919596621,1
3.5606342266155036,2.2036712873637145,2
-0.6671845178028157,-3.1181885646213274,1
-1.172279110265866,2.1410291841941516,0
0.7246390664442177,-0.5402864733044861,1
-0.9107048149360695,0.17935230510890418,0
0.8068788892932172,-2.7772910253241325,1
5.123024867339573,-1.499645657414585,1
4.599771135369749,-1.0107855884152808,1
-0.7209360078882937,0.21774408851368451,0
-0.23448485569173194,1.6083623165176386,2
1.4232149202474056,-0.3498429505609755,1
1.3402218839348623,0.3513509064740788,2
-3.0915999111926826,1.802214663891581,0
-0.6742882963077332,-0.2223534333409465,0
1.9517453693085716,-2.1112464993139453,1
-2.4839262484148907,2.403363143770558,0
-2.0275662049529988,-0.26203028108827525,0
1.7540697356712145,-0.4801121616937782,1
-0.22163403700258505,-0.03541696361040909,0
-1.6091582488183298,-0.08690040883724623,0
-2.3001794540027447,1.5485640447984967,0
2.737453652215283,-2.2061387107164254,1
3.546750786323973,-1.1247146859637145,1
-3.8512214599035373,1.360270984611032,0
-1.66509394534875,-1.2735020807971675,0
-2.5003458186911813,0.8282251308138743,0
2.29492211218022,2.809969391104538,2
2.8624506214478576,-2.3934815847096744,1
0.49680117090778186,-2.459918363114689,1
-3.201248611633209,0.45690407597987076,0
-0.4960340202101945,-0.2262645200201541,0
0.774796221707546,0.4748957973628452,2
2.1242837067563243,1.2145404384598204,2
-0.3674554479363732,0.12562540848870352,0
0.5095127130690423,3.667580826209581,2
-1.909895735716342,0.5375496699107747,0
0.4710104237650525,-2.665606678291781,1
4.751011438798263,-1.7871308123755645,1
-2.3996692403538664,2.6846299296561025,0
2.1032549728118606,-0.33465742567994283,2
3.146516268001523,0.7861743909121655,2
2.009283116570773,-2.8752191715144626,1
-1.3170984803796955,-4.363002653971211,1
0.3347125089855845,0.2619033691168653,2
0.9823472607994749,-0.6743243598546595,1
1.6399449286613645,0.5636778511782606,2
-1.6948324394104883,-0.15304966423378147,0
2.6704827152771524,-1.3481922805054445,1
0.3358612098341947,4.2484628721263995,2
1.9774244456183645,2.398663201736019,2
2.082676375682034,0.236445001345585,2
-1.5239752081312916,1.8626125881826483,0
-0.19511365188485116,0.3696041206006233,0
3.3486605703282235,2.145794948268398,2
1.0487606160739649,-2.718466386046288,1
1.2764878218346287,-0.041760388779523705,2
1.037641454061403,0.20755465761964612,2
-0.6253004524066625,1.2556666969405343,0
0.5166222787879056,0.26601894242568785,2
0.7057618863983696,1.1200485808682215,2
-0.1831602043465357,1.3843860119751195,2
-2.048355778547135,1.600593269673291,0
-1.7352000940205174,-3.296789633781886,1
-0.9857392471031713,-1.7859483169389867,0
-1.2743357989997623,-3.5317815610931067,1
2.531483848045516,-2.7260225128530298,1
3.254504940618006,-0.27112169961956073,2
2.9857490106142635,0.817193649498048,2
-1.5256630547851948,1.3892347288940805,0
-1.5122019151038237,-1.2664386882116985,0
-0.9137021397596977,-1.6743123143037753,0
0.34948215833550106,-1.1338693094679917,1
1.945879197180497,-3.0116068624341223,1
-2.175819708602861,-0.4996514473385583,0
-2.433287519152782,0.7248659852411917,0
-1.5246086361421893,2.958392301025995,0
-0.8382531724569253,-3.8564165124039724,1
-1.6935344604445672,-1.9177840931972612,0
3.9468427364032737,-0.2890104741661516,2
0.9186143163052763,-0.9625831812719723,1
-3.4929530437973733,0.8151710840192474,0
-2.4115913638595456,-1.3079691291388826,0
0.8938979087609201,-3.5676550646026035,1
-1.1713287657413165,-1.034575075122334,0
1.3949089616064259,0.7913123089078676,2
0.32796592589528,0.10383596603516501,2
0.9995287489594981,0.839535385689199,2
-1.2895783723151435,-1.6227536859750116,0
-3.800968027753747,2.082515599775779,0
3.335605453426368,1.8231527202936497,2
2.704661677684903,-1.2273529049149454,1
5.005563225290055,-2.02119074699611,1
-0.1672971414796342,3.6890752389503514,2
1.1221473810269238,-0.8015889973465457,1
-1.792436261658556,-0.3405566144863354,0
2.644879404559899,-1.1543740162961678,1
2.0907199250294197,1.178148832936315,2
-2.8488285257474955,-1.4966563951965313,0
-0.6153985300067515,1.7319482348950073,0
-2.0476640721789936,-1.7854318062252899,0
3.272578748316177,-1.5836815718144979,1
-1.6531512638777737,0.9526401340085521,0
2.85520319802684,2.9236674542727905,2
-3.3061490345744664,2.2903396253144366,0
3.010652146345915,0.6435288899225934,2
-0.41292814775337683,-3.42355344079874,1
-2.8437272846475867,1.6514779739622092,0
-2.5493798621675814,0.3661071127177301,0
-2.111734932457654,-2.0092157496999876,0
0.09317444416620406,-3.2184312100449652,1
0.6446762578683074,-0.15767649677727008,2
1.8139414258277098,1.1229415243667735,2
2.2488004626623264,3.304783651317,2
1.825929006768865,-3.1105832622934635,1
-1.351980843789951,-0.2770721718162946,0
-4.4354079561372926,2.0280776276517756,0
1.3530227825218246,-2.1357988054419046,1
0.06848753170081771,3.0734199749518765,2
0.11901587639630958,-0.9311325370858644,1
0.6558349317035361,-3.344024218507297,1
-0.4754325296901699,-1.7422238758262187,1
1.0359995199266498,-2.5120797097408727,1
-0.9067736368603571,0.30301427587182994,0
-0.5067807987864086,-1.1821883687502752,0
0.21704756822980403,-4.015269662377907,1
-2.033382195292818,-0.5815847697396762,0
4.158832916592946,-1.6400205387175557,1
0.5610414278491698,0.11139394132620317,2
-0.058686912260442516,1.4988661949605164,2
-1.5152754817535217,-0.83465355382738,0
-0.9382753458541867,1.0347062218704983,0
0.16243360962692166,-1.026976574811354,1
-1.6437372633285627,-0.8930705723351928,0
-2.1143481420342702,3.1291266966513804,0
-1.3821665602603657,1.4929128726721845,0
-0.8400962336721955,-4.30495736347097,1
-0.9347094864898049,-1.2509796493597727,0
-1.0524453751543257,1.0463052825308745,0
1.4970851560953964,-2.8028450411386654,1
-2.692998845052527,1.8603382451736805,0
1.7313957876763502,2.923124121171853,2
1.9017637083526109,-0.7471918923089302,1
1.7785209378083457,2.8084487794317092,2
1.1040528855571516,-2.8917522664700757,1
0.40133505406607567,-3.8287174169835225,1
3.689690196450789,-1.347557779842257,1
-2.310218496446847,-1.5026500787423815,0
1.5575561822940478,1.444894466979928,2
-3.0174656473975845,2.3953033087439453,0
-1.483815116237534,-0.1041231429078317,0
2.5596535487747367,-1.4468821261030431,1
-0.29389606214110886,-0.47387742803735305,0
-0.8880793360776187,0.12752268657653307,0
2.243390009209213,3.7585357568203888,2
-3.011496470198394,0.29720079280496625,0
-1.2341065114214644,0.08495058215382856,0
1.999821981502476,0.02879101778207116,2
-0.692694833298483,-0.3424928564077351,0
2.24641559270783,-2.855218600256683,1
-1.9094959134671599,2.1018698889327694,0
-0.40511747395413217,-3.57761465883765,1
-2.587121014345489,0.28334746044471654,0
-3.794002788029567,1.7748856462664289,0
-2.1852942752897504,-1.0367304915480748,0
0.2795916151112112,-0.5225227233823934,1
0.7681865711498077,-1.8096723289233834,1
0.14870460847900874,-2.8353020816686874,1
-2.8807928025699514,0.7951793288930852,0
-2.8369829826877284,0.6336209681383865,0
-0.4287486551652347,0.33065016111022294,0
0.06880933840404341,-2.0683001653447475,1
-0.14017994666075037,-3.386619471931105,1
1.805753407775685,-2.2110754965284247,1
-2.7067812029124863,-1.1271682109172516,0
-1.0500027139068377,-3.5596012644138897,1
2.376160770233948,3.2128973807127066,2
-0.37907089098937397,-3.977631588356388,1
2.5585233873587083,1.6751458124348402,2
1.395767015446695,3.65617494195709,2
0.6189688744108932,1.5664821671352933,2
0.7650501534968877,-2.439854111761296,1
2.1292437635173203,0.855479897802378,2
1.0418940032736554,3.2606881365028593,2
1.3467183341133184,0.6135796671414923,2
-1.7699549789033957,-1.946606012397338,0
-2.9284831698750398,-1.6983750481270368,0
-2.9464243700746184,-1.1944322842716029,0
-2.90160768356768,1.5072340696894895,0
-0.06880955129420005,-4.119114759768195,1
-0.8774619167496285,3.0330968532183364,2
-1.469689186248209,-0.775564809209674,0
-0.8651118727071025,2.2009655380483264,0
-0.19797263584003966,-3.046607135248291,1
-0.724900402050946,-2.974921448053032,1
1.7598705602417293,-0.4793050849237127,1
-0.04648462745163769,0.2961865351065297,0
1.7047585849144116,0.38614360306967044,2
-0.27367676550543646,1.1896676009276272,0
2.933026207741657,-0.9523577138341424,1
3.1027361382428467,-1.04166939949956,1
3.258361829072461,-2.366728635611911,1
-1.8704581827360558,-0.5450998578066466,0
0.7594713746889117,4.487415841792544,2
-1.3759649730247512,0.9541196933679043,0
-1.3467749120459638,1.3538283818872465,0
0.33772466366601644,1.7888790897518474,2
1.2565637993274275,-0.9325630956629775,1
-1.4495585968606377,-0.6188888409527951,0
2.1988021025267117,0.8816756149140019,2
-0.4874223604868615,0.18499022488553596,0
1.0443528865741862,0.5461555759632012,2
0.7362468604570864,1.7489560498501804,2
-2.4374225223729797,0.363389499708889,0
0.06337557282859003,-0.5747001237392894,0
-2.4269347230634906,2.036083934909549,0
-1.068530081412503,1.3361289838645027,0
-3.8768335994624783,2.3964087976327426,0
-0.4067702059010399,-1.0416650851937919,0
2.2604100480325258,-0.2612734277250935,2
4.862443794938401,-0.5422499627624188,2
-2.1671813800948088,-1.2997096007848534,0
-1.584910726664217,-0.3074977212742816,0
-0.6486969520242305,0.6368072574186912,0
-4.013192846918935,1.6512190434923366,0
-0.15527746620757157,-2.721985822559956,1
4.48510008342827,-0.43133669694499566,2
-3.105876510179802,0.25372643159383235,0
-0.01962984423986836,-1.4740555243110878,1
0.19959345605597148,-0.7998668077206612,1
-0.8845354979724045,-3.4110226473427447,1
-2.2634989785381188,0.6788683927519618,0
3.1466788950876614,0.5935493189466866,2
-2.945260318982918,1.992004363712604,0
0.2733092380876289,-0.008693728179429762,0
-1.5392004665242687,-1.95233326860132,0
2.1133059229722067,0.12216388956560353,2
-0.7616600279044682,-0.3412386557730792,0
-2.640659969089261,0.7118842961187445,0
0.624004766045731,-3.330013361903313,1
-1.8145588348662332,0.8484578325348981,0
3.5117067068226224,-0.618682233958462,2
0.855893786983185,-2.045956550654576,1
0.768572653030729,-0.37914618048765353,1
5.041932074437996,-0.8565804825615262,1
-2.77077282295603,1.0927821560435027,0
1.6032628657164472,4.116028949102389,2
2.1771049100325874,0.18264928332876823,2
-0.0658764933216942,-0.2837455503514952,0
2.5550288042992846,-0.12623757801192975,2
-1.3917426951885712,-1.2204230715746076,0
-2.563773919623509,-0.1279349356044481,0
-1.9380645773455694,0.6911119026496885,0
2.180531093798218,0.6520211235269422,2
-2.131589337458765,1.9657858540224715,0
2.7657859629959165,1.7635488241614004,2
-3.191617078951677,0.5008011133974617,0
1.5457529433787258,0.31036236680756235,2
2.5177047887872903,1.3175961487486139,2
4.07777628405209,-0.22423515849922446,2
-3.7021174139788813,2.3672454754464587,0
-2.6646359180815686,0.3027675217079724,0
1.054072721935453,-0.012195094731525077,2
3.7831792789311685,1.9534791056383138,2
-1.512881119819196,-0.7320363389087449,0
0.11966439538064459,-0.2590596596419187,0
-4.077960296653772,2.1312163711440104,0
0.7983095336086352,1.1339247688788279,2
1.9527332854846096,1.0211617676347873,2
2.53768100525751,-1.9514969285946915,1
-1.1885545201210301,1.8620886621007928,0
-3.4384286751256856,1.4888303621282055,0
0.39653810381223015,1.1686220782914924,2
1.6738646698331345,1.282465921135076,2
2.926922125453601,2.394640036464724,2
-1.2837322749969498,2.3029084222752982,0
-3.374975882997901,2.218240925315107,0
-0.7689017738960662,-3.283505132096184,1
0.909281721893589,1.2985927838524003,2
0.4636420559708802,1.0880057582375313,2
1.4207147675876184,0.22662943367636162,2
-2.450122062498128,0.47780490575424206,0
-0.25184626914888397,-3.986782533787714,1
3.476875986101359,-0.06696873010149326,2
1.921038474044862,0.38638796940067915,2
-0.6878797196223769,1.389721639434076,0
-0.9231600185682136,1.0163601751113351,0
4.795848803382432,-1.2248480569618472,1
-2.1395822951449657,0.7965900161352301,0
2.333151560293581,-2.7335147715221346,1
-0.9755036553715973,0.4327771873645962,0
2.58173342680094,2.315760648228543,2
-0.21364151854761404,0.41123018146836304,0
0.03814592178353245,1.5533405883010059,2
1.9481220214311135,2.206429173070391,2
-3.5685468282499775,0.4233064012401759,0
-1.4340176043323043,-0.7881740990722635,0
2.807454865383616,-2.658280535437761,1
0.049329591051589405,0.34902480661592666,0
0.018212518070750403,-1.5905818812831451,1
-0.8269888305064638,1.6061667018820909,0
-0.259672241217164,-3.9654323541712198,1
-0.6452373312819129,0.48067478437511024,0
2.0026115554119253,0.915069782441771,2
0.04262933730687163,-3.8249494620996987,1
-3.6599207396109237,1.558820845557259,0
-0.5905854047316546,0.35753965033697527,0
0.17297292351859417,-0.7970172342426406,1
2.4601502931662234,-2.067413293677089,1
-2.241029509063183,-0.5788173664118657,0
-1.8031236163380482,1.2367773360071777,0
-0.27938938272297015,-0.6487568384240279,0
-1.0505125441587206,0.38480797903180014,0
-0.9323128230205282,3.6580296728623827,2
0.17365248195831043,3.184441919181634,2
-0.15386101623338266,-1.476035434300814,1
-1.533972441905343,2.5397473533494073,0
-0.9988536985855533,-0.3949376493527268,0
1.2254484622737989,1.5661236105785534,2
-1.9956816934295554,0.38949596843451084,0
0.07850533912848001,-3.7684936243951555,1
1.196287128908585,3.479842550653713,2
-0.7688531127248011,0.023647703644981692,0
0.33207317593863017,-1.0833807171771532,1
2.7944030375432556,0.5663100603592476,2
1.1303777266086117,2.148978207834185,2
0.12727981335993407,2.072610235093416,2
-0.5120698226912695,1.0221367775959425,0
2.623741116453156,2.0122731592672882,2
-0.6055107744348612,-2.9523278258886765,1
4.242462840117163,-1.1169676257801617,1
1.0278288576575576,0.1882873787728529,2
-0.4659518809860873,0.46149992003164453,0
-0.8285485215219229,-1.3142289837762633,0
-3.146520193592927,-0.4400775175087289,0
-0.35692116406792573,0.457801551850754,0
1.9786089443238177,0.45830384757837317,2
-0.09579356967682455,3.4913451750514306,2
0.3677162354245593,0.0988889956138784,2
0.6979255366182721,4.459978668860158,2
1.4762878995952655,3.3673052588234715,2
-0.4461891509202896,0.19437390411519892,0
-0.6260305117747934,-2.768766449155911,1
0.06745761862248602,-0.8805084028134061,1
3.748793885241632,-2.194927141109608,1
0.007428609943058398,-0.5863010489667061,0
-0.08298223758366924,-3.0286638575556277,1
1.74635112157197,-0.2893350657001731,2
3.3522390410840885,-2.2728456684103735,1
3.1269997709380237,2.473244413080066,2
0.27754412458775607,0.7887358121886685,2
2.7543216943269573,-0.09508075464055635,2
-3.4863262348161235,0.36437399676176363,0
3.085091097950069,0.9655390307620678,2
-2.3580262845197657,2.7903666526770046,0
2.0528648205082747,-3.0627946686255805,1
3.404254045629388,1.9907448608905585,2
-1.6452441360609422,-0.2962621916388057,0
2.348505964364287,-0.24240814261877774,2
2.5720180699508166,2.8507541677549546,2
0.4897492793425706,-0.24075715627080488,1
-0.6650261418256214,-0.4472502259253205,0
3.318778360529413,3.181578530074467,2
0.13350998055165056,0.33352868248573014,0
2.366518964065493,1.4082731812710927,2
1.4945168828452333,-2.198929625743864,1
1.0668050001794627,2.1549961814400893,2
-2.8932673223513654,1.7434818067145132,0
-1.5645222892239412,-0.29736157414699493,0
-0.5990276008449431,2.3608857827962137,2
-1.0416681352762684,0.2166129184846344,0
-1.409457141642737,1.2916146454206816,0
3.1242268458338263,1.0375088123830927,2
-0.3314760981105297,-0.8555800369716998,0
-2.4782493016823577,-0.5700557476683926,0
-1.7486246473289835,2.6843361521545255,0
-1.1151996329146039,1.2227738946811344,0
3.925883579577037,-1.241265913237641,1
0.17091167491849435,2.9532368805190026,2
-1.0896244717765988,0.0008275193828400803,0
-0.14815169157636138,-0.934831017382816,1
1.4312348821286796,3.854353088176221,2
0.4511004303857214,-1.3477062917410314,1
-2.0815238133533964,3.032981290724758,0
-2.1009277628966485,2.1259391603744326,0
-1.774891750345707,-1.823548939430726,0
1.8077385100198267,1.5161454089441644,2
-0.48797197685277627,1.746849651597268,0
-0.07957900131806687,0.3306445546804527,0
-1.35942310374734,-4.0597763031991665,1
-2.15766781096787,-0.8847610899421712,0
0.4765657633856541,-0.26232345115409267,1
1.2797804071185506,-1.7032491717144036,1
0.8996723434583659,0.4647838271897798,2
4.484174994547733,-1.858470039998599,1
0.932843941643443,3.7719696378323313,2
0.34754752728988403,-1.3006909714850088,1
-2.465328297760213,-1.0751920463162146,0
1.3658583113546594,-1.5028968529235402,1
-0.8004982162390554,1.288386697954889,0
-3.3204854131826718,1.481721070564956,0
-0.9256906058674897,-4.117186935336774,1
-1.2631822789643663,0.2711678087660649,0
-3.538332193868953,2.124483423557911,0
0.8748136715542196,2.5678053438000674,2
1.120016965154219,-1.0080290513626577,1
-2.821263858542818,-1.0266229587149267,0
-2.153115724178558,-2.250376400558955,0
-1.0742000877462268,-1.6580155320301715,0
-2.524284179280171,2.761545979958632,0
0.4410487616808308,-1.03507424597851,1
-2.814426741917855,0.9013137748452982,0
3.577143572919589,1.5568698878678606,2
1.1601548900947314,0.3337218244862548,2
2.851853620417123,-0.9218400353975734,1
-2.4243357496407465,-0.6255664558240298,0
0.4123317283039106,0.6720364617223207,2
-0.5504582443151224,0.051688464065549194,0
-1.1454494046385315,1.4993913089957622,0
-2.6334867865723415,-1.5630722955297218,0
2.997640603067713,2.0682763507803963,2
0.7618772616822549,1.9025564291938357,2
-4.6867231594981655,1.5192838834845286,0
2.4882327905995663,1.133699819153779,2
0.7338527738293557,-0.4930463592791264,1
-1.826219883626279,-0.9487658153458839,0
-2.3578080719801098,-0.9058332149854879,0
-0.838325639319638,-0.5162725275787805,0
-2.43190800735357,-0.48309445706158016,0
-2.8758016015757,-0.6900762838865192,0
-1.8874332755447827,2.3793305820359816,0
1.118523723162954,0.3894307420071086,2
-2.338555549710347,-1.3843767253525439,0
-0.32399536827079045,-0.4897262968397527,0
-1.0262917996934555,-3.1036851702457473,1
-0.32418257664884925,-0.41908010530250983,0
-2.303744371058646,-0.33299283917468636,0
-1.4245928808570187,1.6935276695171813,0
-1.6447439972819067,-0.8704873866535724,0
1.809660320933363,-1.7298558408857965,1
2.0178840407819347,3.6465175700980237,2
0.07737047192691408,0.1465365107693013,0
-0.961438805048062,-0.7147849039638251,0
-3.284745703321996,1.4908060130859975,0
0.040229071845597444,-0.4963288294599253,0
2.248418718689879,1.4289372421133786,2
-1.6908441833124588,-3.2012435706888174,1
-0.7890442311663086,2.2893403699122894,0
0.45591584700626026,-0.6461124605188199,1
-1.958897010964522,1.155579917256634,0
2.2098320199685952,1.3545421320033182,2
-0.061293661886554766,-1.9295513707680818,1
-0.12443960830714709,-0.22633644496042163,0
-1.72561912552875,-2.0453462080053053,0
-0.41829911171700646,0.3391595045803387,0
-2.537387501249399,1.8475099724290778,0
1.0046621538265714,2.109775946794034,2
-1.8536075836567933,-1.159591573244301,0
-4.240592511857753,1.605105022955511,0
-2.331685390985066,-0.8538067872527703,0
0.5488513891898652,2.042163145747508,2
-1.076952244079111,-1.0376047621515614,0
-1.983318213741665,-0.9509580754118111,0
0.43719575802023697,-0.30280626155454515,1
-1.524921926532486,-1.623832509405895,0
2.987993092715366,0.19341741209251845,2
-0.8780922005447865,1.6369378074205352,0
-3.0151193498806053,1.3737516576958069,0
5.6989431888846545,-1.3015610819312808,1
-1.2410038621886967,-2.7613353561794445,1
-0.6751957493742714,3.2021183454996534,2
-1.6559609156178552,3.0290844480134926,0
-0.08989682760131683,2.734761403192153,2
0.6365697972418718,-3.1389380154202535,1
2.9965576178773063,2.7320751305308786,2
0.037895187293484234,0.550208739591032,0
1.1738778056018944,-0.02576432710738154,2
1.5039369400801657,-2.2394952759093743,1
-1.7363859028865294,-1.4879595769880853,0
-1.8629848813591416,-0.417561825556724,0
-0.7740299088967613,-3.4967240501076344,1
-1.729132550812944,1.1157778136178014,0
0.3346023969097546,-0.05607916718289504,0
-0.11897797499606008,-0.2378343242844969,0
-1.032028492265469,-2.086942830669567,1
-1.0769136375170574,-3.2476001243508152,1
-3.350909767751342,1.6424338819731628,0
-3.3596093244122196,2.2892473560321847,0
-0.0016231403205012767,-1.1577629936262241,1
-3.2374706644012194,0.68569313667905,0
-0.8286934922082391,2.5741282938154404,0
-2.198400080910321,1.0922130188037729,0
-2.866479087392261,-0.640250539383075,0
1.4710301298093988,2.7110672006750436,2
1.6993047931423808,-2.679100762534408,1
-0.39323784529666406,-2.6617878961816195,1
2.8719031569478184,1.5137221775154532,2
-2.16313038885937,-0.7558614966501624,0
4.633071292532916,-2.146635919907345,1
-0.21735769581114475,-4.044895831001778,1
-0.26931191106482233,3.8987584280386685,2
-2.2982763377072,-0.6643291386586525,0
2.991917267486518,0.2708850407881715,2
-0.7216086803628083,1.5826082892309714,0
-2.901349599585195,-0.8523387576764986,0
-0.06360196190665134,2.043168324283251,2
-1.3804569718498707,2.9782873517031248,0
0.45258319370609323,2.4216466639528216,2
-1.4950889037297017,1.7795943655291606,0
1.1842132385930797,1.7194878427756153,2
-1.2487848211867862,-1.8565167515550505,0
1.7609911568016305,0.6809517902172162,2
-2.0952712911638045,1.505010321687651,0
-3.6152932477914326,2.101635163824002,0
-1.6219852106238668,-0.289382776952701,0
1.9602897193064104,-0.40637331330702126,2
2.836207076191479,1.1176859727797872,2
2.5606775453660244,-1.3738583216750069,1
-2.838624785436329,0.6465405926621446,0
-1.3467684745173427,0.09937042586546593,0
2.6936996040856442,-2.3430534947938573,1
-0.832995803384216,-2.6942101061601313,1
0.4647656113731018,-1.101155399221037,1
-0.1262309524868088,0.47286235385354297,0
-1.4910478672737495,-1.1261404934082164,0
-0.6304435741324106,-0.5858396188271007,0
-0.6279450715441962,-0.7103900494943169,0
-0.7682985413081896,-0.37168961780010473,0
-0.2655281412207429,2.584732814294741,2
0.5561323658277724,0.28678402415426046,2
-0.17088669176963123,2.1558235277137636,2
-2.718198067168741,0.9114530469613598,0
1.1037612501754726,3.264189359745377,2
1.1623383111968661,-1.907401865749334,1
3.5669167885659117,-2.3022986185569976,1
3.4543512382941834,1.2866624829746398,2
-0.5302225500066108,1.6837407195225071,0
5.089330940775781,-1.6114098014789884,1
-1.6710412349514558,1.567512025979398,0
-1.4659396258685367,-3.924345285680935,1
-1.1823529528026058,-3.2757559812176695,1
0.0359857278335662,1.2838698824047292,2
2.1727830866634807,0.6728322175724258,2
1.4767759478612428,3.822792406612165,2
1.421455796391172,-2.6266416345296295,1
2.974132145956174,1.692101858203812,2
2.332612175150459,0.9431273416390306,2
-0.9493067048216364,1.334683879176814,0
0.5976328421230322,-3.7693768393501297,1
3.851832344675293,-2.23651832392089,1
-0.319774322313825,0.4959329899986364,0
1.5559597758248667,1.3974247603829164,2
0.6566438723121878,2.8990879355738395,2
-3.1049787233853396,2.1376183499493773,0
-1.440674136609734,-0.6725490159276466,0
-1.8642987469452497,-1.0752283337052104,0
-2.6858694875517872,-0.6319023751640478,0
1.6797280370103094,0.11455649034173675,2
-1.8056645158933187,0.650012093738596,0
-1.262969315204548,-1.112142529812481,0
2.0662357222606533,-2.764517301569222,1
0.6490555012957689,-2.995094544194165,1
-1.0426339279198817,-1.368788995535241,0
-2.6618377679664755,-0.6597213429370579,0
2.4190743126477656,-2.0456512033888528,1
-1.879873201820362,3.1766685454584556,0
4.025135622660631,1.5773389676494791,2
3.4465501565060075,0.3400652379913822,2
-1.0430251298978441,1.6295163121255232,0
-0.4594461513886878,0.4945122663044184,0
-0.31644723357678767,2.63391211195057,2
-0.9663874761638919,-0.27805450866747067,0
-2.0501711486356107,-1.0924602630282463,0
-2.8921281931416205,1.193360673420409,0
-1.5668166719373382,-0.036120606332279113,0
-0.10808438469581214,-3.7079192693404157,1
-1.3699736168023637,2.3164480745303493,0
0.3418919094860307,-2.3641636316746593,1
-3.04923589209142,1.1978264702370975,0
1.2729501954810305,-3.5870928605578825,1
1.5401947883364981,1.1746442906242047,2
-4.073399131390165,2.161320854899561,0
1.0825303315811008,3.273460277573307,2
0.8956376867309016,-2.3918422404793147,1
-1.4892559100622234,1.8056264489477019,0
3.965789401087218,-1.9444656551735355,1
-1.8827584068068246,0.5431032399096646,0
-2.6695389187639154,1.374974621912204,0
-1.343938684391473,-1.4951848176134122,0
-3.170034154019087,1.3563128715956616,0
-0.3325091486291923,-1.49499153004369,1
0.6020379397724147,-0.45523494937207476,1
0.573985697126206,0.06078175775466105,2
3.9012260553101203,1.8256558811047399,2
3.4130035163611767,-1.440171373099945,1
4.9156432862298045,-1.62872770844617,1
-3.2299497769541237,1.9933517217547978,0
-1.9627307832748802,-1.4112027702459822,0
0.44960796462760316,2.1826872830454116,2
2.2298165964309007,1.7390825980645614,2
-2.1248708820886053,-0.29678619599285044,0
3.505156886067008,1.7881206451950085,2
-1.907109142257087,-0.1971686747146028,0
3.1034925613295528,0.503104705239845,2
-2.4179417687866507,2.9957112741275775,0
-1.4643562639974579,2.203557754024448,0
3.599747303007904,1.7237008411481567,2
2.6096814054872413,0.9342539314297054,2
1.9786553294225988,1.624320390053694,2
-1.3057690840205862,-0.03581344419894909,0
3.3126235696570654,1.2096107904461793,2
1.8533144616071826,-1.670924262311006,1
1.2703018779980655,1.1729658910622773,2
2.1444252581560685,1.2053400892447115,2
1.2844997356013237,2.5363242941142325,2
0.4704158223359265,-1.0905692066593913,1
3.5777964043058588,-2.519980345863012,1
-0.010472830551536345,-0.9383102082616912,1
2.6394527834427106,-1.4216804697110679,1
-4.18886544096134,1.4317831968094374,0
1.9778736104040338,-3.179718765677589,1
-0.05351057824202236,-0.4004599295869063,0
1.2490834334835106,2.5123493891542035,2
3.686023104739065,-0.8828513337603712,1
-1.7152342447535682,3.1274549636742375,0
-2.3341619513859504,-0.879681811280794,0
0.3782121962631035,2.9219840926455265,2
-1.8502782563961941,-1.227226697376619,0
1.1219483188017834,3.0277297048773977,2
1.7023292137778177,-0.8620713743851351,1
-2.282814459409642,-1.4064296143540198,0
3.2181215547655126,1.9020817490496642,2
-0.1457193606909446,-2.342636749074292,1
-1.4062587114898695,-0.8572815520994194,0
-1.6095530083937843,-3.689990754019643,1
1.7691999619629561,2.992636204380424,2
0.7577925960041343,3.625932410815733,2
1.6650209114297145,3.007503561435898,2
-4.227553390473162,1.847110161668098,0
-2.7199652325214947,-0.9659756650723298,0
0.1077624262257992,1.5484910349154164,2
-0.48870097030496273,-0.3147453852786736,0
1.8823106773817475,0.433298549125626,2
-0.7006209083097037,0.41431659606338656,0
0.8440035009691755,-0.24125393397276093,2
0.2089621094431348,-3.8292222095196844,1
-0.4306514364818795,0.581719909319615,0
-1.7482206976792956,-0.5472137745473167,0
2.2253348002129756,2.1591863809596905,2
0.5583576732037303,3.6648896772567796,2
2.621390690274754,-1.2038834088921178,1
-2.1752304738174484,0.6800124386002867,0
-1.1794815982701825,-0.5425041605943849,0
-0.14505585774610902,0.050407054362184144,0
1.4770376806620769,-0.2164856826064842,2
2.2927825238406383,2.436045956017791,2
1.5837315203311295,4.8407365712033465,2
-0.8486905010810454,0.5199896922395165,0
2.6220121518925006,0.8587190678150912,2
-1.2062332137221208,-3.279648569922802,1
-0.3159198565066668,2.1938959106258475,2
-0.6469063672032552,-1.052093563936526,0
2.5007896861796266,-0.9699594464212946,1
0.1374349597066189,-3.008712675317509,1
2.112337846609642,3.3960759602748585,2
-1.4013403342570276,2.2343243043400998,0
1.3215947640289398,2.4079433177340244,2
-2.00901070577891,-1.4758640158105891,0
1.8052493682879363,3.9143569443214923,2
2.7687081358240984,3.378880456128341,2
2.6721257775257263,-2.0682850359980436,1
2.68492219150778,1.2611590431566724,2
-1.3880855494064583,0.2126037765996679,0
1.698353629586317,1.1565968586510889,2
-2.7784450910679293,-2.0742494534002565,0
0.1600862714707033,-1.4945087628941924,1
1.6447081335526772,0.4435544283594261,2
3.321056734155797,-2.036291275930788,1
3.033109037023376,-1.665969417963527,1
-1.892110190635636,-2.3196722152753444,0
2.714314232268315,1.9891105701680567,2
-0.7035689310080555,-4.597673460209263,1
-1.2623008788741041,1.8064673031805898,0
1.8718545241284326,0.821536887132598,2
2.0262271904354026,3.5162410067654943,2
1.2884993552272017,2.534326406887504,2
-0.06559262381943269,1.0743866964242244,2
-0.35806902159793663,2.2184588775261154,2
0.1321344654890669,0.3323749284235387,0
0.03762898456401488,-0.5509221711413456,0
1.495526661014298,3.095482815669061,2
-0.5042534419722791,2.393887828233172,2
-0.6505368789673384,-0.43915724940287676,0
2.747382942240526,-1.251986923827978,1
-0.2921556629402998,-0.6081835862537236,0
-1.243270579228996,-1.2087685941167328,0
0.795340876583506,4.311350609472376,2
4.8394485113612475,-2.134688894147677,1
-1.7263035809869656,1.2092771355748257,0
4.119630199534751,-2.4165928280626128,1
0.8015896109611838,0.5843689311240015,2
-2.1466580222905467,-2.4935320059461117,0
-0.906004245790076,0.11929882589169122,0
-2.5226278109999223,0.5657267632130208,0
-0.7878311811468525,2.4049689189584047,0
-2.90892800899277,0.45248253155677215,0
-3.2813216206245133,-0.555942700135668,0
-2.1735424448523526,-0.5926900205029326,0
-3.1992584408168896,1.1245389665122651,0
0.36373711258796715,0.7287429126803612,2
0.4247196806134175,-1.399634740496009,1
-1.8101724827380203,-1.4079056333792745,0
0.2947669482947655,0.9937152193244343,2
-0.6544626136126082,-3.0872044029262913,1
-0.7954346858522571,-0.24490544329309677,0
-3.85973682783757,2.3573369196822775,0
0.3115249574772815,3.128359460478687,2
2.3018322084493046,-2.4111351736921423,1
-2.00507888542366,3.1109808384902387,0
0.41792644109220434,0.21313208648968424,2
0.948736205993226,-2.8366471881992465,1
1.3016277771778864,-0.4993128355910947,1
1.5302010173584841,-2.1149280506277113,1
0.25582676436858154,-1.4135224421418342,1
-2.51496379355322,-0.5613064764022269,0
-1.9772238888134797,2.1472019741183894,0
-2.014103114108194,-0.20062515147471252,0
-0.7132041966905663,0.393277319708897,0
-3.4255848944322036,1.2918257742021653,0
-0.728905345568831,3.342984423249142,2
0.3441002291129037,-3.529728811856972,1
2.6343207249584273,2.8379063038333747,2
1.6705143034018413,2.644905361810655,2
4.44531218461804,-0.5863308302863455,2
1.9390131288873156,3.7334820635505257,2
2.5704974332801704,1.0806135486795165,2
4.461017884457885,-1.2667098516323436,1
-2.92181300342194,-1.2130692248833994,0
-0.38966042286191976,0.3763361029645495,0
-3.1462151436037153,1.0808315156894275,0
-1.4473322900616459,1.016120642412106,0
-0.3052162571883506,-0.06435802549100865,0
2.0032969761640245,2.0474955699187225,2
3.1348770223196145,0.5671755465984157,2
-2.9670987728512457,0.7152714619850246,0
0.19708183241346738,0.0389528608761637,0
-2.4272314098725967,0.4997212539861832,0
-1.073297400313215,-0.3300974948748352,0
-1.2994031822394054,-0.35346267344887,0
4.853778232438799,-0.8097380690926355,2
4.250647102766035,-1.1182638311135709,1
-0.8461469557788699,-0.5121013829239288,0
-2.6102811278823292,1.1406935050360802,0
0.039494507153842846,3.9407136537363576,2
0.5096387092594115,2.4519412082071153,2
-0.9823049060584997,1.0239523266398265,0
2.7564262954945793,0.5770842791897522,2
-3.960580079018113,2.0020136560257833,0
0.1349567116438255,0.3220488652322156,0
3.757246967955251,-2.2419334156708954,1
0.15586089100271303,3.758948994072381,2
-0.7157241617496423,1.258278937879226,0
-2.7302020905716806,-0.8328407758188772,0
-3.279248321606923,1.7336496044504839,0
-1.244457077021038,1.4996216262319408,0
-0.1824065479268581,-1.529200342955833,1
0.21897788955887937,-0.9076827785270866,1
5.1257418002862805,-1.9587775699172678,1
-1.6572172404949501,-1.2958156251201487,0
-1.8658060576584352,-0.6010600568274644,0
-1.815182406821345,-1.020783987355365,0
2.626135525973203,-1.273437834845443,1
3.029316620044073,1.393186225374888,2
2.2231291966006363,4.742613788259118,2
-0.8543364034215309,2.267371635111774,0
-2.022426206349878,-0.6126576506189068,0
0.26681989762247493,-3.9556025738726226,1
2.7585015025856676,1.1054528757006077,2
-1.2962182032057,3.1713516116636393,0
-2.1971640322619708,-2.316261475406368,0
-0.39149157903484755,1.5386769190446223,0
-1.949654589759476,1.4421449188052842,0
-1.829079043055701,2.9335997128739684,0
2.885964645590211,0.9031305539806543,2
-1.8028351978602486,-0.6574677239359055,0
0.31884451895256466,0.7051275939417273,2
-1.6450118590944687,-1.732200836663706,0
2.4272979285717,2.4551627307914075,2
-1.8088586901578734,-0.4788511021966807,0
1.3139849648434283,-0.7693990342123708,1
-1.1196508330606787,-1.4394154963526773,0
4.762980149828752,-1.8940277317702723,1
-4.075606552615483,0.9309232617678138,0
-1.213692195658699,2.701842349708184,0
-4.241347422614512,1.261087737840122,0
3.3792489220435105,-0.594602642144293,2
-1.5403752382132767,3.0454909754225667,0
-1.705682641032182,-1.6323194507220629,0
0.654285731093984,-0.1391349262252154,2
1.0649542091553572,-0.4668063889151831,1
-0.818258959069556,1.7593784871189577,0
0.237748392484176,0.43774718472709584,2
-2.0428059041722326,2.8724122101659724,0
2.7050044113979013,-2.865354180551789,1
1.5021510648612024,2.0101277825532784,2
-2.710371869194729,-1.4291075536298543,0
3.4937900460951017,0.40444358048519896,2
-3.589776756972466,1.2867606028652205,0
-0.8071471448690546,2.9713081618064785,2
-4.400699660978388,2.0533190239673687,0
2.802880881143819,2.3509456203391226,2
2.847974439191524,-2.659833296803554,1
1.4162758649315517,-0.8666753336464516,1
-1.0796244676852411,-1.78375763273623,0
1.1179141377658617,2.889537423146922,2
-1.4746830867394172,-1.4123832438782133,0
2.0576855109305154,0.5370455109178405,2
-0.8538869420960524,2.6477338713187537,0
-1.7339746085570114,2.234385905702394,0
1.7850574308538214,-2.8834894943547194,1
-2.0469893352383464,2.4756495333753,0
0.06751399208696345,2.439114279235161,2
0.6963431348788849,-2.6699937198888866,1
1.8122665595658485,-3.185268368055703,1
-0.3480988104951051,0.4177160433664393,0
-0.7763587707847379,3.0493363186741416,2
2.4318551811479527,1.176953530345417,2
-2.1196381571500953,0.5023590936729619,0
-0.8424808457308929,-1.5546669003593447,0
1.3075627785962873,0.25086312557402074,2
1.284728852617972,-1.5241418634341135,1
-1.6761646432217128,0.9876622338864234,0
-2.415482460022007,0.0007708043666421893,0
0.9427768334626464,0.6160927105861622,2
-2.863156264146838,1.9234012425902165,0
-0.9015301338819706,-0.612547982395032,0
3.9762758713587125,-0.4661367273258834,2
0.05061750753027805,3.8619265781439114,2
1.4563677255878975,-0.22074480942089883,2
-0.33940327130566805,-2.811016988862962,1
-0.8746466211737915,0.6956300754290139,0
-1.8614370401835285,-0.99682311209753,0
3.6497004228674355,0.7044422771663232,2
-0.7601581358024059,3.3013985132242505,2
-0.7236170041668871,-3.6630856692205676,1
0.2950335319007213,1.6268223091096878,2
-1.6645896461158247,-0.27726842384329964,0
-1.1446634119330594,-0.42546560903159064,0
-1.4782994112076102,-0.7833683858819324,0
-2.26636597320731,0.7807171849155174,0
-1.7529489676624372,1.042553083632001,0
-2.250177342390048,-0.8431783967643602,0
0.3251641541388104,2.627939201064007,2
-1.6148980340692043,1.137076330363398,0
-1.439234346650515,-1.955416372833705,0
-0.46227201152661895,-0.5470832734079838,0
-2.265265822539446,-0.9214052488432786,0
1.2975220616721896,-0.18252744066512597,2
-1.7012189696705817,-0.9585119063888442,0
-0.679660685755255,-3.7954958354163284,1
-1.4031858225615053,-0.6660918698366687,0
-0.08019946107988724,0.18533940758748046,0
3.4769736616883167,0.10927978850793515,2
-1.5458380772038587,-1.686072256593827,0
-2.5828649883850066,-1.0581178788000394,0
0.4250799187377582,-3.2820735109595303,1
-1.4442566696500136,-0.22542782336068506,0
0.18706656146697195,-3.222098936776942,1
-0.8116731777933224,-4.113451529292219,1
2.139666949885506,3.743138265856219,2
-0.5775713414242423,-2.9339506784397034,1
-1.4158224660329506,2.495722889397501,0
-2.704479523892551,0.9683176771190511,0
-1.5115640710939493,-2.2466819896849044,0
0.6939839781025611,2.3277468849314906,2
1.741010120697063,0.6113952556979481,2
-0.8627543131049836,-3.0560889677072454,1
-2.815974075833505,1.8398938733089054,0
1.4002703086469472,-2.7260652938761205,1
-2.2579949174166063,0.9830606497758214,0
2.885397886247099,1.4307019144066024,2
1.0820205656152677,-1.6210051372486989,1
3.5861474112496077,1.8510602894157382,2
-1.0921478502792061,-1.5822007472661732,0
-1.5060500714975948,1.8254275083933427,0
-1.6549493038867988,-2.188390726931889,0
2.621596525276098,-1.2374630641505002,1
0.0827588794185681,-3.7608842694174243,1
-0.8428327040528071,3.5152044203466515,2
-0.7826911496074356,0.2786051845010855,0
0.9584151316623583,1.0809666362353025,2
0.8510485428246138,-2.0425239503507733,1
1.0495533399233927,0.22809873386075757,2
-1.0278120416686702,-4.056927289000323,1
-1.1491370528768885,2.3042520505446555,0
-0.38587809009003515,0.525913573610555,0
-1.240987198803724,-1.467922587039193,0
-2.309049367201996,2.4673739614791392,0
3.949185437746528,1.0634769716198855,2
2.6657621365835804,3.0815478559473806,2
-3.2326166628211204,-0.33726416195791287,0
1.3697427886715172,3.2567448916661883,2
2.765004566371047,3.088431464303688,2
-0.33853161846114915,-3.631377124748575,1
-0.42109049525778336,0.6093042508189341,0
1.4352175048458764,4.632753095283627,2
-0.5559418452797373,1.5058479321500136,0
-0.9093015359886097,0.3983035185267801,0
0.12205004884035359,1.7073827289627863,2
-1.701013553292814,-0.8559362693262651,0
-1.110709007674837,-1.716958763835628,0
3.1054373898438885,-1.876637992221444,1
-0.2720743922721948,-2.8427435640342105,1
2.0103012914716403,3.160573558886905,2
-1.6239068665789786,-2.234255038877649,0
0.5487664142648643,0.8141072836488803,2
-0.7900230304812321,0.10461433732627365,0
3.451698127346285,-1.8691612626032976,1
1.6126483929789928,4.063535381769915,2
-0.02199067143816295,0.22207555542748858,0
-0.43475600102520956,-0.2668762108052753,0
-2.029022999082804,0.6332346374596756,0
0.489303128281889,0.5010049746258797,2
-1.8097391664982483,-0.29869816972850594,0
-1.7709779143285975,-0.6640600314199926,0
1.8629762556496978,-3.0590442887349343,1
-2.5664087455563465,1.078278228864005,0
-3.17219966191431,2.277720056618776,0
-3.3702841495652893,-1.3249016224177406,0
0.7619541249137165,-1.878531258468444,1
-2.581658923893542,0.06866904497358303,0
-3.3025297954282764,2.51158505202311,0
-0.7695530731006963,2.727698376685559,2
0.04742594147400708,-3.4037384073639854,1
-3.1299639429070254,2.1793041058328377,0
-1.3329328299927423,1.3517911296758995,0
-0.44049939493378165,-0.05806733836461534,0
2.2532054217251707,2.8981950745778597,2
-2.276603968657751,-0.5862496777168985,0
0.0914243670614518,-2.601197370737546,1
-0.28094935020713463,-4.285259504819171,1
-1.838829217605869,-1.9559090954283107,0
0.45533349818384294,-0.2374392419169277,1
1.0446219392820046,0.09084653865183284,2
-0.7951542446962961,0.4029876346137116,0
0.11668105751424382,2.078235033131583,2
1.9091328979696787,-0.37604286775522283,2
-0.8285577016722616,-3.5790126575756944,1
-1.674647858153564,-1.733876798744026,0
-1.068326468584925,-1.3465236377106882,0
-2.6845323090908084,0.5668255163157839,0
0.9458267772223596,1.0954017250540622,2
1.516234707982444,4.405627570625994,2
-1.9978269301759446,-0.8588646156213867,0
2.389399756177094,1.3356300378227606,2
-0.5204675238265267,2.3470519523175715,2
0.2993430838749682,-0.007274625671057656,0
-2.7795188071816628,0.6506283892055807,0
0.17018420123680614,-2.369215738257111,1
1.5511692435997788,-2.084550403630679,1
-0.6962619721284414,-0.011558904883677215,0
3.7188629710015295,-1.4864582589663449,1
4.112748914401126,-1.4367399441286652,1
0.26210655158457763,-0.884110929079702,1
2.8004027607226005,3.1609875198006927,2
1.7685236701573923,-3.028728005974481,1
-2.276810310642719,-1.5325812144962552,0
2.0024758411040873,-2.392465213676806,1
-2.2312631351873176,0.02989261547242756,0
3.3892184087622756,0.11026880983465745,2
-1.1362186166176127,1.7942730823490889,0
-1.1223647076796568,-1.628168300485794,0
-3.4186056520786745,0.37923423682627094,0
1.049796245870313,-0.7692749545911344,1
0.9958524642273736,-2.523344224275051,1
-0.5573727921772711,-1.5364045137735,1
-2.273728457383202,1.8504246625995822,0
-1.5782419513541843,-0.5629500125489992,0
-3.0975029314482416,1.3153267581415795,0
2.5298111916511408,0.5707897986313308,2
-1.323798476824622,-3.3417963699752353,1
3.056630197778159,0.8348175217852992,2
-0.4064814170458828,-3.7712125059175317,1
-0.29007560231752905,1.3430962276446397,0
-3.033562776681081,-1.2247371047814946,0
-2.5553956365034507,-0.5337457247964338,0
1.3148334465743923,-0.7122849987838638,1
1.524272619311741,-2.838179363720454,1
-2.0647021222707065,1.1429494923493513,0
-3.3263939673651226,1.0703673004009273,0
-2.7914338074498177,-0.9724294199646878,0
1.1283358370125651,-0.39338834882897583,1
-0.11695190163089239,-0.042853863952664197,0
-2.5119290222923296,-1.3664720662561385,0
-1.0174090590103912,0.10245070518162182,0
1.5244259408959757,-0.18051667328778234,2
1.593437519639982,0.04848998707402642,2
-1.4297335981897485,-1.7679076493788881,0
0.5025074655874247,-2.9431183694070597,1
4.315690518559995,-1.7412609144786373,1
-0.6202051102628051,2.343668780770955,2
-2.165244129549993,-1.2582971378967975,0
0.7350511236941042,-2.2365001562283005,1
2.8940562807520034,1.6377337291937375,2
0.00201029728878238,-0.0366345448194413,0
2.1423993639915504,0.6634498738806355,2
-1.7956172839086466,0.8974551914357047,0
1.6486821920616797,-0.5359660213993692,1
0.07713154633232021,-2.325002684469542,1
-0.9876319920448476,-2.888808432433189,1
2.120857954142857,-3.2526608223918405,1
-2.6474672638097343,-2.3143004566094807,0
-0.13906002866513192,2.847609581502862,2
2.202606251602762,1.0111427480729531,2
-0.34983771153345367,0.39307552134866985,0
0.19375898305920114,-0.8840163443241481,1
0.005393146212509527,0.04811356322477611,0
-0.11675249901675677,-3.911949246668955,1
-0.5953865307065399,1.5130756776324519,0
-1.9041169115001855,-1.27412769033052,0
0.1817680108626003,-3.590524420331942,1
2.441892437563808,1.7740186003023217,2
-0.3217616191729538,-3.1467922311965437,1
0.7629270619839063,-2.7120214353458096,1
2.4559824637593124,1.7027876882331159,2
0.08440185011675996,0.7540387270354688,2
0.36340014130068077,0.5131937351919772,2
-1.4727046617840862,0.9878734950173186,0
-2.2734965368693563,0.6962421194158471,0
-0.6341271358377653,-0.10060401274150765,0
1.8243367829205834,-2.4120018919558857,1
-1.910480273404214,1.8678534809767589,0
-1.0391716373676554,-0.024680563749173396,0
2.9369095018136693,-2.5320258670271127,1
-1.4727994244763458,-0.09511599595257668,0
-3.0891475761266713,-1.1545197578039355,0
-3.2165859513894026,1.6979760632847412,0
2.2670551884526,-0.47753342553179884,1
0.8935849826853924,2.487828181843355,2
-1.888048823897813,-0.5783558652469726,0
1.7527921426424993,0.8600468879214936,2
-1.8034696717517962,-0.29386226436269286,0
-0.1689332542934598,-0.48369894800683993,0
-3.606576411959272,1.603415626842094,0
-1.291369284676598,1.6577680118431248,0
4.189858753209554,-2.342958756812721,1
4.474625582773392,-1.808039265437816,1
0.8583458817371604,0.43696664868047996,2
-0.14207363505714,0.08907906437329459,0
-1.0999460915426245,-1.9305100364179935,0
4.219491978555475,-0.5113851210703594,2
0.20406234825546984,2.828915700671431,2
-2.7085082506651457,2.9084011479282497,0
1.8921208758952606,-1.9226360506168423,1
-2.354241374839927,-2.465707957436003,0
-2.3201815702371933,-1.0196967488627322,0
1.3057246040272255,0.365071559607046,2
-0.6716093136649163,1.3054957709269412,0
-2.826878185049094,2.4111912108623357,0
-1.2653372063194912,-0.05501679186126586,0
-3.9187840195605728,0.5357007739531237,0
-2.622012631774047,-0.9856431409249234,0
0.8290174619839252,0.6583277450955938,2
-0.648686353199861,-2.56353473639073,1
0.4870117770974508,-0.4842425301328514,1
-0.011321941323260675,-0.6641684551110778,0
3.464988295987212,0.9380667377640195,2
-2.7884471229777,1.7859369417322872,0
-0.14966154876817797,-0.16150130604689833,0
2.0602199876070975,2.4252149916747174,2
-1.1078809350848033,-1.9146885033236658,0
-1.7662330813621374,3.218417777624677,0
-0.31453494296172374,-4.301108344928763,1
3.0642977101484257,1.2827673104270905,2
0.2808219541343261,-0.2714812222374253,0
2.084215456023179,3.050206640824659,2
-2.0250786729959325,-1.4353801674879756,0
2.0932497986393384,-2.597872376152451,1
-0.05296131844769394,0.26804220509412136,0
2.120902918952195,1.4775482006314389,2
-1.9701400085938938,-2.0605371879595027,0
-2.5215250273776357,-1.2519180187656567,0
-2.580418990342619,1.1136303228019508,0
-0.13773548158604776,-3.8427480643044567,1
1.0251132034262842,1.9620333536278702,2
-1.571328325883828,0.5269450531806819,0
0.008095020179705925,1.7031813334986468,2
0.39273374344867507,-1.0171552648732094,1
-2.6562040680257004,0.5086922594811164,0
-1.020299450350764,-0.8672459313559843,0
-2.5325956472946496,-1.9361011196672242,0
0.6871486544747732,0.8876414151302608,2
0.7353943278562308,0.44300102492731236,2
-0.5434726192172543,1.8199065674770978,0
3.355015887703306,0.41859628706738183,2
-2.9799777115450428,0.8762875604100374,0
1.9873440302872631,-0.09960454941319132,2
-1.1025430248785324,3.299462285328494,2
-0.9375515650868733,-3.1108799138354906,1
3.1756647663128916,1.131018505284629,2
2.2764718856580353,1.657979523686303,2
-1.0335552125311886,0.28912748210910894,0
1.447764460643469,-2.504973713612651,1
-0.019339405738103485,3.309682376529999,2
-0.5374751942675051,-2.733060159373777,1
0.45622942163266805,2.082538111389999,2
-1.705817276969372,-1.2771013739362778,0
-1.8837849213384206,-1.453414138309442,0
-3.1703384463627327,2.206504175278684,0
-1.1065297790622954,-0.6198009398553059,0
2.1009519034427395,1.7113306790382987,2
0.1564282871360677,-0.08818970828001517,0
0.1610830727608829,2.1363997440662583,2
-0.20889378623246388,-1.5728020453494345,1
-1.7398859448581017,-1.4654149695103396,0
-0.26530180510279994,3.0371787454264965,2
-0.5120001889082321,-1.5607356731757112,1
1.167016683687536,4.683060480584974,2
0.6652137471566046,-2.5537991467436654,1
0.12428936802572232,-1.2149837967501682,1
2.964659227434878,1.1446332491798201,2
-2.3395995263788487,-0.42523685607779876,0
-3.5281137528659543,0.9810204380908849,0
-1.7987382404776622,2.461127734249379,0
0.11412369168158483,-0.9194740040659907,1
-1.289377310813549,1.3787200633569663,0
-4.211342438724376,2.018813479792011,0
4.402489576851175,-1.2079517844603433,1
0.9750989934115978,2.0242411783727254,2
-2.879496727270847,0.20095309076814236,0
-1.8065496446082168,0.9861909668416038,0
2.4551085114485427,1.568652576194149,2
1.2098688425475845,-1.4399856432439033,1
-1.0535212298958512,2.4727985288367167,0
-1.5335470361294954,-1.6464045582012972,0
-3.4748825157022756,0.5107757912410498,0
-0.22513760326661653,-1.1524851698083605,1
1.7748686618608533,-0.0069179676329342845,2
-2.288388937277079,0.5754772682367022,0
2.6707157445394714,2.276793844687573,2
-1.6200564124653918,-1.717587239338791,0
1.6171543399516382,1.0347811305956254,2
-0.013111867294526507,-0.49695204336406457,0
1.9096473582774087,-1.3458861942853733,1
4.129235398749184,0.5937234355795542,2
-1.914581698098046,0.45358423718415464,0
0.0293099907769007,0.5883866071300653,0
-0.7450913807211229,-1.3895371387823978,0
2.9421379178145153,-0.9366088564456104,1
1.1415664196171644,0.8541962204186108,2
2.6003450062096136,-2.8334872990833913,1
-0.3168913923305987,-0.27597479347979775,0
-2.0938920396838365,-0.4249826420053417,0
-0.8197019219922869,-3.344256508073738,1
-1.0037380395767312,-1.4210339828921241,0
-1.9375730068506218,-0.837085040514374,0
-0.2079181090951717,-4.169648551761676,1
3.177856842543809,0.9341456126254725,2
-2.4691063059152523,-1.5517684290530742,0
-2.7930052471470432,-0.5641763794643536,0
-1.4730200326970342,1.9456158478307015,0
4.386305417608528,-1.400485685115598,1
0.35563133816751064,2.0161827972515614,2
-2.0230737029393877,1.0620084536526562,0
0.05000817570940058,0.46481497652957177,0
2.1240015927573945,1.402275357801672,2
1.1121787878809652,4.16898957204009,2
2.380763544508138,1.569107742026416,2
-2.4409132062169125,0.6348415010143003,0
-0.051641920895923496,0.8922212866743294,2
0.9685352075001553,0.6846841726791645,2
4.171622251840455,1.2953687354054095,2
-0.9720578022153923,-1.9031324920890365,1
1.3667985177891857,-2.2446299589350183,1
1.082613272929156,-0.6092307795358631,1
0.304171315213511,-2.2566859649759627,1
0.09792534077548067,0.31361186700876736,0
-1.327759223779695,-0.8090757725030047,0
0.8084821217859625,2.2109098199958805,2
1.8573265278500124,0.8133460260419817,2
0.5389214400050547,0.861930838906353,2
0.7867165079954718,-0.12021185588484087,2
4.380571820223221,0.9391939827322059,2
-3.039922536324467,0.4202566212691069,0
-1.7469482507389402,-1.2961678478023617,0
3.692243107604467,0.5997574358449416,2
-1.4861615619708042,1.0610600408172643,0
-2.0935394215045826,0.8480042016209066,0
5.441087372522559,-0.908027985065367,1
2.6683450729274867,1.17623525508427,2
2.3831415230661954,1.2607216696016506,2
-2.8790985390351542,0.22924167387998595,0
-1.0733384586208135,-3.422378578420644,1
1.2429957195265022,0.11618868036790325,2
0.24460713855289143,-0.9872056820387978,1
2.9051804358816127,2.407324243374764,2
3.462869397508501,1.5648447628657056,2
2.7252420353207456,2.4120025310061344,2
-2.3949525224751693,-0.7801439010802671,0
1.902889069455599,-0.4177824465461863,1
4.721791885112885,-1.2296565586961041,1
-1.4386869482453253,-0.47775421340775553,0
-2.086371223124685,-2.031479492612064,0
3.4063666177944647,-1.3335028081930944,1
-1.4604288299277939,-0.9244063476845558,0
2.510161246094049,1.4641062123187794,2
-3.4578929713791733,1.0872006151539002,0
1.0019021537160033,-2.8994697166483148,1
2.817452420557822,0.17260603324167595,2
3.5940175283631115,-0.9507599235103162,1
1.10095576845087,1.1097298525984816,2
0.485670604085023,3.197458616121295,2
2.78645780507632,1.041363823625173,2
3.098604215362255,1.7269947566205603,2
0.9484772509636248,-1.8781859840024806,1
1.177947402288327,-0.14488579341881483,2
-0.7254589500456037,1.5212434385182285,0
1.9092020589492895,-2.2029121171623847,1
3.2018157223112778,0.6350026139089127,2
1.5074329862668838,1.8455319879707748,2
4.529327524035747,-1.0475847874840671,1
-1.0587315288276455,-0.1394630663695376,0
-0.8714787983371901,-0.8864733717941806,0
-2.4554185881921193,-1.7919551708850268,0
-1.238528417834631,-0.5009883344688696,0
0.5781020438787664,0.3683430028012441,2
2.7484567774363415,-2.044107633075657,1
-0.5623395726794397,-3.282482674961161,1
-0.41446346550969465,-0.5458519821683833,0
1.7048745966494592,3.6012148903275683,2
2.5306068566324162,1.1786378054016506,2
-0.007309796637646568,-3.0567289721954083,1
-1.6018089699446327,0.06133339586804871,0
-1.7531842992833984,-1.0139929622512747,0
1.9178645036775623,1.6514307847708747,2
-0.4126487942193822,2.816320916515001,2
0.21855664361423038,-3.7468226531179036,1
0.2547638830584173,3.3688186217717417,2
-0.16770542935711685,1.0417913813566442,0
-2.855688319473239,0.8948187272073919,0
1.1819390155433056,-0.2169686044896538,2
1.6378190490736328,1.2251969184439198,2
3.543169297146498,0.263373021199139,2
2.1253233301864425,1.792612095073927,2
0.8681933195796498,0.6464334795441855,2
-2.935146875881211,0.844984747891139,0
-0.4803183680063521,-3.8943075788895367,1
0.6821280984785747,0.5445825558354342,2
-3.780904797085018,1.1207098977660392,0
-2.1243648829532935,-0.46201440399343213,0
-0.3503174894760285,-2.608223972974272,1
2.4761077981298913,0.1013187142070139,2
-0.8978010473587397,-0.4605921783026981,0
-2.376664092519528,0.5765665097245958,0
1.710501221102432,4.002358229426046,2
2.1878672253232474,-2.6886115682940113,1
-1.2847140255557583,1.113373822628971,0
1.6097371537905647,2.329253625049626,2
-1.6422253184956568,-0.8354138620027619,0
-0.3806827485740487,2.8526324833569268,2
-0.1585206519147338,-0.5285033515970554,0
-3.2377424628206923,1.9508785645120932,0
1.1722910133358564,-0.14658986464329746,2
0.9252915682284134,-2.4144950813016934,1
0.7087074826646449,-2.918624098212868,1
1.1640692324971595,3.4556139369335592,2
-3.0808700864488743,2.052912312611056,0
-1.2344035876246955,-0.10588914364895578,0
0.9385090668926647,3.5765218764174675,2
1.73680070803672,-3.452403662697468,1
1.6373068383829943,-2.5757751842800998,1
-1.2800763549144951,-1.7654362742267158,0
-0.977768466166766,-0.5105718027324305,0
-0.30116043101957435,0.030278047485927398,0
-3.4377795529739816,1.013897776448141,0
-0.49874827349434125,-3.6691898804139202,1
0.03437699613948886,-0.562739690805757,0
-0.698236676768621,-1.2411255791527445,0
0.9599099609326021,-1.0135583050797496,1
-1.3253063657873811,3.1692870989992152,0
-2.0047299812937647,-0.19720167511596481,0
0.7651957561699056,-0.45698673914151455,1
-1.4521626694362495,2.0309456885229116,0
2.878655596179457,1.3273631762782843,2
3.186364768377004,2.1282556356738795,2
-0.533079521711251,3.5579256621887105,2
-1.1696243514220455,-1.6695016255930384,0
4.056470363334119,0.24300922242905587,2
1.6388574173950339,1.3893394093886604,2
0.08154814532897954,-0.21808329107216212,0
0.23482195894974114,0.6324528646226579,2
-1.0963341904419721,-1.9675639670012395,1
-0.5622712204341731,-3.9596912650828187,1
-0.71567041057285,1.6591207792384681,0
-0.4162912169533024,0.22449132036739494,0
-0.37480871114049524,-2.538923896604355,1
-2.072619037485475,-0.8940883310201161,0
1.6522025213138638,0.5464282461038497,2
-2.0134554928433324,1.7111103469013813,0
-0.10852385626913244,-0.0056766792222032484,0
-0.11172975978323992,3.5682128679886396,2
-0.8799971691558968,-1.1491713975691318,0
-1.342966121858147,-1.21680349142924,0
-1.8992272795731084,1.7922424807989856,0
0.53673363135355,-3.4621737211419474,1
3.0069897262163137,-2.7535965241520723,1
0.025580206550577286,-3.671745955576006,1
-0.20486414261800623,-3.1678824917619184,1
-0.5035939616882479,-0.19537779287361354,0
2.6167867152743858,-0.20916933666633397,2
1.9886276843285409,-0.13135889102526713,2
-1.9871913011626803,0.17634243281998324,0
0.05992379319180491,-1.212678655791078,1
-2.426971166218275,-0.4787383709902088,0
2.6003600866645193,1.6464243251773751,2
-1.078823277098546,-1.0593601937433397,0
2.846502789719923,-1.607632118239496,1
1.9751284157063052,2.6117223805155554,2
2.4139847972960102,0.4308611730106057,2
0.7945294610758099,4.077481642818364,2
-1.2194457998872847,-1.7747615235192935,0
0.8740179688008343,-1.8635439544571295,1
-1.7742243428390334,-1.3007342535363409,0
1.0886609808423966,-3.957868254470142,1
-2.616832723148463,-1.3925898141810793,0
-1.5838883871900535,1.3466406567756983,0
1.6404881317873785,-3.0638973520529205,1
3.0074807006325024,2.0790130223584717,2
-0.34345762469922253,-1.3944205951313302,1
-1.0406611944323625,-0.27942476277699435,0
0.7639828937005414,-3.663079571371856,1
3.707180645547023,-2.8077476248057307,1
3.6547089738214646,0.7357597854350643,2
0.4354065395948586,-0.5573836035203192,1
-2.0932987565313255,-0.3954360893679555,0
-3.161849049860416,1.437303346905472,0
0.6549100821053236,2.24335260629465,2
-3.5820618342386643,1.6579042149686662,0
1.693590613388279,-0.0794291654335539,2
2.888348404926949,-2.237656518975314,1
0.6997513217135415,1.9832591003104028,2
1.6780489306776285,1.695502032185648,2
3.6612307899739402,-1.9454750983318838,1
0.19092346061611104,1.0078701652605915,2
-1.5531579278266379,-0.5473702546209387,0
0.9134225015254787,-0.2751092831691718,1
-0.22150523531820773,1.3562282174015037,2
2.7708551958280077,3.0337900010930294,2
1.8058854395064923,1.7420081839777906,2
-0.6915231259242866,1.648212799250367,0
0.5971311401610886,0.06650302279245421,2
-0.8903030300114931,-1.2307822536911461,0
-0.5441091664543117,0.09648547542224022,0
-2.7231706999538776,0.9218084761546397,0
-2.308514908561982,-0.4070978823764298,0
-1.326657779849908,-0.4635108850926197,0
-1.1307016752083865,-1.5125099002268336,0
2.3859595888250653,3.115550936905247,2
-1.1819354761187577,1.875249653565933,0
-2.3085581767024816,0.03640642838606699,0
-2.396522398639313,0.5261296067665945,0
0.5590387295339028,-2.4416770917344794,1
-1.8444189567200755,1.179146783059609,0
0.09263940570108341,0.2052487988922911,0
-1.0328131547481183,1.4434380667483944,0
-1.5076912763142196,-0.9202712412150683,0
-1.0859538933644142,-0.4899501592858975,0
-0.7392581759418179,1.7988718507965202,0
-1.0277198258178557,1.4659302145082092,0
1.7590832200136775,0.9167372148254642,2
-2.464908204973339,-1.9353171872800574,0
-1.0898982894944473,-3.389487786879746,1
-0.35226799932951464,-4.104118951722929,1
-3.8611559104540154,0.8827921914992365,0
-0.03167591439904299,-3.385606471589844,1
-1.3839391967910526,-0.33723960171733225,0
-0.04723445064343031,-0.35295909030556805,0
0.848595053404367,3.40176281583428,2
-1.9721117808340307,-0.9364584226485828,0
-3.468784408572886,1.4090435341103376,0
1.533030553460853,-2.9973442715073872,1
1.442399338262142,-0.13147568282062835,2
0.5577637609785195,-2.4540184344486087,1
-1.4075337101850722,-3.159459078372955,1
-0.06482676034583038,0.47037182886585144,0
-1.212283927418749,-1.4866932227354235,0
0.32789205416023226,1.294586475178454,2
0.9938843832756717,0.9539884006733875,2
0.2376383962534796,0.6297963509864404,2
-2.0528109540763078,-2.281198477120496,0
1.0334164773806616,2.870191589376079,2
2.540213072951959,2.0358565030776226,2
-3.4672521240388603,1.7489690092365753,0
-2.164010497727173,1.0584469239200893,0
2.4179458618177616,-1.5729575003835032,1
0.36368632422241487,3.758638161964244,2
-1.3558838409247649,-1.4344890704260842,0
2.29056421292251,0.2276891698095057,2
-0.36823996375391743,-2.9217695967046327,1
0.12609882186815957,0.8877439602896525,2
-1.2114745646146357,-0.44461462190643125,0
-1.8490685666986926,-0.11161081955133578,0
-1.9632841011438646,0.573467054431443,0
-0.48914144256079295,0.07677267043725884,0
-2.110482909989035,2.576273098160066,0
-3.1867375017962543,2.4089470341476558,0
-2.0001488591095034,3.270011959147081,0
-0.32823817044658027,-0.018767516068284484,0
-2.606231813140149,-0.5012974091361296,0
-1.9443580167374777,-0.44774094242122336,0
-4.1879120999526345,1.2897056850485211,0
-1.0504034963726323,0.4537492340110952,0
1.1251462605922642,1.2376548597728148,2
-0.9923397474583205,0.14512281748152184,0
-0.49757520075635997,-0.9770647786543907,0
2.5934286662667754,1.1940705365894662,2
-1.6836586981725252,1.6995983570881261,0
1.7821638005528988,-1.9927539954838396,1
-2.2362118474682537,-1.8495509043531906,0
-1.1694092508249685,-0.16305306614443876,0
1.4339481246621246,-2.9039978351242435,1
1.5256907293464275,0.9119466743831003,2
-0.880530809502409,-1.168841501946169,0
-0.037432166777920405,0.9261207478620921,2
-3.3289891576543913,1.280415913582768,0
2.8689394055222874,0.10918200308580348,2
-2.1703004240219514,1.5592806168920703,0
-1.528443513196536,-1.951352225353737,0
-1.927916836111695,-1.8583807371035705,0
0.12694670454416881,-3.9751140264921228,1
-2.1392432450326657,-1.063504097050412,0
0.783337258208265,0.26981917304763503,2
1.28598257240901,-2.648599740491763,1
-1.2588689139583318,-1.0728397135432644,0
2.201669024436822,1.7742156330813112,2
0.2690862742614056,0.11957910954092019,0
1.8732060731839768,1.592536345962656,2
-0.26975435078711296,-0.5908023767604559,0
0.30947641882757965,0.1569798358595049,2
-3.2188118423964114,2.206713958216808,0
0.9212746247591206,1.303566533865225,2
2.5151419940053397,0.6857092244038246,2
-1.6078139787797474,-0.4087996214590288,0
1.109313730944202,2.1545457027783645,2
1.7816168371440628,-1.9793789728655145,1
-3.244088379450971,-0.008793256422725642,0
2.8479635003604784,-0.022977244887777113,2
-2.532260388731362,-1.9741758982923066,0
0.5870291112924299,-4.090597683882706,1
2.5786773804281484,0.5033962738383184,2
-0.5775337323515642,0.7481217750350632,0
0.7030704015865299,0.31987463361907514,2
1.1509497680273415,1.8146457534928175,2
-2.1297697966204225,-0.6189912626500267,0
-0.015555521977777117,-3.3918753528182233,1
1.1936467086185676,4.550141842305788,2
-1.2703170040697613,-0.7338934923094061,0
2.6050744464011397,-1.4838623279952223,1
-1.0055390201311358,-2.9347325084117646,1
3.9828466456674865,1.401517631650885,2
3.850464647267538,-1.9483089527301272,1
-2.05871833457429,0.7081211711409474,0
-0.7122314289938857,-1.1931653425751976,0
2.081406488685436,-0.1253470451483115,2
1.4013530854837786,1.4733503050680627,2
-1.5421862242340636,-0.29785272435568894,0
-1.827873278617205,-1.8383249573913585,0
-1.6089300068020231,1.7780265192230944,0
2.6683979265850115,-2.925697584024457,1
1.293595078080536,3.0588889427487,2
-0.8971441560442821,0.051712439355611185,0
-2.9537886738363928,0.3671520719242718,0
-1.3335733088134347,-1.6712729515591338,0
2.4897733307249394,-0.12687965483921892,2
2.420386874245246,-2.841421169528331,1
1.7295939095249986,1.1375347314383941,2
0.9947136948772791,0.5295856869201062,2
3.5802717009869256,0.5744627647219082,2
-2.8151626539561225,-0.9573117026682194,0
-0.027112969352803194,-0.06342353787470652,0
4.752316909793721,-0.7385375450877768,2
-1.443885815015174,2.2656652027875124,0
-1.3346794532824588,-0.6186337529923597,0
-1.2417901577976254,-0.32775577055435945,0
-1.4709725712348414,-1.2962169676278104,0
1.919910362927287,2.7338322848834364,2
-2.928082897767553,-0.5361982635659309,0
3.2414289807893946,2.095852764123028,2
-2.8302238211611477,0.2805420017755701,0
-0.8180466887743979,-0.6380386272944125,0
1.196947077154724,4.068909847786704,2
2.51660984198239,2.8217019091257174,2
-1.4862142750818592,-2.136902193391825,0
-2.0782397982416323,-0.4393161785634175,0
0.5638875959503976,1.2919905004562988,2
-4.069274368944867,1.7628268325719163,0
1.9769672518503083,2.099243951144444,2
1.0605806600010843,-2.1075537290022024,1
-0.3524902425375461,-0.1558260183680425,0
-3.393774237048042,0.31719696107829076,0
-0.1181827709808938,-3.1789633782756526,1
1.267123482596522,-1.8160973380898577,1
0.09732174990392799,-3.0201798848943993,1
0.9024212967391846,-3.5533279074214743,1
1.1913315024634799,-0.7124066420622083,1
-2.7713363809271914,-1.8646499510425008,0
-0.5322779361479348,1.4838597742171933,0
2.4570162164346625,-2.2293675117894725,1
-0.5665920358062287,-0.10916241780933837,0
2.087436370795986,3.1008373316242808,2
0.15631755723367616,-3.2440482205890193,1
-0.5637785872987674,-3.3928102382374896,1
-3.0119437235731072,1.3442286757595823,0
4.5910970316270365,0.523369373306775,2
-2.8316115587323494,-1.429578689441653,0
-1.3283423845079323,0.20280762835978075,0
-0.5177126266316332,2.5768546915005626,2
3.239502272253886,0.9437007578960376,2
4.026085788521951,-1.4187262282300248,1
1.0495555481747123,-2.2353311153950126,1
1.2596839545920893,1.141134975060547,2
-1.8274967024348125,0.2645421899783437,0
0.4183030660843695,-0.1285747276812084,2
-3.0749287226706636,-0.9432686388583836,0
1.5180124291051658,0.3090334841308894,2
-2.7778964264321235,0.6413656221790196,0
3.544167542262161,0.5512340510149456,2
-0.7754359505992205,-4.4953938407094665,1
-0.5431762933973011,-0.41272388927540454,0
-0.6621720284265645,0.1298836085429586,0
-2.1157725787603456,-0.35691118418984963,0
-1.1925531958302664,0.9152691487951258,0
-2.849742755757035,-0.8377686884202116,0
2.9494855158495286,3.147559605593853,2
2.5865790294661295,1.9234898334096757,2
-1.497532290944409,-1.4343840835238064,0
-0.378292769743609,1.9489890496606785,2
1.4955759829536743,-2.099113133632112,1
-1.5395848540286894,3.3389476527033053,0
-1.476946888968677,-1.774888252017261,0
2.4269374707110725,3.458269053741496,2
0.9994710794059162,4.028741864191215,2
-2.839509352138385,1.0822534383719111,0
0.17497601120887174,0.7234238579321907,2
0.18568495347125158,-4.094600881612366,1
-1.038985777254341,2.0432387905466713,0
0.8098782098132883,4.4240220671987736,2
-0.0967001124364053,-1.4030295788967933,1
0.21219098247632712,0.9490151046720519,2
2.2334239679614316,0.017583931775315982,2
1.7010023331265003,0.0688492812074565,2
-2.5781370071194796,0.6881300183682371,0
1.0301046853918727,-3.2952659699525104,1
0.9590044700809279,-0.8853945672358382,1
-1.657324218674077,-1.4839709194158648,0
-2.966931560108901,-0.9268628156024621,0
1.7969147063854927,0.5861153840807481,2
-1.8169787553876755,0.665724981090069,0
0.947624212011307,2.075086764020468,2
-0.7058680677841889,-1.4522029523476485,0
0.3233145084322507,0.43924667466806744,2
0.8205330138936799,-0.09870206585606028,2
2.9102656712794164,0.4774466976795048,2
-2.1001214710418936,-0.529047542273552,0
0.07331997991961009,0.17868613400924258,0
1.1118593355752466,-2.804166552474234,1
3.1755484297550463,0.5688584181324697,2
-3.0101097573485873,0.6674176746928676,0
-2.820178526862141,-1.9245761866633084,0
-1.3823144142706905,-1.6792862597871339,0
0.4769548893104815,1.3522149756820534,2
0.9631679397260825,0.710534636914054,2
1.627409886740331,1.2998454353843247,2
-1.692751978235907,-1.9883399445552483,0
2.266189997196583,0.15600936523920095,2
1.3561580129271185,0.7857238223226871,2
0.11331413545372557,-2.3982640415064114,1
-1.1881261517115884,1.3601908192327377,0
1.7719332806042956,0.1158716067413994,2
-1.631372024830461,-1.4592234063517726,0
4.7362625714082744,-1.8512708660153419,1
-1.9225220225889297,-1.0847353738225811,0
3.4828675942865748,0.6470040917596191,2
1.9175763995968977,2.2713823555267827,2
-1.0828569920478939,3.0185398395855114,0
-1.4637327393033885,-1.594282990156526,0
0.8596980808427654,3.807740664545847,2
-1.8163865221208908,-0.07977910721596414,0
0.696060476021876,3.80215812502672,2
4.685498094673778,-1.7096648493594893,1
0.2777391112115383,-3.30602734914166,1
3.0127853021607804,3.390102014229032,2
-0.710827106031105,-1.059776114148596,0
0.7996750703599674,1.4258012668310647,2
0.9062222213910833,4.483745079965903,2
-1.5582254369960888,-0.4940084076440738,0
-0.2299170266616392,0.5219643564581731,0
0.5466666036268328,-2.5571632957521437,1
1.5335290941792903,-1.5157453673210444,1
-2.2161402862036965,-1.597381106947056,0
-3.189983773888097,2.1919604219862974,0
-2.16136186941902,0.5651681855049401,0
-1.5591066391555937,-0.06940945942101898,0
1.7637597824114064,-0.24417327427410135,2
-3.9617474131976063,2.298984547608687,0
-1.9123080509880934,0.40803479004154036,0
-0.9826455561998734,-0.22511299000468768,0
2.444497675699421,1.419692781100769,2
-1.7471980120362278,0.0007584620734126321,0
-0.4604382883755217,2.6674477476458773,2
-0.6174756716634457,0.12818540516892388,0
-1.9054796858288738,-2.097594465802201,0
-1.0156278542976742,-4.468337681893805,1
2.036787749392216,-2.5211756042084006,1
-3.066909665461062,2.3710390235804875,0
2.6460187415835925,-2.960341191698969,1
0.5225004000727975,0.385957445430628,2
2.251257464871853,-1.0962801710866539,1
-2.1203069511178563,-2.9769013492702965,0
-0.1297403552229965,0.7995023722802147,0
-4.2471094569535035,1.465495217132487,0
1.063226049587801,-0.800458611610076,1
-2.813399575883,2.0536116834934943,0
1.150541457911241,-3.041924542779863,1
1.9701146850211801,3.142597646723137,2
-0.37925551800299695,-0.6356769307268414,0
-2.944864255603953,0.8625353807184246,0
2.7451841961719925,2.1713596714858006,2
-0.45649568318747313,1.2540108878146083,0
1.3905627016820028,3.6268487906858673,2
0.7202898306747355,-3.3097510258548213,1
-2.1893114340983306,0.3652600322412642,0
0.9859740656551835,-3.092820747209334,1
-1.0584751217156947,-1.1639171465705525,0
2.930377283354343,1.611555938573386,2
-0.7737444942789389,-0.5348394751658982,0
-0.6394195735602627,-2.805823864944521,1
0.03758261007507778,-1.1815393456376047,1
0.8847390708960129,0.1613001225559427,2
3.7220807443480965,-1.75317716011578,1
1.842641879949161,-3.1511360637368586,1
-3.2168327045069756,-0.9983692267320521,0
0.15802191054072035,-1.465754067515682,1
-0.22685276021174502,1.9006862768934005,2
-1.26157896939533,-0.36567887531178783,0
-1.199186066423138,1.6139241039714334,0
0.8129841942863921,-0.616704759716727,1
3.392170834369282,0.8806169929672827,2
-1.16035114842241,0.9794671292689257,0
-1.2381787580304533,-2.9572007190164373,1
-1.064235394544866,-0.5230132510233934,0
-0.8512038682165116,-3.936595977660116,1
3.9095667575630952,-1.7879157460705306,1
3.35266387222368,-2.083478045770385,1
3.3255879757201874,-1.9025833285232006,1
0.16378473822262563,-0.21280165010034718,0
-0.42719904314031026,2.322166955996584,2
-0.013334670277351189,-4.080046294272675,1
1.3614261039821982,-2.1590276394869488,1
2.0771072665597434,1.4077109530956677,2
-2.187959415781733,-1.5468282851013557,0
-1.2295922864783153,-2.1275984566046655,1
-1.8698566648295059,-1.0631641578432296,0
-3.187553371740577,0.31174469518913106,0
1.2272114678853774,-2.2427919361899065,1
-1.2193885668803515,-1.3243169591826134,0
-0.4292901355174368,3.64708369204136,2
3.8933275871066244,-1.7437552263136529,1
0.7311195189610071,1.5548992572514453,2
2.76526711390633,0.45386518464796055,2
0.8483946892700933,1.2726826450656137,2
-1.6237474175848563,-0.8102626863749153,0
-2.5416915247187033,1.389496163405912,0
-0.5215959512672653,-1.0349319326500688,0
-1.7229686462762892,-1.95328965180047,0
2.614388039616733,1.7211936872717168,2
0.8185661007853307,-2.0693305587631743,1
2.95713287977475,0.681658142392239,2
0.17655877314751175,3.035415301172237,2
2.703068461346492,3.4344661955881315,2
3.6121040797225845,1.943848670109179,2
-3.696362441819642,1.7939395393548512,0
2.317833117286392,-0.3340299224203154,2
-2.2476636722544394,0.7989492877082512,0
1.0087510296928506,4.211948027871127,2
1.1832082680678118,-0.5266173897272588,1
-0.39681094769273934,-4.284729437238947,1
3.2193434739954148,1.5187071814264266,2
-2.133055494940839,-0.861674437611848,0
0.6386390795995462,-2.4684916296578137,1
-0.6212524265511759,-0.7562438539594156,0
3.2063271011506638,0.11049760153809071,2
2.5627004952160872,2.2955381227456777,2
1.6119043661187602,-0.9657542000737493,1
-2.0502099686844377,-0.6119484760741674,0
-1.5216562897088557,0.27417878273775753,0
-1.4448039618978128,-0.0055045479358859116,0
-1.6404853957150827,-1.8091056682581594,0
1.3171739028947573,2.177142497394855,2
0.9711472058081666,-0.2800443325783753,1
1.4374415091973047,0.22094137969333594,2
-1.024345158562045,-3.2166347080906204,1
-0.9424466535091306,0.6291120889672456,0
-1.8993774755805075,-1.1732227451791672,0
1.014638100844118,-2.9559599752039127,1
-0.703548735495584,-0.20665704006008281,0
-0.010546745557836341,-1.276031284143177,1
-2.0854946932105016,-2.3030986430506166,0
2.757242870816528,0.5225092936084889,2
-1.5142804296111556,0.8572801593615668,0
-1.9409601042392892,-2.197577524806185,0
-1.5710022387072813,1.8173240707338543,0
0.4385536899707385,0.7854016421355261,2
-2.9931432132729685,2.254373978535363,0
-0.6576386735578668,-3.014134609210823,1
-2.0668400783335135,-0.8245256528570232,0
-1.3952448403535327,-0.372975993908446,0
-3.744438671274117,0.5272908145359905,0
-1.823542360611797,-2.2641639866368033,0
-2.9828602901132557,-1.328855002709748,0
1.6305601364460558,3.320775756003406,2
-2.27291404244477,-0.2572950315386831,0
-1.2434751923396306,-1.987124685538271,0
-1.2995652010953511,0.41278158380519153,0
2.691521516518673,2.5362917747149236,2
0.24317662157367984,-0.9127159039391284,1
-2.300236239916612,2.9463016676718605,0
4.25375499454049,-2.009878658773017,1
-0.44746397685395495,-3.7899043164150648,1
3.698765547081518,0.5066397961553918,2
-3.6584043878962644,1.8298397928514418,0
-0.11112026870126845,1.3777885059139976,2
-1.8047488889002932,0.19419724637663402,0
0.8851317623678505,2.0063600847011887,2
0.05831114916310311,-3.4154980230686025,1
1.415899150670056,-2.7221261802734267,1
0.12566275689381645,-3.3909826322018644,1
-0.33165369687485763,-0.4922773626884371,0
-1.6691186943484642,-1.5658456198578514,0
2.766152359447315,-1.3479838278861722,1
-2.9966379263114566,-0.9043194586095832,0
1.0156137280301172,-3.002346385704126,1
1.7226029453656044,1.3696406323431434,2
4.522177767610594,-1.3542195875619905,1
1.871767505695712,1.4733380861214715,2
2.1793443317418544,0.6448483832557493,2
-4.0489593658543415,1.6310313734630133,0
0.3291803232758121,-3.6096279158854343,1
-0.1886985627877758,0.16154732395268917,0
1.565382807020917,-2.6969553432034394,1
-0.8136771914101697,-0.07580665098362972,0
0.39065830047870187,-0.07190659424225798,2
-2.7704650378449576,0.397253017371622,0
-2.663073586337409,0.29434009303264214,0
0.1864266598263213,2.376836052127628,2
1.4657328151527136,3.3627603626204423,2
1.0327586469165726,0.4783182134993244,2
-1.5604260522270905,-2.336503481805624,0
3.1705123787023797,0.6682261276379958,2
-0.9838499980235791,-0.11465173203895168,0
0.8700552877469989,2.818234070424674,2
-2.886795874058557,-0.8551032278618991,0
-1.1590728813499784,0.42595182106327817,0
-1.3550944005923593,-2.8964045634603237,1
3.1752939778871623,2.510877213264103,2
-1.0130442876380612,1.216803483035707,0
1.7166324654235985,-0.35042722356183376,2
-0.49462532099122725,-0.4551544795530255,0
-1.9708000257571874,-1.800375586336298,0
-1.4073253118533293,2.025904588377875,0
-0.7325196725381388,1.2009065081836847,0
0.11321676058022477,1.77246361010928,2
-0.880266040481341,-0.034469895878871316,0
3.7918753856302923,-1.476250939140953,1
-1.0560567689120184,0.6711252587969505,0
-0.9537047160734122,0.01628742707963732,0
2.6353296602579763,-2.4307414265493756,1
2.5063897109650575,4.414881362527534,2
1.0364334866343672,0.16936731595193832,2
-2.6853086615335604,2.605353660055302,0
0.14442322844853636,0.4004800451835121,0
-1.8920524834909087,-0.9462409432170048,0
0.25539818856683294,-2.6532551628367567,1
0.943950232947584,-1.1704464733468005,1
-1.4152056324422062,1.2114530279073594,0
-2.122478746993547,-1.9496240670363976,0
-1.221596331732688,-1.7236072734416334,0
-0.4147144050656217,1.0215397494821095,0
0.3746143342085665,-4.04028545521468,1
0.40985063963632645,2.0950107864908345,2
1.3617488883813766,2.090218611335938,2
0.9486749660877025,0.07974396781484172,2
-0.21446353011953542,-1.467692208365702,1
-1.6870480083709587,-1.070963235124649,0
-2.5587335543067375,-1.0910907729584391,0
1.9507844636761902,0.17217439318337496,2
-1.0536514111516582,2.420402246875867,0
0.5564763877541974,-2.0482103449892124,1
-1.2261733355726117,-1.2224882800860353,0
-1.5703757807342322,-0.08873970527028933,0
-0.9079518619278408,1.033408465904745,0
-0.1364390506003748,-3.9379936415564325,1
-3.3267696448332496,2.0986674468606727,0
-1.689026017901714,0.9321770362251524,0
-1.0757440572105323,-0.20073128722397593,0
2.8937667026552547,2.0635016902140375,2
-0.6638126452268225,-1.3789383118478467,0
1.0873315571705162,-2.4914867811137773,1
0.2426683037288397,-0.6997621249577927,1
0.8445017458905694,1.2736363326976927,2
1.5283454791814692,1.4400176222818253,2
1.0958840297051142,0.5620582531292998,2
2.499150100400359,-3.29385309345099,1
-0.06025688950562166,0.1067091891595095,0
-0.8005341023156025,0.19096253445282352,0
1.5058884559580337,3.427595735502133,2
0.7367404511023354,-2.113368873125507,1
0.24020338840448188,-1.194723553219149,1
-4.62827096848262,1.4618505555242078,0
-1.3409203705117976,0.0001460557297251117,0
0.13063808627843237,-2.7050330433040144,1
2.2444378836440775,-1.9109923501656398,1
-0.4934460491552164,1.3721458103377182,0
-0.3900686337290731,-3.8823515567136813,1
-0.6414444270244535,1.5888516765123175,0
0.30599574105726624,-3.999379242423733,1
-1.8291337339551514,-0.5361718312424725,0
2.8090273791676372,-1.404983140392055,1
-1.6795472341610231,-1.4601588567518458,0
0.26700696415441305,-0.5466665909096103,1
3.189500672743133,0.13007869538878666,2
-1.3984480623159723,-1.8761245947018759,0
-1.3756712119862065,-1.211238222812038,0
1.1572590738461856,-0.08045991623874421,2
-1.4755196185266761,-0.9931864003656629,0
2.8968292978288557,1.5426550053620798,2
-1.08413479971438,-3.13051376287927,1
3.5502875120777686,0.5177550436080361,2
-2.9108525018235576,0.292701468891643,0
2.856855989373746,3.138525016227545,2
3.167519962338813,3.5647427985436124,2
-1.1444166949358618,-0.9153117401415812,0
0.5592798583475362,2.155293296657387,2
-1.6433148053130635,-0.37968984901984626,0
-1.576662037931635,-0.1347057160087085,0
-1.6079664847187982,1.3925295110335305,0
-0.5761314092327823,-0.3525059450695503,0
1.2449767155606128,4.284246609379577,2
-1.1837793781738821,1.6619637439378712,0
0.6583109310033732,-0.936074012066918,1
0.5682209551305574,0.458763127416526,2
1.3364980136068105,2.2819637597350635,2
2.310860860821371,1.5284174738808076,2
1.703979861091629,2.748425432194301,2
-3.2093912856399744,-1.409051412437069,0
-0.6442690297926204,-1.6936681374620284,1
3.824467777047752,1.7410031207676704,2
2.0719490256201536,1.1106195400293948,2
-3.079058603446347,-1.3819444083797139,0
2.5240139424048076,1.3366257746306762,2
2.8459364027803224,1.2163964376494596,2
-2.748695208565397,-0.7218232316414651,0
1.2388461426194868,-0.6689497913652038,1
2.02395131531786,1.4411934473596497,2
-1.7494358084243327,-0.8448919744549279,0
3.117632282300863,-2.53673490717824,1
1.9716180096561984,1.496837684624429,2
2.1761765136529267,0.9895718512135223,2
-0.3388827005559209,3.1823240837242044,2
-1.7873043674299713,-1.5188302236854214,0
0.2185552979495739,1.9912927628762478,2
-1.9739751197042037,-1.7135465545054476,0
-2.9074259832889013,0.4499882386110207,0
0.02600515451687175,0.06567342359486003,0
1.5280594363004316,1.9385540605842155,2
1.2262422106600495,-1.9406062087191973,1
2.2338331647128014,3.6856614622650676,2
2.938881885563054,-2.93342546533932,1
-2.2583763384808258,-0.8642680048699306,0
2.850048720961629,2.309810396388544,2
-4.241709210596404,1.909579766834524,0
0.48099904730200105,1.7826088330852117,2
-0.9196387209720798,-1.7163003611083223,0
2.4342725692284564,0.4431074851799349,2
-2.002804071824559,-1.8756150162076881,0
-2.1932017688626746,2.8586694995435833,0
-0.6288578242706379,1.2254034207027793,0
-2.0729724555448303,-0.12860616533695507,0
-0.9278113045108742,-0.14660282763970767,0
-2.0346323701959137,-0.14493418608436098,0
2.9224236398550407,-0.8925354276332342,1
3.5456532401413816,1.2640749111030258,2
1.4555571039029749,2.1464906653037317,2
0.5287155866332552,-0.5767239676044654,1
-0.35671684087322564,-2.894108630520246,1
-1.4565092437761313,-1.4671360941824432,0
0.43935921242990983,-2.1704439235985458,1
1.1768457005529163,0.6672151628308501,2
1.4463938100743035,-0.5198796802548153,1
0.05420960377650702,-0.1438187871048516,0
2.517404955131076,1.5239954492682768,2
0.949755574857223,-1.879722816699366,1
-0.3959817333349085,-0.2898455143076414,0
-0.1536932934101995,-3.8964998176942016,1
-3.610717498807155,2.0648164756703475,0
0.28718670768294535,2.7261394121629543,2
1.371973027526843,-2.771832957964134,1
-0.42669806920840503,-0.2790848156403653,0
-1.7856820707838343,-1.5357924947220996,0
-1.9740672761878086,-0.6551125047908495,0
-1.0514254197127877,-1.6122544118776516,0
0.09172932458726814,-0.5515926927950889,0
-0.28075887836826996,-2.8397860365347096,1
-0.06923600973611635,-2.841304150881359,1
1.6825435417911692,-2.7930965011627973,1
-0.5512131983823961,0.5871504617974472,0
0.7217599460982178,-0.014445673055541525,2
-1.6668599121035232,-0.4577314113495942,0
-1.6906141031935964,2.968805835785521,0
4.110059387561666,-1.9648601029004782,1
-0.6497684616624482,0.23225241735080548,0
-0.1636531362126522,0.6711288787161641,0
1.4212309654515447,4.16726375671866,2
-2.172723174629974,-2.066697839728901,0
2.9700111059951113,-1.7599067650745164,1
-0.4358829326036511,2.4527194030378974,2
2.1421775429909524,1.2430328382556652,2
0.12447392416249876,-0.12627707895332532,0
-4.022833324450769,0.5854741166732162,0
-2.072969386873127,-0.8205283937784441,0
3.0113953210827633,0.41862225280806586,2
0.7185539303109029,0.14306823141042407,2
-1.6500757198242797,-1.1540511409069518,0
1.9634711277650856,2.023268820483501,2
-2.195979950262229,-1.245720689716063,0
-0.1329509237963828,-3.3744579309222336,1
0.38212128095726305,0.5459915636182406,2
-0.5940658283525929,0.17769190135129065,0
0.38254130554881466,0.49796431067647445,2
0.7648346368492561,-0.0328792038464125,2
0.6751907347524911,4.174933494925718,2
2.396302986098376,1.8743973287320763,2
-2.1986344995321105,-0.9818285982263394,0
0.5391950367825297,2.466931776747775,2
1.3004817302877238,4.616835148271498,2
2.4567347076313744,2.299549617987566,2
-2.9501948406340217,1.60007243386303,0
2.1519551639976484,1.5729682270307517,2
-2.0808747178379057,-1.2417700923783803,0
-0.6186911748980317,2.549058709872134,2
-0.8189738832570639,-0.9644353814154272,0
3.139476222440914,1.5410098047403271,2
1.9644204343562803,0.6576264259831357,2
-0.3846797994522266,0.24641180336096613,0
0.9428439054032327,3.5717975720044604,2
-1.7236528552726718,-0.7714463825616089,0
1.7297932694421931,-2.672410550492419,1
-0.05632135681618574,0.10532494668453217,0
1.290367622069828,-2.4662291310483035,1
-3.8889439324214825,2.1784549455216036,0
-2.5407818995632234,-0.49750187074068103,0
-1.5977658709556624,-0.3664188216406996,0
2.2440814426785045,0.7556126510108756,2
-2.555032835823561,2.051501224868035,0
-0.4626326450118775,-1.2774614220483558,1
-0.8358025942049092,1.771481174575218,0
0.0776089543518008,1.5393120585298545,2
-0.42081212429563747,-4.111227406564183,1
-2.460271830729544,-1.3560955397358954,0
1.2444443315804965,-2.37075755955715,1
3.5426387365508054,-1.5344276469520202,1
4.410779955422616,-0.8616927228954285,1
-2.135040339149804,-2.0584268639628513,0
1.5033346528949003,2.651070197597548,2
-2.1071104453745346,0.5247731285346633,0
-2.3400413762003343,-0.4041547816380929,0
-0.16802910645610145,-3.85905837265007,1
4.674809383522106,-1.0170594039840444,1
0.0654764865855143,0.17147581834331063,0
-0.1563565116014137,-0.634021276692102,0
-0.3747753650151657,-0.6537717469067315,0
-1.603391131803101,0.6387100975933925,0
-2.452714057088313,-0.7670590545113852,0
-3.3771330041156387,2.6452297164942857,0
-0.5209836526659014,3.3292706662272673,2
0.9040337410148,-2.908650402560013,1
1.3109277063715075,-0.9661286301817777,1
-1.3280740259420964,-1.3664081129588335,0
-1.2366958299935102,0.13467544150165955,0
4.962667402695258,-0.8113529874674357,2
2.60258522280144,2.0304858177088665,2
1.8653477631757243,-1.7724978595268432,1
-1.4448019832680188,2.158242392931807,0
0.010506527032889637,0.2916028233951851,0
-0.14341371244241483,0.33979678166375915,0
1.237347845593717,-0.275792046865539,2
1.4867104837692955,-0.8705282263179325,1
0.5814429569090019,1.1360006088483152,2
1.5723076945011076,-2.947155041014876,1
0.8735597484870011,0.1763727480781196,2
-1.2288486375898027,-0.49206618375893163,0
-3.077285236723927,1.9869437954712303,0
-1.6932759077586934,0.7452927270503559,0
-1.4239551684045517,-2.1280140490112465,0
0.19725980110307642,-1.335857498496154,1
-0.21240671073140222,0.42200973431076194,0
-0.40544747075322735,-0.05337575328822146,0
-1.4149581416266839,-2.0563834362174234,0
3.215404879587572,0.6357505066800823,2
-1.851026830992689,-0.6672161676951177,0
1.8736247350838424,1.1300734130215793,2
-0.5951179214447492,-3.5457384431577013,1
1.969642632226899,-0.12255194574214262,2
2.100920877581444,1.9206838646299447,2
3.3763108070618326,1.492916475653697,2
5.274593193596222,-1.2545779657382388,1
4.513506082968015,-2.116988092735151,1
-1.6457350732832243,0.6834606499692262,0
-2.7078392428066134,2.9516966780150784,0
0.2512767870115246,-0.7137904870349363,1
3.9643111211043602,-0.7591346452702447,1
-0.2095228196239336,4.014449984457718,2
3.2881892509030632,0.4625737542550093,2
-0.924073235429225,3.631252815415063,2
0.361527585563016,-2.06980308266607,1
2.588100121073982,2.8859947182826047,2
0.21888452584323573,-2.7613093604922807,1
-0.014042861909658371,-3.4479909707954945,1
1.9319716211332816,1.2658334975349164,2
-1.4945930773798553,-1.9589894167194883,0
0.294645438137085,1.8579972057832652,2
1.9144420281082348,1.284627593190651,2
2.4949645630967354,-1.7338536033395913,1
-1.990939990934216,0.45511801613651587,0
-2.9943955997997596,-2.3779036881920756,0
1.4584494845750617,1.3875326626223525,2
2.481545981581205,-1.045176697513463,1
-1.1250450358152788,-0.4618117562371164,0
1.9181743888451195,-2.150622877660787,1
-0.08741735687676676,0.16593156425403674,0
-1.1595903493473863,0.37362671949982185,0
1.5690626320230294,2.419216881947083,2
0.5865347332622763,-1.0340276704350588,1
0.47288222545629494,-3.337124696023592,1
-0.569762374800886,-4.3863667371048765,1
-2.5317702855798934,-0.6941921093277238,0
4.440889357863188,-0.6275643172454988,2
-2.0409974008546445,-0.796209238798346,0
-0.20987740899690607,0.2426810836345913,0
1.4469635888985677,1.3699107120382557,2
-3.195317580384338,2.1658296739943026,0
1.788273758228847,-1.155814163252229,1
-1.4336700467131311,-0.80834871444543,0
-1.733305633463709,0.16392786711575758,0
2.054187001601088,4.382402357831916,2
-1.8326509744005886,2.137640948560286,0
0.8394681332697117,-0.0018587892403430395,2
1.5521954199816106,2.7998883665948013,2
-2.0245475824376,-1.105533466494578,0
-0.24221304745312933,0.8638478418728815,0
0.8323280563322827,2.97539510374437,2
-2.4195552301724157,1.9826958905717904,0
1.0078813179597328,-1.7307186755644237,1
2.185501179293215,1.392448574344765,2
1.8324662622089578,1.4416106179795,2
-0.9522606836300856,-3.883822108458182,1
-2.1083224988642675,0.24405299787832346,0
-3.248039767047971,0.6313713208418874,0
1.182003800937605,0.9228607028367078,2
3.4600717029786887,-1.0613525153536434,1
2.0920385910329444,0.7143358928495974,2
0.13951070521584422,-0.9983776059667965,1
1.5484222014210245,2.0253612065539275,2
3.2533633395927475,-1.4579470879809688,1
1.5537042171704294,0.19382241013582452,2
0.3859924413572154,1.7885244447873236,2
0.7442533111712255,0.19763742233042236,2
2.762229102407275,0.6037388574285854,2
1.8191628735675693,-1.359473938218744,1
-1.6894139167646374,-0.8875374362666502,0
2.409043952485514,-0.23091073946652627,2
0.8351226043222236,2.5899123603102425,2
-2.1849592011446464,-0.9581726871144242,0
-1.8480914979859255,-1.8452310195916293,0
3.07700042362172,-1.8429623973839109,1
-1.2701487668919074,-1.6354707153426915,0
0.11428877480454856,-0.5298135564862941,0
-0.7120450138138813,-1.3713577639167083,0
-0.5314580499513382,-4.584774527798855,1
3.6717817687833323,0.687951599291502,2
2.4605076204209912,-2.29710286311051,1
-3.1229439076511047,0.6886844277028769,0
-2.303238653395887,0.6154406495006838,0
-0.551811384618474,-0.6399016512578001,0
-0.5973062412769393,0.1553273148182591,0
-1.8546410298351645,0.7862628258267351,0
4.6212382261612035,0.548249674444436,2
3.102427066049538,0.3647796695417007,2
3.315767282907835,0.5421800892732868,2
1.6173397539906469,-0.46576441817060166,1
1.445073623922704,2.248465941482132,2
0.960961488237728,-0.8586249358090816,1
0.689001821245115,2.8825411226918902,2
0.5229508889724532,0.8176340854360726,2
1.0428549570072823,-1.1369842965967516,1
1.0167139360898172,2.719927703749774,2
-2.8149141949577494,-0.2366178059199158,0
2.0419063238530595,0.5200870444202459,2
0.4673554444912355,-3.6939411451235613,1
0.3361055103247607,0.33337235401726245,2
-1.538994048819554,-1.5597045080122618,0
2.8440627545501775,1.9018770662110163,2
3.380125118308498,0.9384780454961379,2
0.3507272087517529,0.356814504105763,2
2.8004623913013695,1.839454494205234,2
-3.0293530013944063,-1.2287907598611933,0
-1.0907592013155951,0.37673995469130556,0
-2.05752408695671,-1.0383241002212396,0
-2.5873990080752556,-0.7731704523603973,0
1.117437497129239,0.4085053934550684,2
0.9914516695673824,1.1677651950395547,2
-0.7683333047118722,-3.1685550053283844,1
-1.575017122195784,-2.28466413833794,0
-2.0813601815968865,-1.1479204284979088,0
-2.488566664490788,-0.05777764729230654,0
-0.5143216602643502,-2.96965276183929,1
-0.3433045273334767,-1.2139836492234524,1
-1.8500967456044446,1.1990480526238447,0
1.7009190506665393,2.373835897052445,2
-1.5263848356363023,-0.5137354579706416,0
1.4394944706766402,4.339189064226898,2
0.9506827422688883,-2.172249108537302,1
1.129481459661237,1.6967291821883483,2
0.4378545690045074,0.727366190394028,2
-0.6501706941387814,-3.1131985688896187,1
4.766888596955713,-0.3838424965670155,2
-2.671731005667216,0.584578077025529,0
0.04207248807115217,-1.590999808413632,1
-0.9544493113735059,-3.504726410889856,1
-0.5468030923149112,1.8371881457204216,0
-0.00665585486895107,-0.2607997141845109,0
2.3534482884636514,4.210536788854427,2
-0.5319196885141949,-0.8638606030860302,0
1.844610875216471,1.3501253741443207,2
2.8170401854000153,2.003236107149005,2
0.37640488586695336,0.8885719164438808,2
-0.5523116477324329,-0.4873225086598072,0
1.0265466005283284,3.7136142697643506,2
2.129371114771411,-2.1018748595617045,1
4.102983521458566,-0.7392289968759834,1
2.0195027676842745,-2.647797306613972,1
2.154031349647381,-1.283785272720381,1
-1.128436427489105,-1.5638156381334967,0
2.7307157322441165,3.3367547702317535,2
2.613823166399008,1.2017072883239839,2
-1.224559881890955,0.09724915945210623,0
-3.911863695199472,1.5140482136612416,0
-1.1542366944119793,-3.507653946538264,1
-1.7598205193744985,1.6620978790776744,0
-3.779529556585017,2.0821973211506895,0
-0.6880108522584709,-1.3394068244374535,0
-0.4426420133294589,-0.617082076546285,0
2.8689578518360914,2.6587405411704963,2
-1.9406411940575552,1.4454096565050552,0
-1.091595947831473,1.6607327143085076,0
-1.2406481646340657,-0.5850498495800497,0
-3.0002699587007675,-1.2725794903694754,0
0.7201871637001501,-2.0433128742519817,1
1.331023767205163,-0.6247713008034886,1
1.1246847290257005,3.58611494873928,2
-2.4915835840839775,-0.7272609987202527,0
0.2810906957113979,2.9116380374187236,2
-1.1700475041754577,-1.946756481177491,0
2.3083725342779684,-1.2777005982158507,1
-0.025216859009042854,-4.089809277437792,1
-1.995052501545198,-1.1475107443387966,0
1.811138140206493,-3.4465413189923098,1
3.7102949705337336,-1.6133364026862669,1
-0.6138539227317825,-3.0069500270883376,1
-2.0764261913715036,-0.6263290358736873,0
4.724899003336609,-1.2659403814727688,1
1.294847235714818,0.08997688964151432,2
1.5023713327323733,-0.6560672068487463,1
-1.9717512906667274,-0.7031681219536613,0
4.69021487400071,-1.7317595665499752,1
-1.49908660349286,-0.17064488876555187,0
2.142502059392799,1.464445982669316,2
-2.404462006563277,-0.8580488901119823,0
4.248893386376781,-2.2588539307960303,1
0.9618801212555611,2.839742207388577,2
1.9193823647569663,-2.7570488932698938,1
-2.048010002688048,-2.4055878016519587,0
3.1885338455877874,0.6823427487691242,2
-1.7126073445752341,-0.364158559175126,0
1.0343328633683049,-0.5816801324972213,1
0.022750285179707737,2.1398713221756314,2
-1.5568733139643895,0.6001040686022288,0
-2.113673125685734,-0.8292531049246573,0
2.45748373707112,0.5933876621713219,2
1.2859669094342343,3.2186748465168313,2
-0.8062125620782641,-3.467593742427514,1
0.8651313660415361,0.6245704864495134,2
-3.163298589704774,2.229636542857428,0
2.52694203439548,1.0195185991236466,2
-1.0256660488833667,-4.045400096196989,1
3.2761022328858584,1.4345134339728491,2
-0.10561459475419716,1.0858132449856108,2
0.031144945240915652,-4.174504215843341,1
1.3856787806126636,2.712472161554041,2
2.7986708524741255,-2.7490565315123914,1
2.7876044376795455,-2.722569462970535,1
-1.7205299301248085,-1.7498613429090368,0
-1.9126188236208908,-1.1775459821743481,0
2.1776814551883303,2.6202821212994314,2
0.8456061212744155,-3.8178131501643886,1
-0.4282636533110324,-4.164471900048404,1
-0.2068636367003548,-3.0355848747380914,1
-0.566545366619639,0.08673078270045859,0
-0.6148624833407302,-3.97475214602403,1
0.01503930265113003,-3.1342639283290024,1
-3.6522459657440405,2.0205528707244844,0
0.3280938717748998,1.699597960524114,2
-0.7308618634303374,-2.540832769489706,1
1.7660060360984726,-2.52280720286643,1
-1.444773497915948,-3.2151293651777895,1
0.7485471393216712,-0.16985759280062884,2
2.627261752871414,-0.46321542641365276,2
1.8510042377341838,0.10400366856865913,2
2.2369967874628713,-0.26679032351178233,2
3.6812065336434934,-2.16124979825998,1
-0.9504995216724643,1.7944226705635116,0
-0.5984144692482525,-0.33620724265958485,0
-2.448744046109444,-1.4380979366075657,0
-1.6116389848921808,-2.893629004142341,1
-2.036061232380686,-0.8061841655329407,0
1.880051372562706,-1.2409386797704653,1
3.860108002811661,2.1421699369146325,2
-1.3018199834877513,-0.9572281564714055,0
2.0116280317106847,0.9047670643802563,2
0.6925009616598528,-3.0637154851947246,1
-0.10337263705950155,-0.875477864896392,1
-1.5517920028529881,0.22821167210099136,0
-2.3695407126903283,-1.0084199670636467,0
0.37497234224331066,-3.6510341929406653,1
3.090381414343819,2.674321502306666,2
-1.8607601539375418,-1.1563209040235471,0
1.246792653622059,-2.095919063034428,1
2.8970784127251075,0.9420332575097314,2
1.4164374465812504,-0.42108948392454,1
-0.3829654811773467,-0.7517730077351251,0
1.1603792113997566,-2.9329856397016574,1
0.3786489741402395,-3.3598295432807634,1
1.6507122782153252,-2.280084312152575,1
3.9105466126448483,-0.9617927343363593,1
0.39784565309636916,0.38598991229613294,2
-0.5795628939469941,1.4359740418571576,0
3.40927381098555,1.6047220255897172,2
1.4313576904433272,0.8205030406017989,2
-0.698195597067018,-0.133155926929749,0
-0.06496574431750671,0.22600790226010078,0
1.7332448295067957,0.16853439886349852,2
0.6164633013783305,2.68877835853033,2
-2.0791179673410904,-1.2525661353753703,0
0.9271676349752941,1.7647256702924359,2
-3.2922592657624272,-1.7968888477175984,0
-0.8811816139351499,-0.3395289795069008,0
1.035572724332965,4.594394003846375,2
-1.1612924245182508,1.2789690184215603,0
-2.392188558921263,-0.3988442791053313,0
-0.6734797557231715,-2.7483608149922096,1
0.43503810835124507,-3.6708800997160393,1
-1.569236716202708,-1.8626134232702964,0
-0.34425802668479527,1.4351242391958032,0
0.7888430786277321,2.058404088990159,2
1.4541294346486353,4.157280734683974,2
-1.4064028749689028,-0.7033219810945305,0
1.2553948827104262,0.5474637398623838,2
-2.551120414969592,-0.9678828674873473,0
-0.4149818217665672,-1.3031165599861334,1
1.6161870193388985,2.525842843202331,2
-2.511503944268863,1.1640713188906677,0
0.1336257650694982,-3.316507470845869,1
-2.2502975748839025,-0.8160717572920901,0
2.574957010332683,1.99812638978271,2
-2.086372751091801,-0.1718199644871767,0
-2.7431232302139574,2.680681593220132,0
-0.28093045981292125,-0.9171105431644049,0
-0.7994127335742567,-1.944802549271027,1
-1.6307740524814565,-0.888823982373145,0
-1.856627130149112,0.6485918952683717,0
-2.701144283988283,3.038704479391669,0
-1.607694236808261,2.6950070636487595,0
0.7055378711233881,0.4070488297416236,2
-1.261681220604647,-0.4335634365390937,0
-1.8544913990157588,-0.5949134991345341,0
-0.022855563928963422,-0.016209380091833116,0
-0.7804618862390049,-2.765735339874333,1
-1.8655833714998589,2.2346323868496096,0
-0.05729437878801812,2.2407425151715517,2
3.446750980041515,-0.9809381082423824,1
-0.537222084966529,2.6750690369749304,2
2.78259213899165,0.9113282021235859,2
2.945625258363344,-1.7505341155227596,1
2.652965570514357,2.6555587672111924,2
-0.012871484783023966,0.415702754236915,0
-0.10238113580344585,-3.9930386161655904,1
-2.902573593937191,-1.9718770671560055,0
3.0628682682618256,-2.154243748271577,1
-1.2506900456305816,3.142964357118433,0
-2.7140260412239443,0.6224363703279127,0
0.26301255433271115,1.9193136573414025,2
0.9797198813030253,4.3482636485076895,2
-0.03871465606258899,0.11528724056367196,0
-0.8468571755042374,-0.06558974340802401,0
-1.2134913917904588,3.298188095779942,0
-1.6614160453422053,-1.5642950024636275,0
-1.8551270018721966,-2.0537777529434216,0
2.4939758983621783,1.0365183743884285,2
2.6150179647683696,2.3398609451985073,2
1.638465729168175,2.542396150782112,2
1.0945403812104972,-3.2451444683830855,1
-2.558353642472031,-1.2950707885633628,0
1.7344734062808482,2.518800487891477,2
3.4171493207662658,2.21920676578239,2
3.1168752084990707,-1.8542566091645238,1
-3.075388706756789,0.29011093001804883,0
0.634797948636733,0.5519013200823529,2
1.877889518947234,1.0007963333197691,2
-1.5421710043790011,-1.1840710694407,0
1.2801605996718688,-2.7439210710361364,1
0.28664586424784866,0.8139350611495008,2
1.4430037008217615,0.4398310083708478,2
-3.401183877711688,1.0371688070673013,0
0.1144428992227695,-0.6366651368985381,1
2.6413496582193168,-0.5289807785626196,1
-2.1559008532368975,-0.9059021705399896,0
1.5795554037300172,2.8046007432665143,2
3.1285631393949656,-2.123565798608586,1
3.0944280495837515,1.4811611694940143,2
-2.2377531180612027,-1.4337201366062693,0
-1.9120844523019307,-0.3845089043064257,0
-2.229789123285712,0.9487916336319309,0
0.42342297834843867,-0.037422508241799504,2
-1.8224320400841816,0.7171637631451153,0
-1.7320392890303353,-1.8457714443607895,0
-1.554704471366636,-1.0339771543545404,0
0.6615906617357324,0.5978091207642362,2
-0.13681764890856915,-1.261315388876292,1
0.38168212059246087,0.11787583392291205,2
-0.40483005032932656,-3.6705724407985,1
3.3690900362665337,2.7616947204850644,2
1.3913044170549989,-2.999867400580174,1
-1.4822785831508973,-1.659673785833154,0
-1.6668033057498708,-3.177623991203889,1
-1.216775377128324,-2.0164270738499064,0
-3.544291245025446,1.9373370317708656,0
-0.0021913994983448547,-1.2105053986803902,1
2.8265178001861253,1.895968723635913,2
-0.038672948955213136,-4.073326080755427,1
0.4210438020116743,1.3348878350681892,2
1.0682222118636866,2.8155232134343224,2
0.33625890048294127,-1.555036170459007,1
-2.6813110576471266,-0.589685385581965,0
2.158207272381864,-3.0975554175091635,1
4.821660829504663,-0.6282149128013707,2
-1.7387487633583891,-0.25965046738300956,0
-0.8219348179646404,1.73441636782028,0
1.2035644182311556,0.6092504285869024,2
0.286806508119973,-2.583790287278939,1
-0.6372164360034065,0.0026758716327080654,0
1.2588994898261756,-3.224469287122485,1
-1.2413315047852005,3.0097221201151165,0
1.0502217861066943,1.9736135756776303,2
-0.5811784825623697,1.063223305493087,0
0.05613873765663055,-1.1529186343861724,1
-0.9850823593683163,-2.591828687982738,1
2.1077894096320793,4.392426102808253,2
-2.9746969104721837,0.18814241763580597,0
-1.5585921747438347,1.2896254173258614,0
-1.5899804668705402,0.051860380920917035,0
2.489398920636827,0.5698286817844971,2
0.6172807465874665,0.1614238252555947,2
-2.2697247347717786,2.127650283029197,0
1.9775331624310621,-0.25631998012812723,2
2.955949570695589,0.4596717845648043,2
2.0052209721723986,-3.51201002958018,1
0.4032723862678068,-1.3170707252068858,1
3.129848822639287,1.5856012911894073,2
-2.377226162662656,-2.111139528308343,0
-0.043038955035085626,-0.49480641489631466,0
0.34542210630238757,1.4392029681242475,2
1.9787948606271493,-1.6168420102869467,1
-0.45232229718397154,-3.4053806450085817,1
-3.289117565816031,2.274745674052071,0
1.0320888302217945,-0.3727379273395609,1
-1.126765298652195,0.039068249333121564,0
2.097663588278377,3.238339686036882,2
-2.2443121962366166,-0.1380962250408852,0
0.11066967371529046,-0.13831447710150208,0
0.36574654620365027,0.20770469099288216,2
1.2558968709526446,-2.5828359692823395,1
-0.7905410526767198,-2.8346588712017757,1
-2.4694853554843337,-1.1486441515210637,0
-2.208459755369979,1.7369021183804603,0
1.156691038457845,-2.547892685795251,1
0.6670711334634298,-2.5678274758744997,1
-0.7954273046279933,-1.7600249707064421,1
-0.1469795585694516,-3.7106402022461293,1
0.45370003452532753,-2.4998903176274405,1
-2.790712388138119,-1.6909448414650263,0
-0.6982955534899971,-4.4359860624139005,1
-0.8993699193087602,-0.21670605069931254,0
-2.360202089337797,1.9656278887047731,0
-2.3934526504194613,0.7266642815885471,0
-1.8832477970342372,-1.4222277625169026,0
4.327497466271602,-2.340396448290877,1
3.570780831844809,0.4848758836959623,2
-1.6258381961814563,-0.3287312399147516,0
-1.9827642551042386,1.7420852251575996,0
1.193569741793486,1.801560145249662,2
3.672380367434263,1.0878839283459265,2
-1.541625386852057,-3.0980847973237484,1
3.4807165732156946,-1.1938600793186644,1
-1.0533027608323131,2.4176496235947744,0
-2.132326128207046,0.7588856988726375,0
-0.4175028439434998,4.037134040782988,2
-1.0929013403782668,-0.22978855254604322,0
-2.111868837102303,0.6329962247538107,0
-1.2618380972215426,-3.368715107528555,1
2.596888948294544,3.7861101339593994,2
3.6183532109835688,1.513478881620922,2
-1.6398160507610535,-2.053151166619908,0
2.1283823847019923,1.0330842563986902,2
-1.9535208996730071,-0.8932668562035521,0
-0.37582356036858944,-0.9829373359840307,0
4.7864898760973,-1.2095204503901988,1
-1.4043687263358096,-1.416088915146331,0
-3.599622572426534,1.1952428135165145,0
3.146477327908954,-1.6706988784316124,1
-0.6125936423200071,3.2616300010680557,2
0.4791937513416477,-0.8573249664810545,1
2.0857058032449256,-1.5325195101617037,1
2.9567981189713453,1.5431355245121203,2
-0.2602130444190615,-0.8216801404713584,0
-2.241179098797353,-0.015475111482175816,0
-0.37793090138512964,1.174297655491467,0
3.4417973482660313,-2.0506655198447543,1
-2.99473348659179,1.938719469644196,0
-2.878196891188863,1.276846837607242,0
-2.3472309300667464,2.4706765903289596,0
-0.5831205855552863,-1.430548882139456,1
2.6522703334945934,0.2873106122434892,2
-2.0407902365879376,-1.1891807932178313,0
1.5951382406677646,0.3381012071704691,2
-3.589553531543684,0.6952377930625394,0
2.8346470765854583,1.0943693419259068,2
-1.2259541007780441,1.2302431155400442,0
-3.291181331287272,2.2910644110857934,0
0.9878841378511078,1.9135680137831452,2
-0.7048947131837408,1.758329218980755,0
-0.0952877160145251,-0.10750845002320837,0
1.193128005231458,4.909931105072451,2
-0.9471036433767159,1.472075703992378,0
-0.7392081551852218,2.8572810275524207,2
-2.654274316484116,-1.1825986877639698,0
2.228938787977451,-1.9460487183361959,1
-0.967225259345882,-3.128860317327815,1
1.262764281335296,3.004357567704542,2
-2.6593466606456495,1.1843737575675168,0
-4.341003129470194,1.73071211593387,0
4.651340629574623,-0.9591764562212902,1
-1.7385371864657646,0.21700154692944207,0
-1.9764975018463833,-1.3452481829725302,0
-1.3360828288338236,-1.1201258254947495,0
0.9515826936033221,4.093390508002814,2
4.5577474042980946,-1.5570566107029509,1
-2.4498827155693914,-0.7423497373111059,0
1.8893525306797914,-2.2901777714265696,1
-0.5581877212554471,0.5443203964961445,0
2.6133119339160857,1.0218458409183337,2
1.0084041495821692,-0.9043888576900319,1
1.3267769075570857,-3.4842268960477725,1
1.212821561916277,-2.0629378874829727,1
0.9581486262230531,-0.2757862314753778,1
0.04721557157175142,2.1233268406841255,2
0.8038088003771265,-3.070452188700835,1
-3.0013468850626324,0.8428803998452193,0
-1.6471138018307727,-1.0946242353050801,0
-1.965112944789426,0.008790106164034516,0
-0.39592503252339445,-3.5365241009123403,1
-3.35040554689204,1.5657777202557204,0
4.615493736599049,-1.411316794102651,1
-0.42577483862101567,-0.15254175494877067,0
2.6499475320324017,0.8571821432376242,2
2.1426130443458344,1.5758183622826374,2
2.290079087816462,0.9594446352251974,2
-1.7172903505861585,-1.070734280363074,0
-0.382713851897833,-2.7948249324636842,1
2.112057723529603,0.3431846691077325,2
4.771692363246135,-0.2282909296441779,2
2.6214636694478903,1.2283518151801023,2
2.879038633619929,1.240372038857078,2
-3.437540118852232,2.602176106695469,0
-0.7112579912265928,2.460016157889516,2
0.9442366503393756,1.21912105560578,2
-2.6250051943585895,0.6138157659745689,0
-0.27051238248621406,-0.16496394373559023,0
-3.3659670461687052,0.676398795997453,0
-2.8506046719087506,1.7793224849085076,0
-2.2691666244516804,-2.7550729652733463,0
-2.373889975506585,0.15315062920883576,0
-1.749061257721965,-0.3378656910530039,0
1.4800262150881605,-2.111374641984307,1
-0.41217876900217637,-4.004898904677143,1
0.832971682873107,1.111172056276083,2
2.044142363516494,3.4746161217792992,2
-2.0084254882710018,-1.6577437037797627,0
-3.1471650081303544,1.892136456690583,0
-3.489729450842102,2.046673536085507,0
2.35295264001395,-1.567791929982496,1
1.180959177797285,-2.723803058242883,1
-0.19804608072145802,0.41175266145861283,0
-0.8269975833169086,-3.293893765810762,1
0.2562035693826347,-0.8433361853837882,1
4.473673908009433,-2.003776311126239,1
-3.0286824323359944,1.84873430300315,0
-1.1379281315139265,1.7932471739886686,0
-1.444715850577542,-0.9397441790155007,0
-1.7728338644625214,-1.6776819210658735,0
-0.6840126609664541,1.8379656174134684,0
-0.3535252770583655,1.472750684813268,0
1.8814953368953573,-3.4447303903445463,1
-1.457509083631165,-2.1333391868705185,0
2.880676290440234,-1.875449795655336,1
-0.8403959256639681,-2.971234930182712,1
0.2536654520957538,0.702503779289332,2
1.3401411961559193,3.465181632022049,2
0.004146031580738644,-0.4961149113812357,0
-2.3618379837567476,-1.0014015756213301,0
1.1484597968182582,0.6989912205819451,2
-0.9902698008977309,1.0962201413504475,0
2.7266121288463623,2.1520385368885617,2
1.8955504975866708,0.03385212124453113,2
0.7506403533137589,-2.8130792713760786,1
-0.1143417528103913,-1.351956888675858,1
-1.3027517163425926,-1.717844803729111,0
-0.8328790668952846,0.047230726469318994,0
1.000838840316927,-0.04385913133751924,2
0.8778516301940469,-2.262508937453813,1
0.376975624038724,0.3572754104650698,2
0.02261530837824469,2.3482292121188086,2
-0.6662204705861848,-3.1745735423488566,1
-1.768257775833785,1.2952810401385155,0
-2.7567008381319003,0.8841282435069528,0
1.1866572778839197,0.09336874314737571,2
-2.3097190359148163,1.0336636047578294,0
-1.480924824757455,-2.066520718876318,0
-1.0978649354589662,-3.065723521568294,1
-0.6749143695940062,-0.16645067387358065,0
-0.3737414733354753,-0.6413769699847914,0
-1.5512794531571645,-2.055249574069368,0
0.6671463970658695,1.7785777192009202,2
1.3555141786069098,0.5336340201205303,2
0.13465421937500155,3.55670137980538,2
-1.67047391002763,-1.5309175160394455,0
-0.0013757735020299177,2.1116056779452848,2
-2.6350128626047633,2.054933121014964,0
0.186538558216766,3.0132784893720435,2
2.081985732014752,2.5543426004087717,2
0.11467283955863185,0.6495215709063907,2
-3.064057122760114,-2.405247266245426,0
1.5390066020536086,2.576559697011013,2
-3.8817408802462294,1.6911254174507842,0
3.5362097891372986,-1.6867257985879647,1
2.5334985513177166,-0.09943480230897331,2
1.3921995687783986,-0.2938213100934061,2
1.4937594103368876,2.250642468125646,2
-3.9639990788882375,1.999072310391561,0
3.722874908451431,-1.3304455738923033,1
3.1124873968100233,2.879160411699742,2
0.21015394873915602,0.7212883798887516,2
1.2778499666315863,0.6613309844836229,2
1.4720495578838548,2.235737104266722,2
1.8106945817165165,-0.2573752346124803,2
-0.8675983499793708,-1.393296701108524,0
0.5766000618030719,-0.05351268186615061,2
4.107469449186239,-1.4350424111457063,1
0.981274100588484,2.1180790192899748,2
0.6475215644072393,-0.5941431957968694,1
-0.5494467825012466,-0.3050488091631793,0
3.44563238996998,2.01705418977859,2
-1.582147272703563,0.03332487522903577,0
0.6775280461442067,0.3537322137368877,2
-2.5300256679471405,2.908842359585783,0
-3.2630478439682014,1.0599852959521334,0
-1.1432882585243576,1.9114354797423188,0
-0.7527500153850869,3.2270299819815467,2
2.622949962104921,2.2898720175546914,2
-2.932703865482171,1.4352146620964543,0
2.609942784759145,4.674611047720399,2
-1.1710269427008486,0.8850053985957608,0
-1.774876070402152,-1.8452768252590614,0
3.792606777726584,-1.721949367282921,1
-0.33740725674978767,-0.16905819480198364,0
2.1679559220799485,1.8507665567055276,2
-2.18667362529832,-0.5560103671744488,0
-0.5231984817881901,1.8644671775526576,0
-3.4337729513234505,2.0206946028211443,0
-2.7085363769565665,-0.1977132562715279,0
-0.8764724880622677,-3.068760481455865,1
-0.24678272614863833,2.073188651791637,2
1.7018636363832895,-2.5449876906011677,1
-3.4222862109135894,2.177465877254348,0
-2.2910451868180934,-0.36264345875663506,0
0.36129541251839564,-0.6727256596921707,1
0.7738711833197998,0.9801275244260741,2
4.8889923945738945,-0.7030931277647647,2
-0.9580281795793433,-0.8204461476313422,0
-0.5750924957089524,-1.3830195067919395,1
3.182229991592425,-0.5019130059434823,2
0.530736264116105,4.439519218141675,2
-3.2081638524900664,0.8200424244646893,0
-0.5686292341462785,-0.8025578911025576,0
1.129484619165125,1.0826473212435646,2
1.7178837674898404,0.39941740036815454,2
1.406598867206432,2.4412228392542685,2
-1.190226577243808,-0.7667798243940939,0
1.0540686853571595,-3.1311710572982068,1
0.5659477871417252,0.12839359416743998,2
-0.7160842065206742,-3.2938681822114484,1
-0.4893328628687733,1.8667864642293077,0
-0.3381742622530858,-0.580958555969512,0
0.1435657683350881,2.915735059189754,2
-1.578870134861511,1.7753072612710716,0
-1.2977431556093728,2.885394239203568,0
-0.020309392265810598,-3.0142058783575876,1
0.05753846383664729,3.809343419055024,2
0.9030697457074778,1.6606910093697917,2
2.526062465220286,-0.1577150033529544,2
-0.799923273239742,-3.599769281514751,1
-0.5016252262480972,0.07382067766193139,0
-1.0535138804649489,-1.3345798097246815,0
1.2808563162303628,1.1818749546864908,2
-1.6954664081975555,-1.4813441284448279,0
1.850453264031787,0.12545261491251014,2
-2.6835108492372175,2.066630691393023,0
-0.5464110790187616,-1.722535440671506,1
-3.3234187489188765,0.8534699735703599,0
-0.8163333024609356,0.7275911248029842,0
0.8732639873708823,-0.820212177382179,1
-0.00820210491704895,0.36133130693149007,0
-1.989613758303918,-0.44610372553544725,0
-2.52710328992774,-1.2244162820089568,0
2.225502677793633,1.1462707384482265,2
1.8072332816206498,4.17310141957872,2
3.320935294202476,-1.2071808620528173,1
3.240042702668983,2.3621369044701246,2
4.97796878667433,-0.7552515999952842,2
2.221556181275693,-2.771428562094568,1
0.5592509923623998,4.520382872035561,2
-0.5407795787258992,-1.3045915432496602,0
3.1807423383212927,1.407612513320375,2
-2.3586568724826957,2.432056272638094,0
3.651433221253363,-2.30140712452521,1
-1.7525004525294479,-1.5360754456257302,0
-0.45614431440207814,-1.449399534791448,1
1.966178438671029,-0.5631747829846777,1
-0.5372833540930123,-2.721306089942843,1
-3.1355788232737773,1.6062629512996782,0
2.1621340183982474,0.5688816689746803,2
-3.033900101352625,0.49003209060208247,0
-0.5953520323594343,1.2698457563603514,0
1.7534403922950885,-1.4750602897489784,1
0.012425867226855347,-2.730101674599201,1
-0.6140129840370648,-1.8075691526379905,1
1.9508408744051609,2.578018375874116,2
-1.147944334016027,-1.1439086606798654,0
-0.8576019856237924,-0.8988779202855389,0
0.028952094852201876,-4.088129975316614,1
-0.5437186558153502,-3.652470611009682,1
-0.48214128228058173,-1.2653546675266507,1
-3.3029630431141332,1.432269807639095,0
1.3159025147550585,-2.856502186095673,1
1.0683569133375714,-0.6399219654193877,1
-1.5518955385966227,2.0780816120934196,0
-2.3706305098819533,2.236465967850896,0
3.486451968486743,-1.5509054648124783,1
2.4200593753966664,2.727964022847825,2
1.296963104033545,-0.19141482636672671,2
-0.889350655472791,-3.0379496293500416,1
-0.07574416358595422,0.5306116047267111,0
1.7014235470588506,-2.9238784624134455,1
-2.343548418366756,-1.327423716917958,0
-3.4410500099009447,1.7335400196833928,0
2.6598573682612896,1.622739879267788,2
2.3936424906299423,0.7772718736559651,2
-2.3479747922430114,0.30685488097312474,0
0.31551552467211624,-2.3033569428121545,1
-2.4331540747121605,-0.5092724696127212,0
-2.730662405817347,0.35181850406355425,0
-0.214490285094055,-2.991179882548174,1
0.4361401216680707,-2.605381782642591,1
2.411294720662616,3.3822908617052434,2
1.1454999313529621,-0.7157639911816288,1
-2.495849562605396,-0.28449887074876246,0
-1.023146112347009,0.33787939338990236,0
0.45487283300304493,-1.0181179309890938,1
-1.0258001187451182,-4.35506601051228,1
1.48971226037802,-0.6007268705178328,1
-1.834704089491292,-2.0324381114813574,0
-2.5136727806041645,2.110583835735182,0
-0.04871497769093593,0.1528242984511483,0
-3.447367937426541,-1.022359216408621,0
-0.2904085703866075,-0.5243564410757671,0
3.398394099568869,1.624970863429782,2
1.5227995047506733,-0.30900033876745014,2
0.9761336130845694,0.15765479121775852,2
1.11223935985287,-0.5661894227720558,1
-0.34393781841112653,-1.0427948657687447,0
-0.17774066304756733,-3.645971058363401,1
1.2965747649378168,1.9327433130902945,2
0.7139867740180554,-1.032496435606464,1
-0.22694498046743206,-0.3797730957141511,0
-3.2645703745286703,1.4835271560989913,0
1.139836541456468,0.36960193253725876,2
2.6512935606049863,-1.832006084078304,1
-2.333046058551282,2.7512003885612906,0
2.2274295958652104,-1.5055690613230734,1
2.0921138161959028,3.152879879886971,2
-4.048748319447547,1.5654146598871903,0
-1.2023589651096702,1.238221372569665,0
3.089125861449371,-0.1549435892221037,2
-0.6247007384759236,0.8311312681022057,0
3.044504239624001,-1.6090506332301078,1
-3.4904484705787917,1.1087168155776503,0
-0.8125070333210919,-0.6069984812017132,0
-1.0693909027973796,-1.7604331464292258,0
1.7053016103688747,2.9556867672114384,2
-1.0198386687600216,-0.607301684494567,0
1.337807956982539,3.6009991381380106,2
-3.0519893825194355,1.2168498173628228,0
-1.5419098971312193,-0.8690664283921264,0
-0.8591353431794488,-2.7223653662702043,1
-1.6484497030407672,1.8970712877260383,0
-3.2696968797699717,1.5034218274202258,0
4.19106805837589,-1.5753879394240522,1
2.0693591203828046,0.48293650439018626,2
-1.3612924724493733,0.220062071956857,0
-0.8918522537373528,1.9277676648228468,0
0.3530631150438498,-0.29052882054817186,1
2.473639482137142,2.343339101619772,2
-0.8380405747434205,-0.5547012030383854,0
-0.03791743007836986,-0.08488439554625113,0
-2.132877602198659,-1.9085000157146683,0
1.358594618069765,0.21940029830595842,2
-1.0692484719662707,-2.8181783988855407,1
-0.8340574460985659,-1.3613436050312049,0
3.039536988625339,1.5598459018682642,2
-0.7606377745439765,2.7591500272852434,2
-0.8576793820711686,0.41247974042476393,0
0.843489794489295,0.9526481059891607,2
0.9809486823107291,-2.013718119501274,1
-0.542684852862553,-2.4447040141217697,1
0.5163314432022108,-0.2969219837709031,1
2.34053122621081,1.3342465416683558,2
-1.2946274938692544,-1.1534720713847963,0
-3.4351489744686163,2.5551790384648774,0
-0.16790376377147628,-3.977637456808861,1
0.05825441188383248,-0.6063531122404191,0
-1.4038856058124345,-1.1731278995705998,0
1.4627591633504076,3.944117779042312,2
0.7840828341008874,-2.1109696261063244,1
3.2582402351613475,1.4239860763203522,2
-4.308937532427692,2.2259062119641886,0
-1.1979463705606863,-2.991696983903645,1
-2.847492588268317,0.5397787303321672,0
-1.3650538608535268,1.4771669769571467,0
-2.858352460330318,-0.2513804039705984,0
2.1189699905383885,-1.6706920456009617,1
1.386126278816525,-0.5622156028994204,1
0.7696113796294399,0.0976301513540027,2
2.8578853178737407,0.5027000936146964,2
0.257776464054394,0.5140322860775115,2
-1.551581521957136,1.1951370060669801,0
-2.1534504841416613,1.1722972126764448,0
-0.13430841682854944,-2.720298192532153,1
1.2878931603363553,-1.118780290304891,1
-0.06933973961636031,1.2739414247239809,2
1.1926607463196603,-0.28432622587355816,2
-3.562304911874993,2.0159938751357824,0
-1.686845662813062,-1.7737754994814254,0
-0.4566944368569096,0.10597619307911638,0
0.8913660425049095,0.19675500239792257,2
3.309459347358834,0.5472573450074992,2
-1.3068979870259854,-0.8865712397153398,0
0.19760594599565476,2.6979251244272047,2
1.567344819548816,-2.8346851726910556,1
-2.430474764326306,-0.9074140013718767,0
0.5641430062718471,2.5068764706182427,2
-0.5788246607629627,-2.965096722605401,1
2.1312482501918364,0.7550801435346648,2
2.1483377222829416,-0.24431421574820963,2
2.2778307866345844,-0.20447323543731832,2
-2.1259073736575136,-1.8727524057626457,0
3.5572918890133853,-1.0188094423157117,1
2.5855411527815706,1.6143458804849327,2
2.262292220344873,2.572683012486902,2
-0.3219408546635094,-0.490239066444972,0
-1.2588625825532855,2.1405127193188296,0
-1.6209726051176074,-0.6935215044738858,0
-1.8723928227395368,0.3120424402370259,0
-3.589032756093651,2.0070595138011718,0
-0.578481680553366,2.616965041623025,2
-3.370726902235564,1.6966684101082188,0
0.6442482866800926,-3.166557203545523,1
-1.99920399876208,2.001316312318715,0
3.121274304525618,2.4267057048815937,2
1.59567841027151,4.661384980748383,2
0.9457369948865979,2.0235954100695963,2
1.7930997477022048,-1.6033394262275211,1
-1.2553854707223562,-0.7226180038088057,0
-1.025791736023753,-3.386196278140423,1
0.23729091847389014,-3.5298648662365273,1
1.4641672249188376,-0.1831402196572492,2
4.761658344014024,-1.8163272202267835,1
-0.5405221181262074,-0.3727109872689676,0
2.5578052929345505,3.0497439095278582,2
3.0802487951681443,-1.8450344580880613,1
-1.7891137616230504,-1.5595627950962125,0
-1.3237085122848946,-0.38385415568129605,0
2.7318564820549467,1.141315836052858,2
-0.4722877958145473,-0.8035134319316024,0
1.1408032426637635,1.716638919146096,2
-0.19483673662739703,-2.8920887744504804,1
-1.172503522062488,2.3203168837285846,0
1.2629777192533675,0.7668824577818671,2
-0.286860976565543,-2.908050345175656,1
2.0235583621076314,1.1460190070296312,2
3.254030000935687,0.8820000142415381,2
2.6102320147525657,-1.9037269244615875,1
3.6902662792106424,1.7984223780120272,2
-0.37424467518035237,-4.316376427596349,1
-0.2922042250229683,0.35113084750422174,0
-3.7922933211356398,0.9287784944843512,0
2.21827511180712,0.6450760316096227,2
4.647533661334707,-0.862369070742326,1
-0.8841820645646756,0.15728626266830578,0
-0.542797037314404,0.3697970639622136,0
-2.3151632504932054,-0.8115763908684323,0
0.762781013543918,-0.7834562733484247,1
-1.9337576831772498,-0.06052537660067764,0
1.689089926153567,0.10018046669508336,2
-2.5417052578966794,0.6517345942144638,0
-0.5578598247910931,-2.8644840666749793,1
-1.6159747469801478,-0.8194832829236237,0
0.12509742157115203,-3.7564826535653446,1
-1.0693017422454298,2.5169340644506724,0
-2.23982489754125,-1.1785080550807876,0
0.8664995530430727,-2.2346389173675885,1
1.6555077061235535,1.2231236871456124,2
-1.1159455842495674,3.2421295402244388,0
2.6571666374562226,2.6160543394294122,2
1.2153002129242183,2.452770406566363,2
-0.18069890192328592,-2.3154956725735314,1
-2.1463647616754957,0.8095026370186176,0
2.0399877055748066,1.2032828052359985,2
0.14443420863436277,-0.4199890083230098,0
0.44522775662686587,0.6511458764295315,2
2.869758452717931,-1.677662793423988,1
0.1464641329581523,-4.252938975832579,1
0.31369141401513884,1.0737097674045566,2
1.2894808469142853,1.0049796858338615,2
3.6810492061687454,-0.8024326903515668,1
5.060465586431146,-1.315730157992686,1
2.1845478991671183,-2.665814620107312,1
2.213642845010391,1.2082287835346113,2
-3.0475970734564655,2.456197291913954,0
-0.9989366244228878,-0.24106142546761927,0
-2.0094472918147654,-0.942292285413374,0
-0.9655531573836111,-3.640765811925666,1
-0.0628780524731215,1.8778460652036228,2
-0.716145401119594,-3.4255244895626022,1
-0.5152205820115369,1.1803839101138625,0
1.5780485427376196,-1.4188589117837545,1
-2.2092761537140873,3.183748300429526,0
3.5055658687116606,0.6256449087571394,2
2.3407598480254324,0.12114139537913374,2
0.6444522102182078,-0.5043911530530409,1
0.5397446592083391,3.047072909208345,2
-1.1290895407087462,-0.5413698832937892,0
1.463362367396568,3.1542446776136774,2
-1.9129311020375046,-0.5178501538886442,0
2.378236309568172,-2.8157445992629437,1
1.1486188553688235,2.691192781070382,2
-1.0854459104253749,-3.955159692536711,1
-2.726353494003434,0.31501911094611934,0
-0.04433898354348752,0.20433824595082128,0
0.759424387127787,1.8726585586661946,2
-0.0646405450011752,-2.4922042531246573,1
0.5661704133180517,1.2150979893564766,2
-2.5318416225036486,-0.8645877097546081,0
4.886029225627144,-1.2929078181931097,1
-2.094439069059346,-0.6148832940376627,0
-0.1982891996137911,-0.8079533002940913,0
-1.9880506187357772,2.914286121586335,0
-1.2922658465126404,-0.12287870107215658,0
-2.086737931455566,0.8008935715259626,0
1.4538738104758702,-3.513972280197576,1
0.8406231314825735,1.0774628579563517,2
2.9793602363464036,-1.7095080705494128,1
-1.7317221877415674,1.9026467092615313,0
-2.0656749613457075,1.0462124879927805,0
2.8163557628961438,1.6496818148614119,2
3.6675980387670544,-1.083047125906175,1
1.074108943097573,-0.6670241169821775,1
-0.6490967224452973,3.20672070011041,2
-0.837794549279119,1.0042022859631317,0
-2.8085762572299915,-1.2696848617505245,0
-3.9525807331148393,2.087737471705137,0
1.3726241337523661,2.511207339166921,2
-0.6540527976262511,2.5278985805732224,2
4.582005669054955,-1.6081335325735047,1
-0.9443627944793873,-4.644860840909071,1
0.16979040095503078,-0.08070116099387963,0
-1.8231576484018592,-1.8902644286012655,0
0.633929309673658,3.394928450265694,2
-2.709931263760424,-1.0072935038894864,0
-0.6986369172358136,-0.6924984086924859,0
2.6640649034415644,-2.734699696863734,1
-0.6851057564921408,2.2434971560616344,0
0.006209555646243613,-2.7628283851761584,1
-0.9951802715491899,-3.9284045176514266,1
-1.979017514434239,-0.44030525340647714,0
0.8357791581370334,1.090714373331839,2
-1.9005703121456223,0.08147143320851855,0
-3.2628667032369467,-1.8348407228725736,0
2.703128289718996,4.7245139702392125,2
0.016527874171136676,-0.1586919181538756,0
0.44794179189070155,-2.493258546164869,1
-2.162506997227834,-0.23857451066508714,0
0.6450658887527817,-2.948734367246198,1
-1.2609921550465102,-1.1858595658030724,0
1.0397476187327424,-2.4374702269136543,1
-0.2380417343735669,-0.8085828923214048,0
2.395901814014293,3.6718604162432333,2
-1.829670850171942,0.03915035860295885,0
0.11369861275643788,-2.114804305968634,1
-0.4343610816226989,-0.9766523771838254,0
-0.9955373858594577,-0.8546898179116041,0
-2.93593430013864,2.215529247623847,0
1.3059445317926548,-0.5098758969250805,1
-2.366276294813012,-2.0016950722301483,0
0.07552671490520253,-0.8737428210777195,1
-0.9612997648012717,1.6783102886048458,0
-0.425374574149223,-1.0206701973905032,0
0.029734990014775205,-0.24884645526124188,0
-2.788464303308443,2.198325670465973,0
-1.301458464811461,2.324601902905164,0
-3.3890049593279676,0.20315488627720402,0
-2.2008532798261307,0.8307527307839645,0
3.1428063508861634,-2.160575136101324,1
1.6628412494064677,1.3926693338390348,2
-0.47171806662753396,2.1141824935825824,2
-1.315265428002544,2.90673945475175,0
1.309717074206818,3.5618589377214236,2
-1.6195409546538697,-1.8224406952580576,0
-1.8134254305681712,2.328406439845954,0
-2.184496656219005,-0.9008339794342678,0
3.697408371171948,0.6264377413344447,2
0.2918803695118599,-1.2073773040337166,1
2.1418381811813183,1.1601512367311806,2
1.729226178788145,-0.45185130565818343,1
-1.3957543665045797,2.3581737338688007,0
-1.0538678616139099,-1.3694106221959599,0
-3.053570149018238,0.8061290652037593,0
-0.5477197935476982,0.18620862774838495,0
-0.6315774273417664,3.723231757759617,2
-1.4768063082447922,-0.8955490294306414,0
2.4780581249406715,0.8252096501794774,2
1.4677922271146702,4.232957561976588,2
-3.687850237974862,0.787545873305339,0
1.9560070767353668,-0.5027464269323262,1
-2.4055408380729304,-1.5160900869582998,0
1.1515701067309776,0.3481672032902697,2
0.6999704745701157,-0.5703885328852717,1
1.1904665785591693,0.03838055969512701,2
-0.09471190040106968,-3.739501939991337,1
1.931658296831777,1.603237205154579,2
3.7114512076900743,-2.1268646698930076,1
1.1780291504341973,-0.8075111028617147,1
1.0318155198391603,-1.9750815391506256,1
-1.2640838642091656,-0.7854934891104783,0
1.4190455382589162,-0.6680858795861347,1
2.9722911759047728,0.04484197480535689,2
-2.57449604370475,-0.23910444286799046,0
-1.4066261314792474,-0.5117236735995967,0
0.7662098345785161,1.6082234451455835,2
-1.5575627622167683,2.6188353930419805,0
2.7711858927870328,-1.7482173517486541,1
-1.6394109739462779,0.24435725490592713,0
1.049063316814333,2.3436789319785416,2
1.5772233426504523,-0.781067586435614,1
-0.277010018500079,0.29398568437564715,0
1.0380305805110919,2.3112136630592306,2
4.534979043580819,-1.1734409753723927,1
3.2591322489893297,-1.2810367743284101,1
-2.1973741285368837,-2.5729694908673686,0
0.39909656570917756,-0.019054492779014293,2
0.7285233135561139,-1.7998951329328061,1
-1.073564659722658,-1.3424953236631598,0
1.5716140096192175,4.1588750945378905,2
-0.06921448566579351,-0.5458039589927351,0
-2.4318649536300416,2.796820067263756,0
-0.5381460285351152,3.828440632979779,2
0.029953447954424627,1.012459017759516,2
3.0216642727305647,1.3579151411868546,2
-2.944368456080071,1.8273170405149821,0
3.2988851162185635,-1.5929732670769112,1
-0.945885136945566,0.1594616150682734,0
-0.772792922168246,-2.817006540696731,1
-1.9251607318178685,-0.5471185996613968,0
-0.8224938960866798,-1.1588518415966433,0
1.5536360264927134,-0.5064758326728409,1
1.336468371776116,2.117565981880008,2
-2.533013172083109,-1.4660253678755715,0
-2.2315311608838675,-3.918126253371039,1
-1.6051213153509996,-1.8054554782234715,0
-0.7994868352038519,-0.11343210421280615,0
-1.487836667438828,1.3772499306671373,0
-0.8379211144014224,-0.7452349013520938,0
1.8766726959453894,1.3646679933240875,2
1.2672377767988867,3.8193174686792655,2
-1.1921797212427794,-3.5790014563737853,1
-2.7351642700191645,1.531431980139595,0
3.8734821532590016,-1.792199929942199,1
2.1212843820619804,2.862755293619585,2
-1.7542446193979095,0.548077922710351,0
2.2455916879816473,2.2260192757158506,2
0.011277385477848095,-3.6722549159559397,1
-0.39893442151408864,-0.18800152437430934,0
-2.9979021875905927,1.1475446154947275,0
0.5235306808400616,4.26019012372869,2
0.35574078004654525,-3.6531814236704183,1
-1.7146172350392237,1.4582736678073498,0
-2.841321006598667,0.5993931376580078,0
-1.5086833943960136,-1.2170667722705812,0
1.4003688459090282,3.8117087914683316,2
2.9128148057945,0.2780618008061724,2
2.88473282315777,1.7651110221064894,2
-0.5037435714578806,3.5471017092783614,2
0.4940498999163364,4.382820353727905,2
2.5556925168697218,1.5888823301917536,2
-1.9963132302135778,-1.6870528390089081,0
-1.1798785412025063,-3.4130456998382357,1
-1.7060522083738534,-1.511256046477629,0
2.0550317623357914,-2.035543593031474,1
1.8629961756231144,5.028582240401015,2
-1.0725547618920572,2.0851056026976726,0
-0.6409815280904733,-0.032255744391835886,0
1.34585750879527,-0.9811360822177013,1
3.393425449453106,1.2417498041655912,2
0.7009527410848249,1.1638627059298778,2
2.231340780199824,2.7356862170600174,2
-3.3401892907825506,1.1661845508652084,0
-0.16091811087182759,0.08291996003778748,0
-0.8872653229943147,-0.552940695138368,0
-3.720238104063099,1.3136442377100974,0
-1.003959405229339,-2.7830951951584337,1
2.3996023006957117,1.6499803718500647,2
-0.17955724662063918,-1.592448368417366,1
-1.444641515172448,2.2836860321764316,0
-2.1769867460204697,-1.467795855343491,0
3.6011361317108035,-0.5617444675706468,2
0.6899896050848247,-0.7328137876078885,1
-1.3358270121222622,-1.8500453444983271,0
-1.2478496357477649,-0.1518042658807197,0
4.580772590905909,-0.25266755100497884,2
2.6627010947866148,1.6520582991137045,2
0.1724877412391141,2.189966300746719,2
-1.988574369429129,1.759885267171457,0
3.9459887739709956,0.8390736309094152,2
0.4066209971468813,-0.33196585764441805,1
3.102953952510016,1.6447512635743826,2
-0.5363227589105566,1.4462261880125113,0
1.405901984399357,3.280256377902945,2
-0.575146423278294,-0.7743885709137944,0
-2.460012486919471,2.509721705785633,0
-3.1738951762467953,0.14622903873316434,0
2.6518469312431567,-2.4467376368028186,1
2.635628110473566,0.06760774402063877,2
1.3121283892614544,-2.7450749605138127,1
-0.9391696206325879,0.30177668060468776,0
0.8481146132832993,-0.12593399398185579,2
2.7600102263573145,1.135312754489722,2
1.8197841649361872,-3.343035037999239,1
-1.5599526817173621,0.14524209625390166,0
-3.489487473092334,1.950854653329546,0
1.1724149934568961,3.62622082952657,2
0.15935066875500703,0.1597489364929784,0
-2.564884818137463,1.3749111909501865,0
-0.04262324332550748,1.0046782963423908,2
3.504256659857614,-1.866652673174727,1
2.988748033812536,0.5081782817664533,2
-2.924843076889634,0.886802601779531,0
-0.6199504178245526,-1.6814033362185583,1
-0.8568875054275561,-3.983796269905011,1
1.8059158134971496,2.270509742448554,2
-0.38403308879083387,-4.225895392080867,1
-0.8714519279337649,-1.369597325731554,0
-1.927989008956337,-0.35293367125668773,0
2.732844846375346,1.807591709281587,2
0.9711612585807163,0.2376204942298939,2
0.2771260543832426,-0.44296015663422594,1
1.3412895266248681,0.7415815996576478,2
3.0743955921812334,-1.3815459410606306,1
0.621699453838028,0.324689920864454,2
-3.2194852555248414,0.39097077300164607,0
1.0307368569201378,1.5748801689969678,2
0.4553029959926396,2.372197056983342,2
1.312340956527335,-2.1404623889346928,1
-1.8759794058135573,-0.4416600085468725,0
-0.8551450075683833,-4.432552128411105,1
2.8466441867555505,0.007222045205138794,2
0.9685979403131891,0.6339026240126109,2
1.536181457738891,-0.12122149823863616,2
2.201570761610334,-1.2109693774764718,1
-2.038277148463084,-0.37902779748338183,0
-2.9821006928475313,0.8642295275069789,0
0.44944368831791504,0.17036233717544824,2
-0.44670090024944903,1.9413507173252467,2
0.7650319674533116,2.7976452824229923,2
-1.2861617831795709,-1.4235588845299831,0
-0.3956768387007838,-2.8502480800819994,1
-1.5972362647672718,-0.6517460482405953,0
1.737423977093986,-2.1884766722354985,1
-3.382270986420408,2.025045740882533,0
-2.138289518745528,-1.0754165879654003,0
-1.7881595773831827,-1.7425127700896292,0
-1.8680946080229965,-1.1862535501929117,0
-2.514083400548899,-0.4734028508149624,0
-0.4704166390183691,2.2472288681291697,2
-0.5259723627995481,0.4707418124568586,0
-1.5579378276738156,-1.254540951345018,0
0.8355328472031154,-2.6143918744115595,1
2.453764769376432,-0.11769469408436546,2
-1.7914190370799894,-1.0443305006361927,0
3.0749822843189496,1.8922916278205577,2
-2.5384534184941514,0.8405494244762833,0
-1.5770782895456559,-1.810360275109423,0
-0.576998259826246,-2.4557995049943893,1
-2.2504232674947002,-0.39553438275303265,0
-0.3793253144670835,-2.5893387196293163,1
-1.9669652075526842,-1.3771772867496068,0
1.2245258882891878,1.54173251519848,2
1.6571037880915005,0.6404184836338571,2
-1.820665732753503,1.9746358614251478,0
-0.9163106487058579,-0.8044014795831604,0
-1.5438031697772938,2.163691399552648,0
-2.4942593669575337,-0.8004002242604611,0
-0.9273703386196056,-4.11364257630594,1
-0.6233471687868465,0.5791709026254138,0
-0.918804619504425,-1.1011981414321619,0
-1.6553463352593196,0.8219991637564757,0
-0.40895291083811164,-0.19818084791520182,0
-0.29233545104421876,-2.342817083559501,1
-0.8271578040187255,-1.8895864800286666,1
-1.9625211741813022,-0.28688401043921946,0
-2.0318719730274144,-2.158620371890771,0
-3.983288710723279,1.7407548124444687,0
-0.19720696182314137,0.1564728035664445,0
-0.5857599245315818,2.028197048922552,0
-1.2425479648428168,-1.21005155874954,0
-2.2649690994158087,-0.4538224869269994,0
0.33223392765457077,-2.143266335230494,1
0.11110874527455954,-4.065852538715249,1
-2.3547722131969158,-0.5062869959825576,0
-0.1664305097859038,-0.9727366809290152,1
-2.0865159869845393,1.3232103547010932,0
-0.8790618619692819,3.6431681130480045,2
1.8124221212918141,0.13986808466073034,2
-1.0742956011905334,-0.46706509926486334,0
-3.2733551478634335,1.2402053578556231,0
-2.2944360942824664,-1.7430032268060427,0
-0.39019851135974687,-3.293967616975568,1
-2.177878113008948,-0.03367296732025184,0
0.047944724093350224,0.2833960012502854,0
-2.0870707192117934,-1.0835202381355198,0
2.8378801888269503,1.235190681362529,2
2.227658538297996,3.14398958735477,2
3.368749231126319,-2.8316417068579884,1
-0.016440640946369812,3.645513108201654,2
-3.1199905208615344,0.27231468141819903,0
2.0333417759731858,0.44032022245684227,2
-2.553375068214455,-0.6466208020604217,0
4.001621257945931,0.35272003480896463,2
1.1281926822784654,1.935258198847992,2
-0.5490797622926487,-3.521683491905135,1
1.5236773697964805,0.44081360504538974,2
-2.4965214792792905,-0.5526855380912234,0
1.3934972050864876,-3.2872360943021244,1
3.0481038167135397,0.7462591386292785,2
0.02730158476815738,-3.3512769457883067,1
1.270501932523718,1.0065391492796265,2
-1.0729590705306136,-0.41225152109419755,0
-2.3299498190490837,2.8202840718998226,0
1.4227009027781081,0.7154722523801592,2
2.657794439347092,0.9267266161501977,2
-1.8485214147846327,0.3588463592769362,0
-2.4310376691594526,1.4437544735289345,0
0.3524158998567718,-0.6175190947964803,1
0.839715504868053,-1.9939078266084456,1
-0.8827725047015402,-0.15114735552431144,0
2.6018066033254983,0.06321474639562026,2
1.417298080417026,0.23351622765496138,2
0.9137367815660463,-0.8493183362825381,1
-1.6019492976251826,-1.155686619572299,0
-1.6447595127380252,-0.5404631292127134,0
1.4742981997404205,-3.9775563201974573,1
4.601688503813437,-1.4838947045009787,1
-0.7240040083756599,-0.4177186891538464,0
0.504731367669417,-0.4097867040843758,1
1.2977066594711202,-0.17868783053493079,2
-2.1029610016064857,-1.7870660204882214,0
-4.583311063751542,1.8079850090292657,0
-1.7323626406969166,-1.0664019653090357,0
2.1649318133751514,2.5872919877278227,2
2.6542558485495342,0.23733464032594126,2
3.502286304955418,-2.400768440053688,1
1.1549527474244552,-3.4956109055230002,1
-0.4348073522138667,-1.1941891908053226,1
-2.00012951424835,-0.36219458578185265,0
2.675952327831898,-1.6357787332992515,1
-0.6102208094802253,-0.9697611231227404,0
0.396357168303159,-3.8295642692283693,1
-0.26912643143521797,-2.541488579284762,1
-0.02323140812344286,-1.209774253683964,1
3.2023012746795136,-1.3913027857255347,1
-2.3026151679202482,-0.8713481891463435,0
0.1064826044081175,0.0016380880557063822,0
1.4829488320273332,1.9174133798521347,2
0.10529035244352994,2.852473619009073,2
2.1250792515809955,-0.08120489965634131,2
-2.084445744474763,-0.9296188646081811,0
5.00268292657163,-0.6930660955152202,2
-1.6387594947493422,-1.7218178452385675,0
-1.2586740864106147,-1.8233019480460524,0
1.365850978660323,-2.9479050374559495,1
0.914139142579053,0.728931731224729,2
1.4647553574634076,1.215580600792966,2
-0.12705513033767962,0.6235295675524514,0
-2.76006160955258,-1.9416357561966255,0
3.6966060975723463,0.7327877378523127,2
-0.5087918416824035,-0.3309097779599828,0
0.1746318394978408,-1.2623789024064875,1
0.9631132689634613,-0.689089064264909,1
-0.47730178349362923,1.992347392989006,2
-4.363347294935292,2.1054696445705328,0
0.5303026944585518,-3.852037209898987,1
1.8077078302888707,-2.858533376948255,1
1.7061516393060305,2.3643947690462452,2
-1.9837672190070315,-0.9348398280192671,0
-0.3314013089212509,-3.4841217874581316,1
1.1150122039082726,2.4433599312440704,2
1.2576916454468485,1.3332822386472498,2
0.42738661153139534,-1.384472736922765,1
1.6609781295756219,1.9341741422783356,2
-0.7176349991919327,-3.867954216794755,1
0.8206232427336968,-2.810358177535074,1
-1.8366841073627307,2.498711112857512,0
-2.184839298880468,-1.1605085484861213,0
-3.4946056195379995,0.659371417656892,0
-2.9654764001070246,-0.9943621267595454,0
-3.359822635978442,1.4533437998462377,0
0.09522201298530096,0.36241576835197503,0
1.458679548344021,0.20165680233554678,2
1.3244333862019368,-2.9114760102857313,1
-0.7391690718417635,-3.5001560288634623,1
-0.28777311752953655,-1.515361436418368,1
3.288020910337716,2.5356872637880272,2
-1.3539772464980429,2.11297054541766,0
2.1217586981968366,0.3211604668269651,2
-2.604906269789204,0.30445974548694177,0
-2.9352842265130805,2.4557048904188807,0
-2.3541415595531787,-0.8000936041382771,0
-0.7020081476455052,0.05770098747954184,0
1.233044209844771,1.9561788146937025,2
0.9729517654292911,2.410915291365379,2
2.3737726498848652,-1.8408158201679832,1
4.787188258443004,-0.8176812350593611,1
-1.6568062467804479,-0.4847996699923112,0
2.8404049666568567,-0.8443944950245507,1
2.2184429809270907,1.2464178296091153,2
-0.95992402139587,-2.9381956729094485,1
2.4318197036038125,-2.6911724196316644,1
-1.2146166791021886,-0.21516345037356813,0
0.226512266967447,-0.2163985497151577,0
-2.6448138055945214,-1.2318590797925577,0
3.1010544093508723,-1.930085010368577,1
-3.702725906637904,2.1900010595073134,0
-2.031967846258571,-0.06542160636433202,0
0.8245295173904027,0.593517084206106,2
-1.4926509899942535,1.2891397958569788,0
-0.5198929907114507,-0.9767229949456498,0
0.8762171917666614,-1.9663024177731319,1
4.468190724035373,-2.0946752252459424,1
-0.1876204029151591,-3.002030129353564,1
0.25530935264650134,-0.3135507291896361,0
1.9129961675161469,-0.19560099421862373,2
-1.0078024890440713,-0.4416505496674633,0
0.4503797339454488,0.015152354462547946,2
0.49503215883353535,0.7068145310836328,2
-0.42855281791682126,1.0384725598175206,0
3.745659860333964,-1.7167040444736763,1
2.0114930335661616,3.1783562056931567,2
3.270819061843026,-2.50474033427684,1
-2.522618910833432,0.25189042978006415,0
-1.7559010150638816,-0.6429096435676518,0
0.18127602250508307,-0.41082842854997736,0
3.843167993585453,-2.1515562200469844,1
0.9976840391393157,-0.6279561374186888,1
3.5460028925157356,2.858437090673358,2
-1.6653720929228673,-1.036373030781575,0
-1.3958273118945512,0.05001959394070281,0
-2.7043975837756884,2.315054375250867,0
2.3300040471928942,-1.5724470217626023,1
0.8093926795285421,-2.5886690951606743,1
-0.5495487425918058,-1.5158891654094504,1
2.3177785059363885,1.5711801944499781,2
0.9790157088516893,-3.1602533723304185,1
-2.0988250129831187,-0.8260143718634608,0
-3.9522637243628465,1.577206423217545,0
3.336353912399586,2.2678866520929315,2
3.3569618515756683,1.3761546478172346,2
-1.4590327693021665,-1.9535343971110743,0
-4.609536791231974,1.6629646738617399,0
-1.0571364538216328,2.136786458048339,0
1.7991630551489837,-0.17608096781692872,2
0.9447358592882937,-2.6884025399383686,1
-0.46209411320071375,-0.14977430924074722,0
2.129113547556328,-3.0721162524156895,1
3.0949037335127323,2.9032981253240093,2
0.4646571637348404,2.677720744129998,2
-0.46640607110853366,-4.328045790201138,1
3.513476751928328,-1.7795343197906413,1
-1.0257318864003087,-1.4052649686734286,0
0.94448593205347,-2.2957739667486874,1
1.294476021451563,-2.849079528114363,1
-0.527588358432256,3.7171819167859144,2
-1.91414372323041,0.7425815995622375,0
2.0740712880057846,0.8509708228095103,2
0.9094832027355382,0.7322335919671923,2
-2.2589165449952526,-0.1879596304540135,0
-3.359988230026795,0.5833454857207974,0
0.18536433804600572,-3.8669521306435093,1
0.4671512357068109,-0.29856698538320253,1
-3.4616354041925796,0.9078442748703609,0
-0.8984913463956532,-3.2281997932324646,1
-2.6990310394343013,-1.8457326753965606,0
-0.5628171331705676,1.423042766925042,0
2.1113798473979575,-1.8973056119520895,1
-0.7682594459572354,-0.37717404570931745,0
4.363466678245217,-1.465977280981757,1
2.8176283525307744,3.597593989820121,2
-2.3301683639482746,-0.2157393609733562,0
-1.0360292989786017,0.6685933618755322,0
0.44295362141268846,0.8510024449169407,2
2.201047599280404,-2.765548310666312,1
0.09300286100289638,0.2376516914974317,0
-2.1721036666251656,3.261858502012019,0
0.9073227659572111,-3.317144115315429,1
3.499003753986767,-1.6968262071850233,1
-1.9065001744777268,2.185405708809886,0
0.9682136820105914,0.8199914135418238,2
-1.97526166027731,-0.6294314004425862,0
1.2420209347550883,3.7469616226510887,2
0.5851615638034997,1.7167181196854704,2
0.239171804988306,0.7889590024554752,2
-2.5693212478304015,-1.0639071178973707,0
-3.2238994970456427,1.0103371830210104,0
4.561651334903655,-1.8610910656755244,1
1.8574975711221324,2.6374037527543326,2
0.37386673935759773,-3.4356188267968086,1
-0.32074678604458295,-1.0453458683340233,0
-2.9516996261215214,-1.0066269456313959,0
-1.7920531235523616,-0.6043106103929671,0
-1.9274214740528708,-3.752675395917148,1
-3.0571143186872773,1.2366742422387147,0
0.23072282976753553,-2.2676751661409886,1
-3.744560030202811,2.0155480355664377,0
3.6091220189907744,1.1014388897129064,2
0.3462951789247067,-0.1877664057205524,0
-0.2755750009054321,1.5509298161120035,2
3.7246863417664606,-1.5196204638743525,1
-0.822439571610005,0.1750180890215873,0
-2.1272800274807873,0.5640050970539323,0
-1.1848450200206198,-0.8167590834947759,0
0.7333576716180568,0.48868838681761156,2
1.9693547374818483,-1.9104128540937098,1
0.051157289466309805,3.1940954649065083,2
-1.050297393027404,1.3409604674121562,0
-0.8900829819276423,-1.2452217083176962,0
-0.4448141937888801,0.3517168141482485,0
-0.29816405320333894,-0.5039093216671897,0
-0.8604684605220808,-4.272082464460249,1
1.989690887252552,3.6488283475482595,2
1.6862497440091482,0.7994495929470962,2
-0.014343756420048495,-0.566879513608236,0
-0.29358429944522313,0.4473331676761313,0
-3.288745990531172,1.0393337922649242,0
-0.2668967562284362,0.6684186150510653,0
-0.002755077830907946,4.038665259193136,2
-0.34190350757363314,1.9516784630155484,2
-1.5874884647125553,1.9641344728110246,0
0.4296071303438423,-0.2355201658254853,1
1.5967008644286818,-1.47313979550298,1
-0.5418181819984534,3.8368674502840747,2
0.27483251827591054,3.928651024426417,2
-1.311223116505633,-1.837937589158566,0
2.0009076792832565,-2.750811583134733,1
0.37710749257529463,3.2199282559123072,2
0.9746077917099584,-0.7928847292015462,1
0.6571331358517759,1.0277428542416815,2
2.8318470356921637,1.9266082226720123,2
-1.9305874138640347,-1.644862722959093,0
-1.2773138145812626,-2.0284094399007766,0
-0.25779683566269024,1.2090030052949918,0
-2.7662339198375867,0.5320988452239112,0
2.535873824387954,1.3982599217957787,2
0.09333154868934235,-4.372729185366528,1
-0.8771598080610893,3.3397070582471597,2
4.01236262235594,1.1036874256394844,2
-1.9630526626143556,-0.660772369452433,0
-1.4832251399293717,2.069364168458495,0
-0.8734636443526166,-0.047680113291946664,0
1.3470171864054175,1.9843883149125248,2
-2.3983204089004517,-0.2658576004124706,0
-2.6273697750889866,-2.312843296476654,0
2.486977319000073,1.288303480066324,2
-1.8975137066002117,-0.6347571525004279,0
3.6486974395502516,-2.700118444339965,1
-2.6250893522049688,1.1696711572248517,0
-2.2834885657200514,-0.14256277173340573,0
1.989821906402783,0.01329934439278715,2
-2.7183728070352466,1.2624416199770394,0
-1.0496791712322942,-1.2685491434881313,0
1.9465826295140407,1.0819602943719149,2
-0.9886498726113992,1.354708961769773,0
0.7567327672565932,0.5778875247288389,2
-0.07437411426464575,-3.911370382917223,1
0.4838105462804669,-0.1018930949888385,2
-1.9650912928461104,-0.6238476457728541,0
2.6266884560181967,-2.215622292138596,1
-1.3047119134257699,0.514119448214741,0
1.8638522283405905,-0.8219586887193615,1
-2.2621570119773096,-0.6717555176948883,0
0.34044463654660007,-1.457747223850399,1
0.9462633838407933,0.09581577141046191,2
2.224178099231935,3.1203832399066327,2
-2.2265497633148508,-1.7587320761365488,0
0.2933607262577537,3.4598954580610046,2
-1.853182540949904,-2.0717983611555923,0
-0.33190648780806475,-0.028132124661517377,0
2.4771442199356297,1.2750281508245904,2
0.048678925782709576,3.643195200095767,2
0.5365171628266858,-2.566703743578119,1
-2.5705827715205025,-1.2258670460346712,0
-2.4657795654231887,-0.9037831299990279,0
1.2227187100900323,-3.4002364583267486,1
-1.7557919563550546,0.32109510304043903,0
-1.1165104651541489,-0.9078668550137635,0
-2.6008667183526315,-1.1377020042973125,0
-2.008146926044316,-1.3716174836201762,0
1.3324321276952684,2.431985030226075,2
1.2169025904085282,-2.3197538688734007,1
-0.6988533774485209,-0.6103676978678,0
-1.2062365764022212,-0.0029827445426068066,0
2.906575425292952,1.1766538202493486,2
0.6247456067500321,-3.4667276294095606,1
0.8108765873896214,-2.9686736604958788,1
1.2105157218874179,3.1903797068555177,2
-1.2282060404436759,-0.12516667902285963,0
-0.44331842045251496,1.7207712740521492,0
2.63195564949898,-2.767521311258467,1
1.3212444544598596,4.1395970103083,2
0.45535336057794473,0.19882767663360626,2
3.2709168146831726,1.495613877918295,2
-1.392831799799535,2.313808423869891,0
0.4100025143406752,0.4412188716192317,2
1.4407388566374326,-2.01950432617899,1
2.579727657615857,2.9110476526292923,2
-1.3008324423778943,3.213094652218435,0
-0.7341577267883996,-1.1477272710681283,0
-3.0682455443933128,-0.6929519983354,0
1.0057635252660115,0.24686666110374605,2
-3.1324446188703305,0.5359789832149555,0
-0.5793088668217937,3.400675684833339,2
-2.4749272708946846,-1.589052184328117,0
1.675091008134012,-2.5820311958765476,1
-2.3061216342599735,0.3313383794325062,0
-2.38503591269416,-1.738681357262858,0
-0.7546676781379145,0.23314128280283686,0
-1.2658633810871451,2.7445188135212626,0
-2.1138353053804058,-1.3508993601282535,0
-2.0235206028934356,-0.7921207722744396,0
-2.201513491706172,-1.635791618353203,0
4.511718883503623,0.8378075694062799,2
-2.263211612867704,1.2841492719170156,0
0.5332327289417824,0.1477778944974924,2
0.4092196413093309,4.078100624047339,2
1.302964167503161,0.10927544019174273,2
0.08577037579044523,4.066897385040065,2
0.5299211655416379,-1.0930945804183578,1
-4.069807902694207,1.9072720862599937,0
3.8460715454225762,-1.8389145639695532,1
-0.6886534129518282,-3.121386208345774,1
-0.9773734661006911,-3.1118207420867323,1
-0.447255127072663,-1.0669796741467434,0
-3.159045439758942,0.26944749507225785,0
-1.9612246851659823,-1.0527498293889346,0
-0.7080473680268834,-4.079275598613684,1
2.3154472161412563,1.2481143612762395,2
0.5127531968774063,-3.9334758948030886,1
-2.3934077653083135,-1.5566324228504862,0
1.9803091654308163,1.4081542953230897,2
-1.0935016236997552,-3.431771407165815,1
2.052354082653903,4.838843030743285,2
-1.1693377595976802,0.6533006662944457,0
1.0372488404859477,0.36650306538429694,2
-2.392091125399495,-0.008537176061926846,0
-3.7963719406226217,1.9429727119211457,0
2.261034826193838,1.1500255196015308,2
4.052754128437496,-0.7654953501462832,1
0.9758374286719823,3.607333671125077,2
0.9949073277126232,0.7316730812818454,2
-2.0288156698853164,-1.7450145196902107,0
0.29491986547082344,1.648254600279888,2
0.3741742711144145,-0.7684364082206019,1
2.305199304190989,-2.884371700753505,1
0.08279256062461228,1.1286572417667504,2
-3.6360014465820005,2.36918740187306,0
2.7176822462022825,-2.3535779744225374,1
-2.7826498724973394,2.7838049326461896,0
0.6031126522494409,0.09449394482018958,2
-1.7178470585810302,-0.6663564509802657,0
0.8886439154778057,1.4540713081643344,2
-3.20199841532388,0.5747858558899303,0
-3.550840026307408,2.0776346891386503,0
-3.017052272212271,0.5239323972947109,0
-2.125350342753437,-0.8826502107749408,0
-1.672111394941225,-0.6294571962073552,0
-2.0497394260682067,0.872198687897427,0
-3.9382565952790167,1.8657601795360634,0
-0.3904351996791386,-2.9554213080462586,1
4.514721520997396,-1.8088691979324094,1
-1.5262887777806824,0.30315870292705704,0
3.7359617050845486,-2.465228389741538,1
-0.21321047879662422,2.0541636883690133,2
-0.5409375356755561,0.884343475439257,0
-1.5513542062382564,-0.6504107571225487,0
-1.5593307684524962,0.19835941081423772,0
1.4569621442115386,2.117865078340487,2
0.7791234814392544,-0.10240966983373737,2
-0.9056702735602822,-0.00014894094048510423,0
-1.4467988096487892,1.8768915609645098,0
1.9546043056795435,-2.8126201960870567,1
1.0660543662879784,2.3024680388454253,2
1.7975373441019908,0.6142463714087358,2
-3.577075786961835,2.016042683815005,0
0.7552388246059406,1.3388100595110006,2
-0.6606561915840339,-1.8664874518688475,1
1.9890279701512665,-2.9860357208054236,1
2.3591682670164618,1.8856240914226299,2
-0.401024371386755,0.5749719989764257,0
0.3664494325572112,0.9078959580696248,2
-1.488059631911635,2.0665634733651683,0
0.784978217003399,-0.7690334933342197,1
0.16425926342657143,3.83974477643693,2
-2.4082893053877297,-0.14739422807779864,0
-0.29453639875748666,0.5194133125384488,0
-1.1443698211552509,-1.9447405762336076,0
-1.6404135370927062,0.7650280418708897,0
-0.5466359203660707,0.22131648527757336,0
-0.2892101035847804,-2.8381623394753626,1
-3.234598803664742,-1.0710766437207984,0
2.812025289445627,0.13160917833699978,2
-2.876030738031123,1.058745317399791,0
0.11385657202687872,-1.0221640642108825,1
0.47602395604654635,-3.4560611916227737,1
-0.9809243352408744,-1.4229275252574756,0
2.1604244330677242,0.6918166404269447,2
-0.131565550146799,-0.8496838500620153,1
-1.0201437146410315,1.5401502957211235,0
-3.1090868729370653,1.3240998598803309,0
-3.356208916516654,0.7114901729892751,0
3.089701538902543,1.5193502351626698,2
-0.12198201974447312,-1.4509073879979746,1
0.44882438933768937,-2.947400278034487,1
-0.8169175345026815,-1.2312187231770582,0
2.936120571620525,0.28750874121237835,2
1.8368529762184773,1.4346780119794957,2
3.572080187497943,0.7783731766798943,2
3.4006472077731744,0.6387296124946826,2
4.2857774908146045,2.465004598102456,2
-0.16674821380563193,-0.12365008323887142,0
-2.4500943979502354,2.185937323845935,0
0.8733963736070893,3.02952927826706,2
-3.473303753937463,0.40148576273722436,0
-1.2948780405766596,0.8301716928019589,0
-2.9860859740418135,0.02297055389872402,0
1.8838179178991112,1.277867442220176,2
-1.0284882898915104,-1.1971586905863445,0
2.8606886428934732,-1.4417405357045208,1
1.7992023533545793,1.2531798913263088,2
-3.3161968267947515,1.8144373961358362,0
-3.541346552830123,2.0599667326056497,0
-1.267870940286489,-0.1753222245563312,0
-1.3008646746442563,-1.4926916334899891,0
-1.2813677578522578,2.302622749015135,0
0.505631733101842,-0.63412108078229,1
2.4440336845911177,1.4863628918246248,2
0.04812246420801081,-3.915472120080278,1
2.127402544841239,-1.375032952086763,1
1.0685372474591133,-1.8976403838779023,1
1.6759421566345496,-0.5767627899748732,1
-1.852577584840718,-0.31535785394179355,0
-0.9099410533916185,-0.6037041322756644,0
-4.76295465569442,1.0375252830313593,0
-1.936663641519132,-2.2800265091555794,0
1.6969922213349466,-2.9038069799181954,1
-0.4756082437378846,1.0708960867771966,0
-0.5760341166243279,-1.2517568591429438,0
0.0463730162824538,4.140187249914157,2
1.9777509913235485,1.3729397950534943,2
0.10463805076490793,0.21270983630499937,0
-0.1974156942802321,-3.489935864406546,1
1.562705016593498,1.070245474022844,2
-1.8180270265486222,-2.0662599139198,0
2.2824601315952875,-0.008220856633968541,2
-1.6578002207125941,1.8109505601057965,0
-0.36203856321259004,-4.174619926065294,1
-0.31755094014717655,-4.055610917862804,1
0.14443615454657588,0.3729596592746208,0
1.2189606236821902,1.9549485432274238,2
-2.403994220562634,0.5645541477167,0
-3.42272669613934,1.075013908231396,0
-2.5216047625234967,0.8968311997245562,0
-0.8196882617195025,1.4652755727449236,0
-0.7199395638603214,-0.3007059587558499,0
0.7233265985509341,4.14865116232201,2
1.7444675442570112,-3.5744615272806595,1
2.1215645914404195,-0.33644784413554424,2
-1.6484812593763978,-1.5874132831907637,0
-2.314069917542833,-1.3794308630734964,0
0.12850217351568563,-0.4704913543757253,0
-3.561130896064829,1.996146668081465,0
1.3517126046174741,3.1612771326898876,2
3.2982028362725333,-2.019194145006371,1
-0.7125410125224576,-0.060217548890687346,0
-0.7447841523330526,2.431364633730064,0
-3.1139720860069615,-1.1545527330033127,0
-3.0382911632317655,-1.1209833571251473,0
-4.7050194229568705,1.5503722144599452,0
-0.6345912267789587,0.3277206604042877,0
0.14454565143777134,0.3184333921272714,0
-0.9885793520289536,-4.425877407121703,1
2.451453987306467,1.3250352838344057,2
-3.0522757617046654,-0.05760154874333088,0
3.1483003008503476,-1.3696173294939435,1
1.2813349163549692,4.584052239531317,2
1.5578315275457648,0.8952522920097439,2
-0.9120646745514673,2.228260672268055,0
-1.94987562765849,-1.4538822473965902,0
-2.1900217229487042,-0.5284874510284674,0
-1.556858572726482,-0.42847797340991917,0
2.152831128128917,-2.9494443159309025,1
1.7317435009623419,0.21111593110890725,2
-1.559867528419017,0.8135877986245373,0
-0.058312718706643736,-0.353060608232807,0
1.198809355325394,0.6377031489196937,2
-0.4978656614281932,-3.2826567917409695,1
1.3455632229564518,0.13193005959282542,2
0.9012359959360813,-3.4886841127057777,1
-1.2692028649502296,-1.2813969886788699,0
-2.6955048486649704,-1.0777773552653487,0
-1.6492764542958152,-1.8465242504200707,0
-0.5074232795620544,-2.9462541392704065,1
-0.07927749783660533,-0.4180602947573282,0
4.696043448125116,-0.6899144953423294,2
3.513350749365029,1.603570085631617,2
-1.540691733364244,-2.3822143848842012,0
3.798832097718801,2.411407868954236,2
3.9744802012743783,-1.855908787323204,1
-1.3723139310371535,-0.2518739405819286,0
2.3710953250885614,0.6814080481437876,2
3.2134159919164174,0.0661203677932765,2
2.06212603698444,0.12440725705722126,2
-0.7984605019301957,1.600430125817134,0
-0.682544554857759,1.3013352684258026,0
-1.1319012001872906,-0.8463706025841636,0
4.580373714228015,-0.6548449870499824,2
-1.6554554187992412,-0.2936395803502125,0
3.697695221957947,1.6603193032106427,2
-0.5612936931990866,-4.323270240614473,1
-0.58349699865804,-3.242519117788267,1
3.1604635871999434,0.8547441421744035,2
2.400227015177286,2.8057465571043347,2
-1.72024785018468,-0.06415038822743495,0
1.7794227997561263,2.9715938104905777,2
3.078087207640267,0.647594345783617,2
2.570699712559074,0.9187643965086133,2
0.5257451836720369,-2.8127122193004492,1
1.914171197119571,0.3610621799626015,2
2.5268131228427095,0.08430441777830318,2
2.0408100653008696,0.8349998866858411,2
0.17580039283484744,-4.126085608649269,1
-1.5234410706956174,3.1913277305870023,0
4.231260438752106,-0.2661400115249352,2
0.10098276630688831,-2.9531785178468195,1
1.8767835141954714,1.7779651554660767,2
1.2841234792189835,4.6166165095292895,2
1.179176609939844,1.1359642993808694,2
-2.4185986520688854,1.0228467311438787,0
-1.4522627702010396,-0.2668331542330861,0
-2.0465178947277964,-1.7219219328127942,0
-0.24984299610198415,2.8053547103196395,2
-2.689664720490859,-1.4905857988870728,0
-1.2372601515424448,-1.4799781766215805,0
-2.0716774908029567,-0.6853304154097515,0
3.522665554841955,0.43010241041953634,2
-1.8289470372035799,1.2201620072635473,0
-2.7185773325335982,0.07345171185869934,0
2.324326107983705,-2.460854869250284,1
-3.1216738034145384,0.7146383120778614,0
-1.9079173096333073,-1.103215330183428,0
-2.111711018095813,0.05841355052337697,0
-0.04638816468415009,-1.2387850719182623,1
-2.0320352094604237,-0.4257451912504721,0
3.0409403229762653,-0.9046197832393176,1
-0.42103432301203125,-3.8358369714455667,1
4.188946814269967,0.3844030504934825,2
2.647101951530828,0.4464959528872323,2
0.658998248446841,0.23860881853274363,2
-1.340884614642212,0.45613878397486435,0
2.0228913289900943,-0.3496084404149529,2
1.123260739751458,2.2753714501834126,2
0.1835723993840686,-0.6430977981116409,1
-0.9468988323526648,-0.3942605559328003,0
-3.1682412511184337,0.13144825890745931,0
1.4174668339076169,-0.1724573951622766,2
-0.4050785562453662,-0.7051129386309319,0
1.9443711575271156,0.8704838780716581,2
0.880363235690544,-0.2562530548776584,2
-0.7215655571453872,-3.0253235873141735,1
-0.15468995143219455,-0.2080959398785775,0
0.348530443362036,-2.654004523955308,1
-2.792076548889627,1.3284782887321287,0
1.3459824239815101,0.3369913604002175,2
-0.7767160487918405,-2.9163591525918093,1
-0.8513822278485167,1.067799950291282,0
0.09784098626254481,-1.0581639355610002,1
-0.30146988391668955,-0.3062082697093695,0
-0.3662772190559278,2.547870450906753,2
1.2926726514706477,0.7622151144640145,2
-2.5767232289397026,2.089890460393276,0
1.0825763368748353,1.224938193214346,2
0.6927019882782199,1.1831159636042026,2
-1.7712529475432892,-0.6972908537234125,0
-2.9684433409273128,1.8504806746591842,0
1.0107199865954144,0.630809829423363,2
-0.016807769079901103,0.7406511164766753,0
2.2851087087149136,-1.6565309297112798,1
-0.26691192282786974,-3.4877742905456275,1
1.4079448669965497,1.5072749858500964,2
-2.273860551942011,-2.331232089269066,0
3.178922564790886,1.5056429439907355,2
1.8979731109599551,1.108880809359919,2
1.055315840627278,-2.9389799769916483,1
0.06053505565196629,-1.3586914677814947,1
0.2195164260330327,-2.6123763460051994,1
-2.02446728717695,0.028721264099548866,0
-0.06227644413721904,-2.3260244514802837,1
1.584822269722695,-0.3463385758066265,2
1.7166797725892409,-0.15717281330470445,2
3.842583148196643,-1.4915551213166425,1
-0.8153357968485485,1.4048305638871224,0
0.8617850181881828,4.164799193801415,2
-2.3315760853294867,-1.755197056952418,0
1.1346015011130164,-2.1223447106428845,1
-1.1292344267540384,1.642982370170562,0
3.2935039373340476,0.6355203570850626,2
0.1684058916186413,0.7019221073180284,2
-2.0744979182310974,-0.2480566477761491,0
-0.578217456182055,-3.063135563973542,1
0.8053337524565608,3.0906496336669487,2
0.7945270364576661,-3.869695615574387,1
3.1693712174483046,0.4286807533675454,2
-0.6097196672479919,-1.0428346707259315,0
-2.161789880984235,-1.8970546732328304,0
0.5487107370911477,0.9294627265120292,2
0.20244022463403485,-2.401428800782468,1
1.0412579456969169,2.2260469903418474,2
1.7800539696632613,0.9268149556535589,2
1.1580498951922578,2.2645542541232073,2
2.570261323268789,1.1489937562615196,2
0.15700790574169765,3.6034265364660363,2
-0.4170757969494277,0.2509906811707804,0
2.6186610765701066,2.0157821794606807,2
-0.9430354513726213,-0.33864358703287006,0
3.495792919314579,1.1936251615174047,2
-2.3289584752868318,-0.36642973624971387,0
-1.3701501823125746,-0.1765685965479673,0
2.133752634486787,1.6619874544843432,2
-0.3277899331410213,0.6075184830994749,0
0.3003721872637987,1.441633637767218,2
-1.4625253706039207,-3.4709153893563673,1
-3.186098412570342,1.1518735636573874,0
-0.5805623554880256,-4.246891509966013,1
-2.637682359710409,-0.7973933982819427,0
0.37914937493460854,-0.5224530019177919,1
2.414540937573369,-2.4860882843736136,1
2.166987360304753,-0.6541112627488639,1
1.193205689821609,-0.4972893106009915,1
1.4760755815685256,4.315082410913766,2
-2.5629141008831535,-1.9626305948544214,0
-3.6427390859707,1.3568523198091982,0
2.6757038975622183,1.8913472791064798,2
-1.691645397778667,3.0285747736244932,0
3.380722058145988,0.16893161511824656,2
-0.3619235756882767,1.9219602568477645,2
2.41578907685246,0.282162662432152,2
-1.5628744923447337,-0.18985707967532497,0
1.0664448227701275,4.204855034489445,2
-3.602257328511636,-1.3384856337605162,0
-2.3913817236513575,-0.09902069593601322,0
0.5043484916528759,-2.907538856721809,1
1.8573361571934603,-2.6805918426172446,1
-2.2165270364234995,-1.925893901927283,0
1.8594000552683019,0.7086499944885376,2
2.7744925533223945,1.3007077887132188,2
0.34871773101992043,0.530528417520036,2
2.8820886445467546,0.6320241892028907,2
1.9643646865899425,1.9390331633978668,2
2.786155127363117,0.36533724873058826,2
2.89655888129153,0.8285616401578764,2
3.1869927324456206,0.9426301539871401,2
-2.9495697186148426,0.4710063561442461,0
-1.2845258951388048,-1.440697889571356,0
1.0894826187261366,-0.5645218011169064,1
-1.3273146649640453,-1.0321673225110084,0
-3.3200361227423834,2.452242453556465,0
-1.2412218359068246,3.203841503852692,0
-2.6807539514604173,2.786293622345698,0
1.788655032691679,0.7616073465321289,2
3.254434440491257,0.38694373695906825,2
0.7773609954073637,-1.0530558729612607,1
0.9930875313145465,-2.1929897189268033,1
-1.4456626277147973,-3.079915208351039,1
-2.007341593855024,1.0152240974720734,0
-2.4357755055849455,-0.620741851485421,0
-1.3669616518310936,-0.5244874438875287,0
-2.919453379395121,-0.4763915222870042,0
1.8311394616043775,0.8793945593658232,2
2.609026263495508,-1.6060926002733489,1
-1.5526983781222368,1.9057324596809153,0
2.201718430571606,3.1451806875564388,2
-1.6910206872167377,-0.17688349385311317,0
-0.22041546417951063,1.0661401719145382,0
-2.8785331530054727,0.7015961295823127,0
4.053759999510227,-1.8595408233378241,1
-0.18703019131102516,1.2086920232186653,2
0.2573531352552959,-3.6959718500897814,1
0.5719288978951069,-3.787101025030146,1
-0.32119244461916335,2.9381955874704677,2
-2.1588672979607058,-0.5781964954287493,0
2.502353744967589,2.7536625119485723,2
-1.3772016562646068,1.0865513443862618,0
-0.20251499521474814,-2.7438112512331454,1
-1.45882292283027,-0.9125146544261536,0
-0.26185571010556974,-0.2749080017365064,0
-0.27383407933669723,-0.8332628642764675,0
0.6635782145603468,-2.899923074764789,1
-1.78609039984547,1.669699474471928,0
-1.6667257471295616,-0.06384089778718925,0
-0.8844634132529469,-0.9011862156564608,0
-0.3824492198603004,-0.7121045852038204,0
0.5807490537233212,-0.9004143855684114,1
-1.6988411635913827,3.0425994406508345,0
-2.313304245614077,-1.5751691584608514,0
1.329920493201027,0.9406317781740506,2
0.38533145932457913,0.5356853378447262,2
-0.03969930276581559,-3.258662918983394,1
-0.7388229354856535,3.5407883353501792,2
3.2176477496221327,0.7085264767832006,2
-4.025286871724408,1.201892539827915,0
2.075992801748734,0.1315911065125402,2
0.10903044576125501,-0.14674440016780554,0
0.6053337216297349,1.0664031741410096,2
1.5116482780697613,-0.43749176098310544,1
-0.9760174307579526,0.048859796937355766,0
-3.5413197049362597,2.0955100379951936,0
0.39057895705851337,4.037113475329266,2
3.933192562397848,-1.3103112000388937,1
-1.980508766876866,1.8950207486428383,0
0.4471671970048918,-0.7726243187251662,1
1.7988602045609985,-2.110312886979886,1
1.3525082451814034,0.5605046415162543,2
-1.9003284781038983,-1.489612429996287,0
2.128846074971634,1.8454388038223197,2
-1.8395713759238765,-0.7146646341809019,0
0.046944076574026786,1.7741527664131775,2
-2.94796459847424,0.7167313644788812,0
2.5908620489482797,-1.710100148141013,1
-2.3956009643126017,1.5552762207139932,0
1.0892973961730106,-2.6664358272659143,1
0.9345170030073965,2.838993407966841,2
1.8603308922959507,-3.52398259868566,1
-1.7019191931197526,-1.0897046418120557,0
-0.9873426866631003,-2.7269703707446236,1
-1.9952420589504585,2.760612816009925,0
-1.354653120963583,-0.9905452430229931,0
-1.6831252265084369,-1.9595142551823652,0
2.1978899637325027,-3.3725305529133682,1
-1.5060546197850073,-0.41635482558121467,0
-2.827385431009727,0.19434210359969945,0
-0.3688239726366578,0.7105843213760678,0
-1.5383742386797084,-3.191184404620028,1
-1.6988955343673595,-1.5366970794286843,0
0.9764483969833707,-0.296873274240087,1
-0.7856915284032202,-1.3439417939568026,0
-2.2982244953907944,2.01185896271876,0
0.03733592023460684,2.0605391164103093,2
0.6299131112847934,-0.6858563191314935,1
-1.11576998135325,-3.717151160075223,1
0.769719922064034,-1.8588147941927842,1
1.5562309869836117,3.7447060024529204,2
3.3142439853184458,1.3838397111960197,2
0.187515133980689,-0.5420091153009463,1
-0.11880818271631484,-3.7682002643560804,1
-0.6558026303755974,-0.07097061006514997,0
-2.0133399462894355,-0.7480861106439978,0
0.8430142846262836,-2.6745114405653574,1
2.982415260656969,0.07300139247849577,2
-0.4674956666701458,0.4615365936886873,0
0.02285962089244834,0.6575226665450022,0
-0.330479600034345,-3.2610633711031274,1
-1.5279997203274658,-0.4465642352293732,0
2.604564529527594,1.6490395407907052,2
0.030513646109569567,-2.773341486975334,1
-3.199287528542233,1.4864927606216285,0
-1.718055796431842,1.3434780301715692,0
1.9579504875304055,1.2808613649498297,2
-2.3696963868047334,-1.9885554237401986,0
-1.1097463540041372,1.3768723470947788,0
-2.3112787216855613,-0.8327356465564715,0
-1.4049799744850142,0.6341952539550888,0
-2.776582606117418,-0.5926088842425641,0
-1.6035221284088144,1.9439702799877485,0
-3.3169929215166487,1.9727029400137723,0
2.1598649125300144,0.8768014089144287,2
0.9558975504915589,1.0291357993018502,2
0.2921835239485566,4.258425671684067,2
1.45053737739827,-2.9296531273255253,1
-2.396785246530838,0.7844409215086905,0
-0.3098724991863615,-0.6666197472461118,0
1.0924446511931798,-0.027425810261947122,2
0.3211069928259565,-2.1217142222061094,1
-0.05988495380946703,0.49981405708776105,0
-3.556811679221226,2.3790849866820634,0
1.4551201265047862,0.4183602667721298,2
2.9517711966161904,1.7637496358379348,2
-2.54934780574755,-1.1500189149698143,0
1.7320962038979788,1.420930133818513,2
-2.214151404502118,-0.4924832012725487,0
-2.89204499723769,2.4276811414139847,0
-2.063042967549864,1.5488670817642873,0
-0.9258894312964329,-0.040401107623249714,0
-0.22986250615552795,-0.18487256129537305,0
-0.18080564876290073,0.07942579469950851,0
-1.547707926576475,-0.24596084032620197,0
-2.1810012406164248,-0.27612752421306885,0
-0.04688456595304109,-2.867391517751027,1
4.7829985495888145,-0.7698880514997518,2
1.3697759113917547,-3.5091846848606436,1
4.51735060402124,-0.7042423149428269,2
1.2022246644705745,-2.5333808568689253,1
-2.2505748726312613,-0.3279489165934565,0
0.3551332643219001,-0.23670025616917373,0
-1.0711990283385326,0.3211376949781692,0
0.153122019688427,-1.0558264600703744,1
1.195890759892158,-2.191851081235078,1
1.6319409961335614,1.7854089806174445,2
1.1686725334207797,-2.4499499768828947,1
-1.7956121310492987,-1.6677206505117634,0
1.3179689702289532,0.2890861899519803,2
-1.0136288218568401,-1.0085533304144518,0
-1.0911812122602844,-0.8555221279919846,0
0.952199755015476,1.787715680801139,2
0.6230388645636716,-3.620002572760636,1
3.491531785701994,0.07803929397539153,2
-1.0915842353720246,-2.793105621037342,1
0.5067740937809365,-3.2580814336463737,1
0.875705445400221,-0.49248409382743247,1
-0.4879541366236625,-4.061892423136254,1
0.5665234553640826,3.209380928811636,2
-1.9396783052361715,-0.7623515908410715,0
-0.8228992137872407,1.7998232548648052,0
-1.8635316703500302,-0.5953322729864539,0
2.5330643578235357,-1.2629509804548413,1
-2.337434762284888,0.976120259278325,0
3.5900524657450195,1.9617343116472976,2
1.0844882120101318,-2.3685379013794754,1
-0.7382573755388429,0.010497155467384346,0
-0.4394568152162493,-3.6125219135301827,1
1.6430668691677073,4.683147309411053,2
1.5391299852470057,2.5078232231885886,2
0.3270545448471956,-2.3222829498965267,1
1.9078555833922204,3.5905248530728446,2
3.0893394283139055,0.87072053467174,2
-0.04342350933916587,-0.7431620441937864,1
-2.17271890296787,-0.7315281604345206,0
0.2709284748569587,-0.0028135831165842463,0
-1.6089422625782088,-2.101536297688999,0
0.00785054529771835,-1.4057810910594148,1
2.8426833033454284,1.8730297683923491,2
-1.8255892594108492,-0.4959970027200754,0
1.9100095001625887,1.1345929398582781,2
2.0857024799330315,2.6750363642268082,2
2.8869289641395617,-2.2457766097849405,1
-0.24794840148168484,-2.575664289681392,1
-0.3566890479722338,-1.260953237405193,1
3.4781895223631,-1.821392456975548,1
-1.5385835357452897,-1.867092652657433,0
3.231952282755034,-0.787888640853715,1
-0.6698552495264243,-0.028949127578517104,0
0.4010583200371858,-0.8415109903891536,1
0.47263110802530195,3.776243126395444,2
-2.250306592922946,0.3163538605413985,0
4.325719180849114,-1.1312259077821516,1
1.0880515629666352,2.8922548253604488,2
-2.6997086905154095,1.876988972540402,0
-0.9467323268298519,2.0143614616891226,0
-1.4514088446403544,-1.9784630145410682,0
0.23864492036540344,1.3352468893546001,2
2.8303592187502624,0.5188436191163919,2
-2.573975275211214,-2.164240086438869,0
0.608665415856119,-0.607542547391856,1
1.0037185966084594,0.36500020582076703,2
-0.9110055716509482,1.2525997777225255,0
-2.5704952410925546,1.3475439309811366,0
-1.8270681671916016,-3.1107578102883093,1
-1.6463770269368005,3.0844883581255664,0
3.315398909576732,-1.8468839493430016,1
-0.5160720891787778,-0.7287022989638027,0
-3.159770587986197,1.1938839654668072,0
-1.2889045916396815,-1.8749162566066757,0
0.3160169647871022,-2.7354584620393187,1
1.7250374901896368,2.4511267029768535,2
-2.651783235483762,-0.4293400455045925,0
-2.505581555967308,2.524287708613983,0
-1.0441475490104997,1.608429074734118,0
-0.4829272863924014,-3.6905574099011416,1
-2.1325769067246028,-0.3167326922727214,0
-0.40254775812203514,0.8766144609900319,0
1.473983645222543,0.6136818298687244,2
-1.1996062744810498,1.423047682943809,0
0.7780463215443452,0.677521316051814,2
1.3565133953175068,-2.0054014669719784,1
1.2396178200197594,3.2932038094852887,2
1.0490809631815974,1.2336816175979484,2
1.869811471199094,0.7277530698579647,2
0.1489874510998148,-2.604738758216011,1
3.6225528661991824,-2.2404602682920056,1
-2.0878661983660645,0.2703614976471376,0
-1.4541606871815738,-0.9480099302264873,0
2.9937219180297503,-2.3756677673879376,1
2.599370301767634,-1.7306413334954487,1
0.4849742250596216,2.7149315989348546,2
2.6107782484676894,2.76359664106929,2
0.9318351847370028,-1.8774260740911053,1
4.0190610914130325,1.0852509862332946,2
-1.9078804921082388,-0.7480571688761543,0
2.895215134699737,1.8254740967358225,2
-0.7719671147607171,0.023773859072284756,0
-2.5019903705940725,1.4484228400730557,0
2.4595227867920673,-1.3194620090319182,1
-0.6926731807892248,-3.2582402107892867,1
-1.6401002183820028,-1.6442117655902435,0
-2.507140457317181,-0.7617689903876829,0
-1.6973518498981106,-2.14939235503051,0
2.972910151231631,1.773817014226913,2
-0.12481866467689887,0.7944475664425377,0
4.985211162970931,-1.3358896925151877,1
-1.3575687066673086,-0.5588419860372084,0
-0.3195434496998859,3.362617264585569,2
3.49900290480325,1.7643748184980024,2
0.2789505933380636,-3.13024029515715,1
-0.5971479911823274,-3.1381674696397384,1
-0.3211611531611146,-2.629928762497319,1
3.7284690059122596,1.1780724315764066,2
3.1122071622712095,-1.9940682594264836,1
-0.0628120835412672,-1.745219622054364,1
-2.4792345895331582,-0.9373996335469728,0
-0.33043352237557055,2.70412323771507,2
-0.81626580068176,0.3308611336656101,0
-1.7055687215491566,-1.2091308695453369,0
3.418858617758731,-2.242399008794732,1
2.180343762205367,3.796559871346884,2
-2.139265462387244,-1.129548862797656,0
-2.153358914672169,-1.2279858811560938,0
1.5900426398118102,2.016833032267531,2
-1.6224110250299861,1.8814752824418501,0
1.7089189332707089,3.670537985880257,2
3.0572903530790074,1.3192887176193364,2
-3.62815444496867,1.204064089781618,0
2.285124163160397,-0.8053500066562482,1
2.0101677817221852,1.2593233122364023,2
-2.9266842800826884,-0.9779510574704162,0
-3.6180802018995553,0.4111459376738337,0
-0.7854624549471146,-0.2562446260420981,0
-2.4592208849872823,2.8690764645331392,0
-1.6491030597103098,1.753392268425095,0
-1.2192720608570822,-1.816109533517509,0
-0.06425185643053855,-0.6578553871697428,0
-0.18408724247795458,1.5622183967809022,2
2.065016121367145,1.1904315991238545,2
-1.9897761785459527,1.8383326111652079,0
0.47062340467903824,4.391628067443545,2
0.5099722310112131,-2.5219055778923742,1
-0.4322123885753524,-0.5739811279955997,0
-3.205334372968552,1.3918409247742694,0
1.0670808312312097,2.1534671077812275,2
0.871789277739807,-0.41233196940621025,1
2.033489814237413,-0.1804374638084312,2
-0.7814467568586966,-1.2676024862698743,0
-3.0805550370643138,-0.9483518581464638,0
-0.4856647412635006,0.5614811227131445,0
2.7426676041519493,0.8126315787771861,2
-0.20806144455514705,-0.1969191123218646,0
3.1194097618027596,0.6246727308782719,2
-3.152650525168233,-0.2784249812956548,0
2.5630260486475267,-2.398269921477616,1
1.1367158516467877,1.2528762617601212,2
2.0043799192203116,-2.074493433361205,1
1.8284353331793062,0.6596661414476743,2
-1.3642996262564526,0.048127123366310434,0
1.9700701082616665,1.0663464746403566,2
2.1511782558939627,2.8824979641824218,2
0.3370922177985775,-1.3166994937191336,1
1.7621152256067127,2.991689849224929,2
-1.8366846766273097,-0.5348121904433576,0
-1.9843333180514193,-1.9781596031589181,0
-0.15293458483248631,0.8361032923661467,0
1.5242336682642625,1.0506383483389081,2
-2.483974277932273,-0.5739412330780832,0
3.3591290457844956,-1.410375121445149,1
0.24747049860614775,-1.2112675912870747,1
-2.240778732178119,-2.069791192429454,0
-2.663924415018699,-1.4963577509309782,0
-1.4921957248390756,-2.1714341178411103,0
-0.44492249785424137,0.6680136573283831,0
0.2688534614923537,0.2105553395384749,2
-3.0055379584258346,2.6556547229018004,0
1.2663978202172514,4.224629688157557,2
3.0559830055775676,-2.39164888012312,1
0.0832548882207379,0.10597982146347391,0
-1.7213579167958735,1.2014245407174435,0
-2.773012251921375,-1.0485786067731633,0
-1.3314925776774744,2.958339075771674,0
5.007324767019738,-1.6387880729533397,1
3.337650437962469,3.0717345646190517,2
-1.7184152141093243,-1.1881864633803334,0
-1.8235237009700445,-2.1090459537127706,0
3.177910364851867,-0.03611249966480224,2
-1.9129893847215969,-1.0033312384527744,0
-0.9601791279693973,1.097366924205728,0
-3.803208712811621,1.940239489563673,0
2.1639339146014795,-1.4366739006209521,1
-0.2884501964118744,-3.5981783196102928,1
-0.3664864007307164,-0.2055616538544574,0
-2.4392857433910966,-1.4804671049750984,0
-1.7627768469662726,-0.8661613705698035,0
-0.012756743249776976,-1.5650912670944612,1
-1.7011636827534804,-0.4628462456973683,0
-3.1879302137709056,1.729701054421733,0
-1.4759392325300598,-2.111135064008515,0
-3.6144629452023596,1.5003825458338764,0
3.424399433710165,-1.3290831268587682,1
-1.3833786054457506,1.3675395271457955,0
3.6418871106913278,0.6859748444331447,2
-0.01404117049847216,-3.368892135979176,1
-1.8426734644874028,-0.9917823421899978,0
0.18986908532831798,0.39292564685543435,2
-0.8787961714277835,-3.4379670213927205,1
0.5978558869836645,-0.23729823173370246,1
-1.4919556152924767,-2.2767548999414844,0
0.5959366229600829,0.7795564534657264,2
3.3758728767652006,-0.971066188447039,1
2.3079411871916045,0.7238443967365268,2
1.6436454028000882,-1.0198595044784124,1
-1.5259087152132227,2.6948098490924486,0
-2.338439854924692,-0.9008047087061998,0
1.045194330395851,0.241272429340743,2
3.1067688577644104,1.674597003662737,2
-0.9341682219227333,2.4982449658094894,0
3.1281495093611835,0.24272927880217599,2
1.182565172029944,3.053592594403097,2
2.500492593005819,-2.1271669378070692,1
0.9100075468171358,0.6563083170139975,2
-1.42196142394326,-1.9415428906583065,0
-0.4112377461587451,0.9468642112443837,0
-0.948839961696365,-1.9107234375826105,1
1.552432624594629,0.8516900221002478,2
-2.621553132514217,0.7673925709814942,0
4.12277834042119,-2.0617467644824687,1
1.4057330243913346,-0.7618967976167836,1
2.243562210190863,0.9386777617486776,2
-2.0841678944745934,0.8864315098467785,0
1.1589027129747222,1.3255401106030966,2
1.7120431729280123,4.957247310105096,2
0.539742431791523,0.3192147548058386,2
2.229337418503938,3.247596465393555,2
-1.0974978890101752,-1.04009614035664,0
0.3863988140676154,2.6069400896374635,2
-1.4964567882613091,-0.8828080763809025,0
-2.2855242214107285,-1.3419646553540983,0
0.5799704878909427,0.7942352903640547,2
0.08295660651211781,3.6826039624235904,2
-1.063881861534421,-0.920641736341219,0
3.6677415210171627,-2.650545582317496,1
-0.5481133571294006,-3.4519802948497706,1
1.4109022117639636,-2.7844209159807374,1
1.2978352333086882,2.0719197606890876,2
-2.0934254867853843,0.39625977440527005,0
-0.674273927990169,0.5237366630115163,0
0.4439916413066623,0.7632231080466235,2
-0.5750179207788542,-0.010625191814058528,0
-0.13250304953792424,0.4015072792953514,0
-2.13860903082495,1.269335208424005,0
-1.0130122894928812,-1.396374500916015,0
5.009141921906111,-1.4932679354109275,1
0.5213858964615539,-3.269840631651224,1
-3.4788893085280646,1.1419518416048098,0
-3.0349444036029865,0.23558718808466927,0
-1.7409527448303352,-0.8893600477355846,0
-1.0010488437581995,-1.7158567248961134,0
-2.659081131922101,-2.0203054496405595,0
-1.0340157071361,-0.2576766169304947,0
-2.353874072884131,-1.0661716989926275,0
-2.9731114111019616,-1.5519701336361633,0
-3.787372295015176,1.1641331417856449,0
-0.7480377325561536,1.7871418994581278,0
0.7229109160543161,2.362020591237887,2
0.8100997760147721,0.08440419541704354,2
-0.2891865298542607,-0.1034475383285715,0
-0.6343903075745739,-0.11004244519433228,0
-1.740017209606111,0.7655627415594982,0
3.721740274330854,0.2663559261377913,2
-1.2908902166350997,1.5601904627865526,0
-0.9278582203375125,-2.9203504811202885,1
0.07984868860922557,0.5590896280353279,0
1.2371314143534928,-1.9492768791816737,1
0.5281370221248413,1.2506103459925675,2
-0.41119226077727494,-0.6358915073172784,0
2.8836385878511663,-2.2778013543403284,1
-0.36056297263800363,-3.583306267238139,1
0.6011706757867782,-2.720622742672445,1
0.5413987861521312,3.08981389089236,2
0.16493014730927721,-0.6403201335085159,1
-2.2282476825813573,-1.6084641936959334,0
-0.11638420026794415,1.9855469590553179,2
3.2027397221876384,1.9675788455790615,2
3.12286794674423,3.1590154469428393,2
1.5098586400985574,-3.076750627128529,1
-0.2402347322889894,-0.043577160375236824,0
-0.2945392166925007,0.9324117422634107,0
2.945888491321122,-1.1437893798488303,1
-0.7172258215176889,3.297197235692495,2
-2.039619700889418,-1.2198444036019205,0
0.6754256599187216,0.16253466890784843,2
1.764229782834691,-1.7175893481399371,1
-0.7535576547492367,-0.5021138996948832,0
-1.8977990646833114,-2.195603218473604,0
-0.8120895456018511,0.3692956081850882,0
-1.980562244344377,2.768203459951851,0
1.0900695296286222,1.316543744186693,2
-3.457200249144031,1.1153603745595464,0
-1.9675386293244217,-1.2586957833209016,0
2.8593328768459014,1.2668775381024953,2
-0.7040023091320304,-0.5419764914429481,0
-2.1178628971712588,-1.170026237055815,0
0.600252663266695,0.5022620905616136,2
0.7513058719106607,1.0333695199404596,2
-3.4367175622376687,-0.9333298397522771,0
3.0926351576613715,0.5734222514341181,2
-1.0857219156082711,1.5262006951275071,0
3.2869091226596066,0.3776774978564634,2
-1.8576357538243702,-2.229283955903591,0
-0.39268371159651677,0.48457572320242803,0
-0.4280923173831273,0.7982254078479964,0
2.8325025440918314,2.8921155995967136,2
-0.08572166798093823,0.05017750273893518,0
-3.35184037030791,1.363476419999754,0
-0.061874515667919565,4.208018754456537,2
-1.3194750075372839,-1.5518794326372842,0
3.329333331415751,0.7490484877262775,2
0.06599675066603589,-3.7423396064701433,1
-0.6401453946829518,0.8959594419463,0
0.046898968558614564,3.5019803265942895,2
-0.28767703423257784,-3.896394132851942,1
1.3241660267354607,-0.474898380329631,1
-0.46922642376699686,-1.3440022472034643,1
0.7321267446341478,-0.02038378000647603,2
-3.05568765562568,2.1122523264654873,0
-0.8511787965832784,-3.954831541563713,1
1.1198139610729156,0.23853662953441765,2
-0.659911445083609,0.23948651184413064,0
-2.3604030424220883,-0.7694362981948565,0
2.3144395858703173,3.20220127231492,2
-1.954014343115149,-1.3797090145785909,0
2.294021916203063,2.599591843226752,2
4.561243775113728,-1.2588541950169976,1
1.1659136532296448,-0.10381807280285874,2
-2.4285356611152604,-0.7361833392588405,0
2.5984963683584437,0.558616976968842,2
-1.3128451627596134,-0.5597909311680769,0
-0.6929501350189321,-0.5421913125961034,0
3.998945293253814,-1.6687689661768619,1
-1.612686667037159,1.8128434163685632,0
3.0147948551780135,-1.4296770156752274,1
-1.6171616911309392,-1.6090974824454312,0
-0.00727132609020574,0.2272197611636527,0
0.8738326618118742,-2.2155841143955244,1
2.129046973729338,0.5816780912986859,2
-2.555396888548601,0.033149823862714416,0
-0.6280065067252311,0.32991982808720327,0
-0.5754384171754536,-0.4780281781244169,0
-2.198182239576437,-0.6132762472655225,0
-1.553217678253514,-1.7377169980317158,0
-0.6564381778506997,-0.4676537764820399,0
0.5609279657358371,-1.2953353212178367,1
-3.3705397739762626,0.7181226699752667,0
1.1841009334521146,0.928006457512276,2
-4.4760432441965525,2.012736104559701,0
2.420712137306324,2.6891373910633862,2
-3.8138487281449445,0.8009405742716044,0
-1.8364655272674792,-0.5910975000939243,0
2.4221946508505394,-0.1159825186807588,2
1.8287233097561173,-2.7718891022943244,1
1.0092566576555537,0.766582631869776,2
-1.6773739943883998,-0.6511906282449418,0
0.6523932684573627,-1.0452864050256374,1
-2.67562813086638,2.198920159504452,0
-1.4907428484628034,1.9335638962584971,0
-0.48099204234870885,1.6471301287195472,0
-1.6859542278892383,3.2056222832224144,0
0.9804890311072528,0.8958918887902237,2
2.0020770241827504,-2.831265223510549,1
-0.4495870863858249,2.269977241813202,2
3.517588995534126,-1.93640385148408,1
0.6792864083724491,-0.21181223111024397,2
0.29810752071340463,-2.1334536355275264,1
-2.2276211903679486,-1.3630263630529007,0
0.7828028308288044,1.986239766568667,2
1.9827225563294935,1.7849262208244316,2
0.6937961268669759,2.6840779769550287,2
-1.9925674435212102,3.3636059650682655,0
0.6768698022847365,-2.525641410142901,1
-0.3984838672211534,1.3040129839534171,0
1.3213056087871013,3.0294550507264315,2
-2.338176848608154,-0.36558121973083324,0
-4.468166753520846,1.6714117830488369,0
2.140742740451603,3.283474082604292,2
2.4917590422704365,-2.7058638512973565,1
-0.23454645334423607,-0.19900218514841592,0
-0.16455759524920194,3.308654484015671,2
1.606723367259478,-0.28268194452480083,2
0.07505881898082901,-0.16358730030874288,0
-1.4859433085860516,1.3285995617717397,0
-1.153220428897604,-0.4552039170663497,0
-0.37676923498281983,3.685247353371523,2
4.073893473850834,-0.8588977846045424,1
-1.4266825131785787,-1.2632738553030918,0
-0.7220172972311679,-1.7762306727942416,1
-0.4521636169474283,-1.2762421090777671,1
0.9127801411669748,3.2025186525809812,2
0.2616114432648033,-0.8071094447794986,1
-1.940157890383437,-3.64007140785695,1
-2.080895452114115,0.8900270738555823,0
2.220938402730578,-0.2831183243781468,2
0.03728226371804309,-0.7295777175605598,1
0.07805577952649292,-3.0091587488302998,1
-0.9954508712905487,-0.9308178958406906,0
-0.566156785251483,-3.7405359763060932,1
-0.5431036449245638,-1.1805511134137578,0
2.8300219671796816,0.40797439120380813,2
3.039041533481713,-1.9295210478431812,1
2.1719867125600194,-0.3402037396985832,2
1.3974239361858676,-0.41118948653085935,1
0.6544206376643491,-2.3956539386656366,1
1.3144435681298186,2.561277562813008,2
-3.5168329031195715,1.5477891032362376,0
-0.6667253583281325,3.5564197545042777,2
3.386328319615818,-1.5468350709507277,1
-1.6322887954326517,-1.1097906645620952,0
-1.965603888507708,-0.47861947348487355,0
0.27244538576017885,1.4387529251830107,2
-1.7100663361216022,-1.295011549711283,0
3.1887317793403107,1.3073388961809929,2
-1.6135854877865565,0.6313631886519921,0
-3.375269619463923,1.617594262098764,0
2.9208813412472945,0.40880135556142816,2
-1.667318711772025,-1.4978112818717164,0
2.081352985188785,3.5444085260057916,2
-2.3455224450350176,-1.1623320901541574,0
1.152701119577608,4.513842773367788,2
-0.19196722269733077,-3.4687893733286184,1
-3.597830293205572,1.4534881062253127,0
-0.8090339674683638,1.447073844081703,0
2.1992504886279263,-3.1057717100590674,1
-1.4732973442171502,-3.3212837971632583,1
-1.8761675567506395,-1.1894999000184476,0
3.2969743645438143,0.19852780650250199,2
1.4115452633976708,0.9732846765189557,2
-0.2208111089640873,3.40660145896688,2
1.2509099961917876,2.2039248117835144,2
-0.13208357594877085,-3.6669948585131893,1
-2.348450261633643,2.130883542433134,0
-3.227685805204228,1.7201357316017605,0
-3.8502178678396737,1.0556860841969156,0
2.1391066003744497,-2.0057858376296798,1
0.517872978839369,-1.3859567529681216,1
1.5674743670702265,1.3255621820424965,2
4.117195086310482,1.0252833379764699,2
0.9415808369192177,-0.5020191498279707,1
3.4177063749310532,1.240260189806469,2
-1.4039433696227637,1.2665601030349438,0
3.2432608602909045,0.3886381977407265,2
-1.5192858500311401,-4.26445320825801,1
-2.7552479466436397,1.7200956270836656,0
0.3730827219713517,-2.469252350963368,1
-3.40514235507921,0.02589149810212165,0
-2.7979121203248667,1.4582367498130218,0
0.07241316567785856,-2.924874307851245,1
1.5815043635866017,-0.7905303688564478,1
2.79729671488958,1.1672400692517237,2
-2.5104910397283358,-1.6790757603931126,0
3.6360238109222323,2.2825816493260582,2
-1.776569863079921,3.131114956539632,0
-2.3700745764404068,0.6677662283253443,0
0.6370904547922166,0.418863859025512,2
3.400307918776389,1.8449508034468673,2
-0.19532291631682752,2.8738148450258896,2
-0.449808934000072,1.128717470593565,0
-2.0886133126102644,-2.0525415624994294,0
1.0102326062967617,-0.795220471974402,1
-0.8445117268775455,2.6405718486978405,0
-0.5617660046199986,-1.7624844513806768,1
-0.9317665103806473,-1.2625193418960114,0
2.6601824304139012,-2.3334299645106644,1
-2.3723963416791762,-0.3198305030205136,0
1.5562711544462269,1.1625293495699487,2
0.03078351533371609,0.7391966616106622,2
-1.295754351914542,0.42446970825663694,0
0.4254935754259571,1.1415922496417312,2
3.3527816317403953,0.6931838783971594,2
-0.5693010482727905,4.037829673986085,2
-1.5061152480257884,3.299246389997315,0
-1.030569808852501,-1.8319876570123612,0
0.023339667462054677,-2.301685880101107,1
-0.06984612367533453,1.2374560921085795,2
0.36076213075595787,2.3670642564565423,2
-1.6570949854878463,-0.6192124830439292,0
-2.6460046423744767,0.18407178507987218,0
0.5463775691074815,1.2267725874104243,2
0.6894963243818526,-1.7864949156407866,1
3.134308870670713,2.161180198245386,2
-0.1464230976594378,-3.0978855774452314,1
-2.260176327713438,1.604102167412795,0
-0.11157462208005156,2.8963574721523817,2
-0.09626598883738506,1.4448974733245716,2
-0.6835224914964071,0.4337238518823408,0
2.591508556174138,-1.102796194710816,1
-2.043974980641067,-0.40847865416764595,0
3.9244708228958154,1.7939126337137066,2
-0.07883261147322121,-3.910382035209602,1
-2.348546853505514,-0.9773690003571186,0
-1.1037178426866179,-3.7598747297180575,1
-0.6034588473704745,1.240241231450331,0
-2.679319054442062,-0.7830406273098427,0
-1.8424483788536044,-1.2224399447188277,0
-3.74667679794941,1.5544263424427613,0
-3.713348719867977,2.1020661075222966,0
-2.620311939187853,-1.2424069396634212,0
-1.5212544381129611,0.6811482351112377,0
-0.9082064396215483,-3.3798065001663686,1
-0.8805402506470024,-1.5592726292547268,0
-1.0888399963146114,-0.19510852481374097,0
1.844048549283822,1.2598140531673454,2
-0.3518034608167341,-3.6522180390800845,1
1.1138453497556742,-1.004206174529904,1
0.9434858427156115,0.6846469661317757,2
2.2515787163567804,2.718314949360667,2
-0.07859066894579184,-0.786587867849315,1
0.5727081872265332,-1.9882834901438078,1
-1.5005054930956057,2.1157044928677764,0
-0.9685420539324389,2.0117488602091305,0
-3.0829657118682734,1.160798544830625,0
1.8997193690450533,-3.2539430652258705,1
1.7366555524835425,4.098762091913365,2
-0.07377410825200728,-0.08144126440329301,0
-2.711523251822535,-1.498679846509555,0
0.7608638611075608,2.744950706952904,2
0.7762674334204424,-3.704144204020508,1
2.2691772025324464,-2.793106230231602,1
-1.0517706315772677,1.5487664818383,0
-0.6881270580349119,-1.1247980017584203,0
-1.793425346242472,-1.0699897746660172,0
0.5214692686137743,2.2417640672785626,2
-2.6954018542625806,0.0051717952588978345,0
0.7145556363731456,2.571428696449881,2
-2.172045588092741,0.4820119068849647,0
0.42189536884389683,2.680561497810734,2
-2.5344414896814187,-0.1696079428784046,0
-2.3968311827604163,-0.2990632260130708,0
-1.6999555020558474,-3.25876702729567,1
3.2504596073525382,0.29397796776851887,2
-1.1975243885681548,2.094712633957604,0
0.49603565637574143,3.518903969002842,2
-0.6818546032592296,1.6263579294810802,0
4.108442982172942,-0.4471284087806806,2
-1.376574535629472,-0.6961854071886829,0
-0.6141484688361334,1.8263174680204788,0
0.37130839206294225,3.1252886912090108,2
-0.8258415392128886,0.9706070218439915,0
3.506652152789751,1.087889466132503,2
-1.3457925482147448,2.3953122098303887,0
0.7023408138593917,3.4056342308025815,2
-2.0625348599160396,-0.9481979330665484,0
-3.6464956674095945,0.8386597038929772,0
1.92125711040392,-2.161389960129857,1
2.524665110414128,1.5236761719072567,2
-0.889522022345039,-0.35306421938179433,0
-0.3571768089657391,-0.17335187161932714,0
-0.433119086856361,2.9884333579751723,2
1.9403510872407006,0.9348374015106127,2
0.3575871113662892,-4.30802711469017,1
-0.2575790188525475,0.3768586441104262,0
0.4956733616941931,-0.583826453618873,1
-0.14838028933736458,-0.7412159043615238,0
1.360299784870702,0.08817404400722612,2
0.2597305105552272,-3.9816178403632487,1
1.0200581967493194,0.8671369645784703,2
-1.3460115466775213,-0.30556834165995417,0
3.5930469354034145,-2.4813286026075096,1
-3.123820741235893,0.29509468831606966,0
-1.4903129933303971,-0.28715295718046197,0
-1.1381574124049292,-0.15966339238627472,0
1.8422204298642397,0.7349928934121576,2
1.4125611255694446,0.5509763297496727,2
-0.9994668825611641,-1.003683793601333,0
0.8730050968132895,3.5589880494699426,2
-0.05462040340011386,-0.14160317971140152,0
1.9163538666402211,-2.60620575874571,1
-1.350366831964107,-2.891198013967369,1
-3.5133863016268814,2.4559041934388652,0
-2.5108942037277613,-0.19432337114980777,0
-2.2483036577184947,-1.0308034772096923,0
-0.09272205357106693,1.7508990988391642,2
2.400836920926065,1.360624711007822,2
-1.5169952563435347,0.0794852822565042,0
-1.2227601070672838,-0.38000515614460173,0
-1.3976649633865559,-3.793368328745089,1
-2.9190448477622755,0.9792472407857815,0
-1.973843285610638,-1.6025735615143355,0
-0.35720091801923104,0.8264538487045383,0
-2.5579548004875243,1.6622837389572394,0
-1.693342916801624,-0.08533445846321852,0
-0.5783187785364566,1.1761714687774274,0
0.857180435387195,-0.8117580029866063,1
0.15988424369054716,2.613373804672247,2
-2.1101879367456124,2.0009147946994843,0
-1.3261691724341493,-0.9366011008337576,0
-0.15747844699215313,2.4107859431734413,2
0.40879121439514116,-1.4572096037009563,1
4.376339538318848,-2.047624521788668,1
-1.993738051464839,-0.5987454737885441,0
1.0884283421332936,1.8055953502896598,2
-2.7203156711120577,-0.4847898533492126,0
-0.06413190368524659,1.0090086986127238,2
-2.2345732338511404,-1.691567775540854,0
-2.710865828148249,0.5135402102216104,0
-0.1392653938065422,-1.4413882007687804,1
-0.137545101209859,0.1098289332341437,0
-0.6251949857568503,2.221396108347804,2
-0.4848200135104985,2.104687928119701,2
-1.4160176412424281,2.9214655127546596,0
2.3515334504143617,0.1943350226497783,2
-1.932263070231919,-0.19883834220878882,0
1.376980532233473,1.0228552184851611,2
0.9180105106462617,-2.6267446977170814,1
1.1011211752987928,-1.896987895348291,1
-0.4761457505062785,-2.5514204981592865,1
-0.6271290524844196,-3.4016388615214654,1
-2.114958488417482,-0.4562548059570497,0
-2.6300596403335392,-0.1424051151301666,0
3.0927264553127842,0.932726745151026,2
4.878490787342632,-1.3013881401597742,1
-1.4434856455780205,1.2271575994044326,0
-2.390255055453402,-0.4775637480273998,0
2.913328229186923,0.6331248432789122,2
2.715712344870718,-1.991575745107575,1
-3.6864677125855416,1.53103213478532,0
1.7897840095941244,-3.5660033918181817,1
1.1334958919107596,-2.37817377588665,1
-3.4235972551809772,1.3960020031870386,0
-2.1848837599033253,0.8887417887626855,0
-1.5031762544186054,2.3186401424093295,0
-2.686758937962935,-0.8697943091816382,0
-3.8143672874499233,1.8976228718631434,0
-2.5762440207998996,-0.12987242809398655,0
3.1614484090600685,1.3034715782602009,2
2.8907042238232195,-1.445457063443003,1
-0.4529515340761617,1.3276961189952523,0
-0.5582278555720581,0.7237295742064783,0
0.41770050537165726,2.4273280715845917,2
-1.4104511009322405,1.650711925507083,0
-1.5055090155276962,-1.3331335479706223,0
-0.1773540138240744,2.006876227516648,2
-3.3043202584147293,0.7765742701402014,0
2.199232296069128,-2.480230528309066,1
3.799658372183193,-0.6083449306558912,2
-2.466468687215443,-0.10325627186186123,0
1.4070397912585257,-0.26826382109891456,2
-0.9447160375318719,-1.0771016386795955,0
2.9234022429376876,0.504505823128066,2
3.177495498946989,-1.8161271881301608,1
3.221477935654018,2.3485019647489573,2
0.3076281081939539,1.9377587512565486,2
-2.2434264941892135,-1.116229499446443,0
2.8985378350910924,0.9768957244087577,2
1.9740049638373414,-3.400961160132504,1
-1.8352825375184119,2.5426346817202594,0
-1.8772915317207335,1.7944921875955846,0
-2.3332367099645563,-2.0477640466839926,0
-0.31885629263749227,-0.32287278815903303,0
-1.3311207708640185,1.3426706957214951,0
2.0995516853569445,3.280124014990983,2
-1.2773336461347633,0.7040868144343566,0
0.533292421693509,-2.325967853771392,1
1.3342443143219334,1.4281059113647188,2
-2.6371600446266195,-0.982025069138262,0
-2.4373709863472364,-0.7473014546242471,0
-3.4123663270353313,1.2464411870725092,0
0.5491293013585513,1.26103051307293,2
-2.8562348792762844,2.0396903416076753,0
2.385646275410587,0.18476967559828694,2
0.49771020185469633,0.5021874252194889,2
-1.8922644973512162,-0.3453207002160638,0
2.414383606335415,1.2210953716458375,2
-3.7638353783348464,1.8413851387278988,0
-0.04530838661989359,-1.632180363000267,1
-0.125896743479154,0.11739149792219847,0
-0.2439534527938853,-2.7931957956170788,1
1.7253929183713166,5.0667599373986185,2
-0.9597549712233612,3.541610305734279,2
1.228661021047375,3.697703346937474,2
2.698665294613121,1.2272429176480715,2
-1.2388429820367572,2.8775870014614475,0
2.7900452548203134,-2.4024318637162043,1
-0.015990746664568678,-0.7894312005531744,1
3.6286783701765257,0.9770742801609364,2
-3.9905341057183787,1.8480218646570261,0
-1.888463233115432,-1.599371821572102,0
-0.8214335116395027,-0.8304768370383404,0
-3.6760445668223265,1.6800582973926461,0
-2.026383464639993,-0.005828956162761312,0
0.45516966648615786,-3.7847718492675337,1
-0.576103572278599,-3.481847974349918,1
-1.8964149792440816,1.032817151297946,0
0.2050693304158289,0.015253845212356948,0
0.6325620741010637,-2.5261280706371885,1
-0.567317230260303,1.2048393749301032,0
-2.891554455852609,-1.081327660865034,0
-1.3329180270593823,-0.007670157869077185,0
-1.776493448542803,-2.121323195545387,0
-3.3140939153873497,1.3161032778724675,0
-2.6082316318230827,0.0767704359256792,0
3.2010984031940617,0.8908761183828905,2
4.246016815660673,-1.235091433175652,1
1.533669553943015,1.8807150669968842,2
-0.45091209384016356,2.893943852596341,2
-1.8188989307902275,-0.21454423979124504,0
2.761248459259204,0.9664486416365675,2
0.28898996164210333,0.1748292600409329,2
-1.3173688958745053,-2.7779347793561198,1
1.5954388058819262,1.408481610122437,2
-1.3733099263385387,-3.10486437946596,1
0.8858154601998265,0.5634088764480653,2
-2.5264042600545267,0.20096083317527086,0
0.05752375124062657,-3.9391181909941206,1
-0.5668418852992413,1.437743089337743,0
-1.9411584748850663,-0.973966012862396,0
2.1727860355549384,1.6629101893924572,2
2.2805216092698783,1.070359150438887,2
-3.968554469769486,0.7441148231276054,0
0.2827494475016093,0.9128742541080869,2
1.4756093416578773,-0.5614803313406131,1
0.8177623234007546,0.08262098798458577,2
0.015600727277851147,1.2032948064689781,2
1.6162109158085118,2.17825808608039,2
2.9083019738946945,1.5076561661084233,2
-0.9216917723686073,-0.5635888676362361,0
0.828479051688437,3.859454456462397,2
0.39307130829356396,3.4782125599465807,2
2.0887716655150257,1.6623680113236332,2
-0.5364305746000603,-0.45147886597019754,0
2.038492026960982,-1.5452700062767515,1
-1.8371803446779345,-1.2579268143428055,0
2.259601014557774,0.7099058746224762,2
-0.7059864034890652,1.5140617078214493,0
-0.2796865209282662,1.4414181432070832,2
1.3433261705058657,2.789993913458446,2
0.9749650967661123,0.786283963817963,2
2.833021630456254,-3.210434274596961,1
4.461209060357235,-1.9964134047287179,1
0.5046916501235781,3.0984748976390613,2
-3.482188580061151,-0.04277858895460916,0
3.25681398801571,2.0007711158670767,2
0.558902984879272,0.7068032943909138,2
-1.418027061174452,-0.8398384979593777,0
-1.658283438245382,-1.1049556901203985,0
1.6244233727809252,4.213727559543983,2
1.5661725524368504,-2.8460956143665865,1
-0.6073292123974272,-2.5783240622850694,1
-0.30031499993589394,0.3968278945106463,0
-0.5124460758318663,-0.024895725233662222,0
1.3979836709973803,3.676272368731514,2
0.5501193812485022,-2.3929729135385354,1
-0.5268433301310967,-1.1622838568813472,0
0.4292113617827675,3.243932723404017,2
-0.9876747787654586,-1.128551463143425,0
-1.7418159601184786,-0.8917901064038183,0
1.2690409423910283,0.8667810311896574,2
1.8596279069796622,0.5865258401253466,2
-1.1077987530648081,-1.7623910570959944,0
4.571931550942345,-1.5447122765335666,1
0.06093737294307078,-0.6577692896133753,1
-1.3367146772141132,-2.0444031676354757,0
-2.6244906365036766,0.05580299756228398,0
-2.485728414092787,-1.905278440214889,0
-0.9620380235320094,-0.7227239071693382,0
-1.968123459160932,1.6058908455905763,0
-0.6206409026533715,-0.932748410253448,0
1.167506147495788,-0.6558003757426338,1
2.0639111305513294,-0.24465563671110402,2
3.755810466675015,-2.3836765038242187,1
-1.5891679732600474,1.1748557512563276,0
0.1320461456084521,-3.7325077146987042,1
-0.3385707787586908,-0.1314692987746185,0
-0.34589820630515894,-3.2696040406860343,1
0.5638605366650117,0.8034122364180655,2
-0.18801274042060878,-1.5110367958157418,1
2.2229765651931825,1.4620453447559212,2
-1.70824776654533,-1.46979897772744,0
0.9284556292666604,-0.6790498009463499,1
-0.6595657050367557,0.35221036906381076,0
-0.431535756091111,-1.5213367323631406,1
-0.23936498707343593,1.2699490947938699,0
-1.7503288434529287,-0.27909491836494627,0
-0.8192864978650523,2.784619919892527,2
-3.4143105621001286,2.150987189217999,0
4.037372626610134,-1.939486696216835,1
-0.8226248227049348,-0.256872610433688,0
-0.7912340646655655,1.8879005816882521,0
-2.7187262447418554,-1.0702156542190664,0
-0.5719524516917346,-2.932803439825376,1
1.752477259144527,1.6333597832865008,2
1.9541499993943567,1.4786232997299262,2
1.7765651980846335,-1.65097351304316,1
-0.8080632623625469,-0.35457851589670564,0
2.0633249287207134,1.8722828934364033,2
-1.6485146949828973,0.5611062675937609,0
-1.6592319044425548,-0.5307325806937523,0
4.295339348016983,-0.7110294498765795,2
3.010297200184459,1.1684122898221225,2
0.5994438210180911,-1.9061984342797584,1
-1.0025435550562254,-0.6412523296029392,0
-3.9493374346257015,2.067307752561917,0
-1.1092306181633185,-0.45480032760111105,0
2.1678447969987467,1.2228530228162768,2
-2.9057699634830296,0.7856892585344808,0
0.18863023121223768,2.1061757074349825,2
-0.7621902564997994,-2.8212049985522283,1
1.990563833645818,0.6237743464171941,2
-0.48251039661867334,2.022410043199844,2
2.9350278031800445,0.2076673207748353,2
-0.3282359814251215,2.761297055778989,2
-0.676544165914132,1.2007184437455374,0
-1.515925143784285,-2.931468018172993,1
-0.6631875804560297,-0.5701591100065022,0
-0.9234832989244082,-1.4974352477316353,0
4.148785272072181,-0.48051947374518394,2
-1.9281026484231716,-0.3434916353287785,0
1.9867893118547078,1.5589746115026002,2
-2.2545851831882118,0.2115646695987343,0
-1.393263777434405,-2.7513961283884454,1
-1.6646223177990802,-1.9174951025460327,0
0.05376126251136486,1.1149575682494413,2
-1.4350837255570585,2.8083374422683614,0
-1.786348975016999,-0.2675280668467361,0
-2.1728991479588893,-1.6205418199672355,0
-0.6021820241424658,1.0455711535379761,0
-2.1095758344462747,-0.3527386147892388,0
4.744180143023683,-1.6889607028951723,1
0.19932104588214739,-1.0725633418346472,1
-0.3774225306129169,-3.5246533816489345,1
-1.5003643675961795,-0.999683529220188,0
-1.1845449840662314,-1.0437035152613312,0
1.2093301356745667,-0.37764997712100745,1
1.5072950500133946,0.17612266244893948,2
1.1093587907491331,1.0664321876955871,2
-0.36837574033100673,2.7297200341605947,2
1.2708758934832396,-3.266543911928819,1
1.2563991607752507,3.4701811639874203,2
-1.9079339748309487,0.09752765657279236,0
3.2959813545740393,-1.5562726088244863,1
-2.707663316197993,0.3903391551024451,0
-1.206818186453706,-1.4975666827415255,0
0.4998082247970888,-2.421682008924226,1
-3.236459302095186,1.3035333494763928,0
-2.539875294475122,2.7735474156907904,0
-0.7025839329948151,2.357076520458102,0
-0.3596922205677887,-0.48114720883833245,0
1.7842974659786126,0.15106995314132787,2
-2.7455461926439653,0.31896489079502155,0
-2.4447329975302177,-0.16389976569594925,0
1.1053895797500344,2.0878047121357657,2
-0.05765524318745619,-0.22340020357681561,0
0.5851803018599802,-2.4772550508703444,1
1.9276597273526208,3.4389474464280845,2
0.005207145288663161,-2.1476124599992628,1
-4.167465212347632,1.8686858069981847,0
2.0489015794929917,-3.123076402561758,1
0.04499040624378335,3.6652947722945606,2
0.020586449753112614,-1.3461932336458065,1
2.7704121809220537,0.059815159931541344,2
-0.751315064367303,1.9400419802394968,0
0.0881525672484648,0.47224406458823914,0
-2.7689942172558033,1.4402871025051733,0
-3.14996787665552,0.5520743887503723,0
-0.19412337362081297,2.5955319511797454,2
0.9576886931836535,-0.9919936002813612,1
0.9912049952129144,2.73257762603052,2
-1.878784639582115,-1.2854985318775791,0
0.31756343547958704,-3.6893562088631215,1
-1.8190713802550698,-0.505506355349936,0
3.665572909365745,-0.5623090965553104,2
0.3082548348223239,1.4963913148524535,2
0.07067497275622782,-0.0027450970330590426,0
-1.299197449303061,-1.908854638682404,0
0.51155253741225,-0.6663012421373278,1
1.3317260456320879,0.8908442621932965,2
0.4990744207400608,3.4756009811782467,2
-0.8706483350230084,0.08179154414560473,0
-1.8014671481802622,-1.0365561356338584,0
3.12229985008795,1.2056081413881088,2
1.1781042875372534,-1.932406001851928,1
4.771636005159723,-1.7339273521260252,1
0.17289316723199516,-0.4634961180122655,0
-2.0086393470811865,-1.2798076313853355,0
-0.6919982708984445,-4.530823716368387,1
-0.6857212744024017,1.8825516580420794,0
2.614127333882822,-2.756142909139661,1
0.839613938185292,3.516857148265404,2
-1.4851280315087352,-1.33352257939183,0
-1.0983869576590395,0.13396859086400312,0
-1.9970757475795553,0.2859477219544934,0
3.4407337386130092,-0.9802644976672581,1
-1.924133192230456,-0.5229354736028078,0
-2.669096168345208,-2.4559416274476313,0
1.2901734316724291,-3.1437323457930795,1
1.2995748895491028,-2.2777058799417143,1
4.6204404399801495,-0.33480641309694625,2
-3.5467206994870852,1.085400667107765,0
-1.3226275516961625,-0.5934868189142523,0
-1.7181673243898008,-0.005232254087876114,0
0.4393537028125496,0.20196482258099424,2
-0.15728638595376124,-0.19955152154807465,0
1.4132386934487828,-2.7407173528522346,1
3.5206904638349847,0.5126711492753843,2
2.330802143464217,-1.9541859049225938,1
1.3029997245540719,2.867465778272657,2
3.163432851900107,-1.3039323671123022,1
-1.0151252671578983,-1.7120840761855285,0
-3.859484369862706,2.361404624632544,0
3.4015368021343675,-2.5581643015658693,1
-0.3537828298264828,-1.029554240300687,0
1.0451481959291578,1.4972070839145686,2
2.9218458410264234,-2.2070277629854806,1
0.642938275111764,4.123799813700956,2
-0.3179327766077256,0.6202835175590318,0
-0.09130389518239834,-4.085047332146721,1
-2.047398838432583,-0.4841557610079433,0
0.28575455848426545,-1.3357122487192366,1
1.5445425598201894,0.8282669401303805,2
-3.0227496383194183,1.6649061295991592,0
0.09315063433242253,-2.6926033831886302,1
3.99298539380038,0.7073927277943227,2
-0.6732848667916701,1.8291355236363096,0
-1.6022066509358108,-1.2915551162166217,0
-3.907852334554073,0.20387468617239896,0
2.382958853828919,2.7678937318104135,2
3.1291697622065024,-2.001620216899401,1
0.8648256468775045,-3.5869405185124625,1
0.7331467804053433,0.19582922243112605,2
3.6005688210867044,0.26137878206700577,2
-3.688071014570253,1.713576162344183,0
-0.056942110436909145,1.803383297658471,2
-1.996372859189972,-0.2833450318599213,0
0.2211998060750476,-1.2340217105842657,1
1.6198785176529047,-2.048666334263154,1
3.7104945103285556,2.50498271667941,2
-0.09544743023233908,-1.315827909590051,1
2.2375944217033767,-2.8213677815317815,1
1.343853233548426,-0.10127609336933555,2
-3.1439811689802544,0.7512538964101568,0
2.011343007472443,3.09070298923796,2
-1.3407284258763605,2.552257334753924,0
-1.35547061877999,1.3088789181375435,0
0.283268556586874,-3.1562664514588907,1
2.2804240867693237,-0.2698847276028268,2
-1.829516203474717,0.09861342469968298,0
-1.9738437799300645,-1.8266004042105968,0
-2.2327089563143576,-1.5578286004984347,0
-1.5239592658736574,2.999933923929915,0
1.523549257732291,-0.2610009616516831,2
2.9645370643523585,-1.9123437889566124,1
-0.5286984992976395,-3.25090529173436,1
1.0141631145687637,0.18341359833516738,2
-2.629931499868447,2.6441112769354724,0
-1.8048643155415387,-1.5526535051027044,0
-4.017297206979603,1.3980939938874466,0
-0.2812787886297434,1.5835233724764575,2
3.5964845352505233,-2.013168761413633,1
-1.4046553077299584,-1.1053617949717474,0
-0.7772984517499025,-0.7959434833067581,0
-3.018909563799701,0.36218866669590155,0
2.2195010797585963,0.25052596955485973,2
1.467570990349996,4.610127927458783,2
0.17090159333809513,-0.6267398595660342,1
-0.7996519505696832,-1.4984584484438606,0
1.4175670120601498,-2.1225244163650627,1
2.8975941601893505,2.713226397857465,2
4.001843177842672,-1.343742629210377,1
2.6371614932211815,-1.2357947545791492,1
0.42405775554454933,2.1908186791304285,2
-0.33437300107049217,-1.0630875030822327,0
2.1400080580804626,3.1859312540794082,2
3.7132550263993713,-1.496949505172856,1
-2.822018678241367,1.5541986489509245,0
3.0769476975177934,-2.7246467703084942,1
2.766709937519854,1.4807553895795482,2
0.25543200717640685,3.368437943737051,2
0.7707287538920957,1.8122424366952568,2
0.6558509834421721,-1.0688111077090383,1
1.0553810828605974,2.1080422899349665,2
0.3783265964013923,-2.7339990372482617,1
0.8358906962175385,-3.7504641297320083,1
-2.1907869034151464,-0.6925704529237509,0
1.3016242057321734,-2.715656970780426,1
1.4773620225465394,-2.243727426915076,1
0.8089676233242984,1.5274922330219196,2
-2.8061023431181895,0.3759810269635715,0
-0.4621915563249051,2.5587861388132973,2
0.5092307227245002,-0.7010144131332914,1
1.4124222944328213,0.7550002118097152,2
-0.3497623689105295,0.05071408299658419,0
1.5302232959061535,0.2592283014785679,2
-1.0510053976106364,-4.21578434285667,1
-3.101413645753273,0.629533733981299,0
-1.5176276756328821,-1.3802490494671522,0
1.1310656277196796,2.104781154538574,2
-0.47155096790799267,1.9491996384320287,2
0.763839147157367,-2.1827137139344233,1
1.7687731651922691,1.611893042638798,2
-1.562933360962806,-1.8548395755272504,0
-1.231361602043642,-1.5721607918111888,0
-2.9359533349223614,1.1069916398744906,0
0.18233935981454685,-3.6902885145770847,1
-1.3658175076070893,-0.6076068022610116,0
2.8854118685019032,1.4328739030708808,2
-0.007765657502156194,-1.5707931467563576,1
1.4144121498737545,-1.998983036013654,1
1.6024770184371773,2.279217068446767,2
0.6371680462295078,-3.347805423972501,1
4.4725378764629244,-1.0794810860210953,1
1.7239466639606718,3.7648082928183415,2
-0.6766749001138886,3.3199331469568416,2
-2.045096144727196,-0.28072163913947235,0
3.7856821401486247,1.565980427513166,2
-1.932101268352876,-0.7398616698972436,0
-1.0795196406889827,-1.1214947380598066,0
-1.9855934334568628,2.099443288853578,0
-1.4137010811765018,-1.6347221798869307,0
4.982639820113275,-1.0859044898007082,1
2.203351724726486,0.9970479959436667,2
2.9915162112880607,1.53565562943293,2
-0.8528650482451785,-4.344966290004674,1
-2.6790330977410934,0.7285997606632469,0
2.0896019972858735,0.5856251784142669,2
-3.922827060453008,2.0640696232330464,0
-0.2634183692722069,-1.5664404702178834,1
0.3903527836470748,-2.581202917197666,1
-4.100253624585671,1.9609179653870492,0
2.644688368356453,0.34698348979309296,2
-1.6351246718116863,-0.8656149622782265,0
-1.7575563860362695,1.5526503197079766,0
-2.5804598956216136,-1.4833285814447301,0
-0.7718665176730639,-0.6564724092946377,0
-1.8606230312843652,-0.5652195679783361,0
0.2519517928825679,-0.023398305542183657,0
1.8570957729560633,4.355288905778915,2
2.227149537338104,2.483480083065242,2
1.5125949859471135,0.06456668379371486,2
0.6104746533974242,0.8203496880614026,2
0.3054365723115899,-1.4241230690083668,1
-0.4131290488845885,0.9588716019054723,0
-0.7332887318535287,-0.6300733945071763,0
4.090382311718756,-1.9757759148371126,1
0.6991627378807909,-0.15462685340875054,2
-1.6252102119140996,-0.7950548829786949,0
1.6775064689196713,1.1048001178572828,2
-3.1739059496270996,1.1512814257341388,0
0.7589170473999733,2.816759744427815,2
0.8234453748855591,0.6703140169683265,2
1.5936830952405512,0.948679040560865,2
-0.15623793896441993,-3.891853327349949,1
2.028483394056529,2.9207802430983767,2
-1.6544290418486278,1.3440870723908027,0
0.44928268795508963,2.0305898898977075,2
-0.8911022308627702,1.238106115921321,0
-2.167812540182381,0.6348245338540885,0
-3.2104525833269792,0.6592611971886626,0
-0.45925114592494604,-2.813924415368185,1
1.7437445785824126,-0.47770517089874565,1
-0.24460530194757388,-3.8741236409430617,1
0.19098379368032528,-0.926399510035657,1
-1.0686440560594204,-0.5034517722115522,0
-1.2166314919580448,-0.4084170967257329,0
-1.662430181439263,-1.8936963003362077,0
-0.048766393973910235,-0.5278002242499165,0
2.992942982448646,0.6233274316067179,2
1.304686979951581,-0.7368930512781118,1
-1.1777939053102886,-0.9137073019293415,0
-0.5940612862829971,1.4406372759354726,0
0.9183966057340205,0.9854818221082455,2
-2.473205591304744,-0.9681122399431202,0
-3.5236558455949036,1.2236227626850047,0
0.5430055477568506,0.3255610998758277,2
1.27162939929815,-3.1133483598841414,1
-1.8883693987720969,-1.0404537008736667,0
1.234947133743782,-0.5697134993076988,1
-3.8418132258947684,1.2719239790895476,0
-2.733141149495192,-0.2294781753475972,0
1.6010794571112392,2.994934488646071,2
-0.6166195134553144,-0.024229974451141827,0
2.4910281966597445,2.98108142051195,2
3.2437749847471604,0.1911002249218375,2
4.236289089542707,-0.6385505901942597,2
-2.57686329831204,1.0206089593480838,0
0.8476878862728375,-1.0493761670329573,1
0.11069770491950383,-0.14567197720257322,0
2.8419188835556457,1.9071030713614197,2
-1.312207215491591,1.1796457592102518,0
-1.9372918781548103,-1.368695943233875,0
1.9169575878035514,-1.7264249217221135,1
-3.6227750212674574,1.0480314472696217,0
1.3391425531148322,2.2811321633609642,2
0.9377845016211849,-0.16354906507175107,2
1.2784999909073158,1.6796004299924572,2
-2.005069621552839,-1.539222842570876,0
-2.1930368193215437,2.6715901887477425,0
0.854033782763725,-0.9821254533774114,1
0.2537895544344576,0.022068429587803556,0
1.3447620466171841,1.56439848986093,2
-1.2076500484450914,3.0844185059687708,0
0.7144432521714432,-0.5729978740430246,1
2.3502595591759654,1.2433738022615306,2
0.41820130188586907,0.8493724452280377,2
-0.26860176409833353,-1.1653553705386435,1
0.003152970113543248,-0.9521917842542689,1
-0.4128181329534438,-0.5347880250279672,0
1.1423834192769067,-0.5489571301794681,1
-3.128357126382075,0.1991793320326538,0
0.04365506259354693,-1.220595677007748,1
-3.9604346393444354,0.9002409303398617,0
-4.074356263910695,1.9331084519074841,0
-2.1631786503535775,-0.7207391758317192,0
3.060515351712958,-1.0237794303774337,1
-1.8018506392367721,-0.15522459482235482,0
3.60026399624039,-1.0543569539202524,1
1.580838454741935,0.0013566929553202659,2
-1.7095165459838206,2.3095862137554284,0
-0.23006449942145202,0.0787386192530929,0
-2.4129962560677836,-1.0253806995176504,0
-0.10781947046275604,2.4330983104251374,2
-1.4742467765900262,-0.8517815842449041,0
-2.139221277256342,-1.8323303851722152,0
-0.6108933312073266,3.331609854170594,2
-0.08960735826634254,-4.185786286785998,1
1.2125127438414744,-2.450882452359247,1
2.6890842464087394,1.4099177155015032,2
0.5641725983863046,0.8469020396294402,2
-3.3123131002487347,0.9100824192949184,0
0.3570211655118153,4.228925444626622,2
1.1582008656850884,-2.9882016233248265,1
0.5501350588181518,-0.29066300393119443,1
-0.7482382661813235,-0.6200878368416662,0
-2.6528196402506397,-0.872633048569663,0
0.5253581105592837,0.0584434497778887,2
-1.4302463951846458,2.1617193684204152,0
5.315745430406684,-1.5659952263618615,1
-0.7889629209326172,-0.13326418850301347,0
-2.2607998236392945,-1.8399555959158274,0
-0.6891320297423804,-0.6666105995799214,0
0.543559432646608,0.09544100106132443,2
-1.6285670616376569,0.8655767983367356,0
-3.3691006424806096,2.0581577283052797,0
-2.4394349937739217,-2.209516364433661,0
-2.303910967009463,-1.0036415865521593,0
-0.006492144406255569,0.284659373425694,0
3.2330017579937373,1.2713189419359412,2
-4.02770809885278,2.1459782373565957,0
-0.1527880814557501,1.7490763805447496,2
0.6514093233877978,-0.15003870879562398,2
1.0227953193544947,-3.2143357562820016,1
1.0454443113291096,0.4466698316088446,2
1.189855336436368,0.986234237496062,2
-0.5749812522160928,-0.2410196582674905,0
3.543845711127573,1.2892586401149604,2
0.3126697097765594,-0.6795380384980318,1
-2.0420617181539997,-0.46124014622861187,0
2.2569923159278327,1.1630403622387129,2
-1.9701172900096304,-0.22920854439105762,0
3.630051282475863,-1.0884115285879221,1
0.7662621357454562,-2.2209646545018207,1
2.5954402387086235,-2.8446957683158196,1
-1.8827814829802298,1.272320090839889,0
-0.6965693440008324,0.3093971938487395,0
-0.10495675991665057,-0.8837169704450093,1
0.7227401581347024,-2.222834685898812,1
-0.49362990180799976,-0.49651508949184514,0
3.2281631700947964,0.7546095384162826,2
-0.3035703999182234,-0.558012742496639,0
-2.7807824349254884,-0.7731153526668524,0
-1.265331403763818,-0.8162374481666532,0
1.4502233271464873,-2.286425168126105,1
3.0615874892275188,-0.1986915963248534,2
0.38310824229174806,1.1022058135508643,2
-0.8523010072020922,-0.13296632190890334,0
2.4754970680985213,1.3043176035412065,2
-1.9579436726274773,-2.087712549732193,0
-0.9660012641058482,1.2074751360272002,0
-2.9779061663371817,2.782792106553593,0
-2.9369477855345227,1.4088901048680194,0
2.116339564360457,-2.6369113721323267,1
-0.22710497951379033,-3.1080822059233437,1
-2.2975561267880535,-1.027373717358826,0
0.0826426043613943,0.7538600490975116,2
-1.3639363186019409,0.9428819205634834,0
-2.2977262338371953,-1.4564870201607254,0
-2.173075606894057,-1.116202402865603,0
0.38635934275855777,-2.755704834383177,1
-3.947815723869931,1.5663428152594936,0
0.6849880764652,4.061162034714081,2
-0.7869814624369941,-3.1826300170008714,1
-0.8296636609533807,-2.823017097377273,1
1.5541128378707378,-0.12803204894256967,2
-0.5118611182075777,0.19742281947647888,0
4.493606261550092,-0.5676487249623423,2
2.1233011028242434,2.1678549286801396,2
-3.277636555647075,1.25963122970224,0
-2.1398289187616006,2.664302999813086,0
2.432699449058015,3.404915939289733,2
-1.4140278119271872,-0.6049857694824438,0
-0.7802204728476991,0.23712540033895788,0
1.6343031637257501,1.3535317056307639,2
1.2906261651489712,-2.1752251920356955,1
-3.135033422822667,0.6614805160261474,0
-1.6424081055481619,-1.2858010789972554,0
0.7360476155332661,2.6320641279239236,2
4.135208573182002,1.0949420265853222,2
-1.1642745153761755,-1.5222369533287656,0
-1.6215077695344295,2.9995826122876026,0
2.8127329627487363,3.0911725479165066,2
-3.728116619424991,1.5181843596984628,0
-1.3877060621352348,1.1803308308845706,0
-2.221292418762188,2.319317100006325,0
-0.9227186761596989,-3.235239152456493,1
0.6210412578277682,-2.998790768716529,1
-3.147557573652896,0.2642209527941686,0
-1.5146644582425548,-0.49033460014372227,0
0.39167640327835024,-0.2541429719843943,1
0.9478623282594376,0.12466351147189197,2
2.9666733083996424,1.8959675262488722,2
3.31360451124853,1.872619471432883,2
2.567025900707235,2.8526434868745714,2
-1.1151849528414335,-0.827343288265572,0
0.7957471980885119,-3.183814811225195,1
-2.3659979499455837,-1.5638235898070791,0
-1.4857465924832292,2.8622538347893904,0
-3.024507671435051,0.4014171793893464,0
0.16431215473033023,-1.3710449957582924,1
0.8562303107906911,2.493761564048858,2
-2.1238799104015404,-0.8436429115468514,0
0.3019883886633297,1.4689216049425398,2
-2.5535566691094402,2.24084758684121,0
0.24394961135267657,-1.0403828643739033,1
-1.897651403619705,0.6889709772880875,0
3.544316783459742,0.9114863519652411,2
2.512917470324152,1.8004466607963108,2
-1.3722355097220893,-1.886941778974061,0
3.0880361334179236,1.2702091260292492,2
0.8634385381390233,-0.524517990953787,1
-0.8519575541309737,0.04655954267248776,0
0.012981166172555188,0.1707237014707656,0
0.4007932032440485,3.8193157561015454,2
-1.4670147935976505,-1.3682730862247607,0
-1.9525008172327385,-1.0804446254394942,0
-1.0659173471993395,1.6748624798924296,0
-2.405080538593988,1.961929403806416,0
-2.006494935600895,2.399091945830175,0
0.4147029934357353,2.2857697877716854,2
-0.6457622163222762,-3.8501637271223883,1
2.627536567298463,0.04607635172419671,2
2.1935584554378034,3.284613331916391,2
-3.938659812417002,1.6733706584530177,0
-0.7053657432574936,-3.2114285071929416,1
-2.612244316326398,2.419448094565699,0
0.4124843297307762,0.7261453516810492,2
2.0983268362664504,-1.8074335141901188,1
-2.659565544139652,-0.2299212130492503,0
1.608771511847341,0.8116952179950837,2
-0.45426201473195565,-0.48573182076463634,0
-1.172508781874359,3.141514266969718,0
-1.7322038169914393,1.9038256343255247,0
2.537728886147641,-0.23182529212806602,2
0.46934735394164684,-3.1655230891899784,1
-1.1819934203026654,-3.7368758502923995,1
-0.1182160791414508,-3.544906866099627,1
1.6902906227890564,-2.462714696879167,1
1.4734708388728892,2.6568101164329043,2
0.8809574806908333,-0.43138206348692787,1
3.47019927981944,-1.185621952145754,1
2.0309413587873735,0.5006275498902528,2
-2.80539223790011,-1.9952798081146623,0
1.462068643710047,0.9423051298603217,2
2.7197837467322263,0.12507005013326214,2
3.6296551701752002,-2.4550621458036965,1
3.418618811619535,1.2457472224099755,2
-2.9931169425797473,2.5356116997392193,0
0.09021339099320586,0.40677738457355306,0
-3.3521254693765923,2.614967856725903,0
-1.7619144814096854,0.002714830749416656,0
-1.83094733594973,0.5775107100068196,0
2.662066973130409,1.669496526269511,2
-0.6734030096955727,-0.12562975066273782,0
-1.3852477644625327,-3.106118514410253,1
-1.7269911463173713,1.3491523615306995,0
1.36366663590018,0.4487820293778965,2
0.458860968563265,1.7568406244119437,2
-3.585769960248252,1.957852722385847,0
-0.31334853414406577,0.45873755016466294,0
-2.189612788745174,1.261822256718652,0
1.9589478290701303,3.7361006322624317,2
3.078663519299187,-1.6479164887256388,1
-1.3570732249106083,-0.3156806995270402,0
2.508674990670137,-1.2095039976750643,1
1.6014016116497036,0.06345305654594036,2
-1.6777313758186259,-0.3129503265226646,0
1.4984279844009494,2.6831303882701976,2
-2.25991313352766,-2.1194497114257973,0
-2.5691325702570675,0.8940319776937246,0
1.2327174166472403,2.952363987943048,2
-0.7055263529091951,3.3391816338376024,2
0.837642143349346,1.9771141092109052,2
-0.9762955328008776,-0.31487728038170454,0
-1.4402897735746805,-4.029801862823664,1
0.5926688677948511,-2.5882780035591857,1
2.205359719182771,2.1533981144603183,2
-2.1672851857355493,-0.776415241153035,0
-2.2698381978249027,-0.4184394465687935,0
-2.7900500485870423,-0.8143075489655693,0
-2.041241192378505,-0.3588416000621022,0
-1.6704253295403857,1.0326491484503921,0
2.4041083791436835,-2.3820819186228683,1
-0.22489157594777287,-1.3929630149674965,1
4.059945773617741,-1.3392595588773417,1
-0.533478608835685,0.07472954929054806,0
-0.05122245824067422,0.9205809673948798,2
0.002605302243187183,-0.4311540497258114,0
2.157443890160829,-0.7653894687167564,1
0.5001284577431564,2.128188631158844,2
0.13641546761704412,-1.9555612980344517,1
1.9473889502088348,-1.3824862176492123,1
-0.7830633609283473,-3.2211032999889566,1
-0.2455131882922605,-0.5480605940782062,0
-0.9308709325756042,2.4895780474931244,0
-0.020241240806965103,-4.041323575323943,1
-1.6483592219415806,3.297603027152846,0
0.6386477769851568,-0.8762975304913807,1
-0.11115181777230235,-0.8354247851885559,1
-2.343860802385081,-1.2451676617834073,0
0.03391774991632239,-3.8506277243341125,1
0.1396921651595727,1.965021869262914,2
-1.711764137526993,3.4140853150178256,0
2.325690736702566,-3.0390871090958402,1
3.791954456648357,0.4973208300852791,2
3.8291487258902848,0.8430763963044954,2
3.3644629064759446,0.28920754615917355,2
-2.332576971279482,-1.2378303556875794,0
-0.0928977195944503,-0.12586530017734784,0
-2.796732009422019,0.2810312612347856,0
-2.2535485149268166,2.360152650955559,0
0.8097309791469658,0.18938068234203062,2
-2.0879782265959737,3.1598079580542127,0
0.22979613995471254,0.9354667319575128,2
-0.12977717149271203,2.139474353196734,2
1.5554100816420418,-0.06149258791972175,2
1.192310920833581,1.2202280293480563,2
3.6459414648554063,-1.0067138230346404,1
1.008027515842132,1.8899326676514612,2
-0.6133850179715177,-0.14593685530908845,0
-1.7890971619583262,0.18277263587738837,0
-3.1778889454391415,1.6982343915699263,0
0.8388131454194938,0.25026971707251794,2
0.9796602931620263,0.4692970833063643,2
-0.9078266733143222,-1.5553169523944204,0
1.3033790960413858,1.4653293281432325,2
3.6982769096526416,-1.9799469484504038,1
2.3870484900167086,-2.0982178263025406,1
-1.5301120520011968,-0.690427559163822,0
-3.888052641810434,-1.04692482077698,0
-1.8149596038842482,-1.918859220672886,0
-3.3323026862129668,2.169176831378386,0
2.720959999487755,-1.4079023045907548,1
-0.8464038541696194,-1.0725103325400884,0
0.7032597772326381,-3.070626368126641,1
-1.4241839302607355,0.35282063901878913,0
0.1660681320008252,-0.05224370395668566,0
0.268074047148855,1.6602948678818323,2
1.043429018567859,0.9637035143271276,2
-0.7029962896818535,-3.9044274111949315,1
3.2977611294107203,2.348237691737855,2
-1.0853738653178144,-0.5272248289187774,0
-2.3217998514245535,0.7970801043325373,0
1.1187373233794047,-2.307768527214001,1
-4.165317456621352,1.903780867351047,0
-1.620517474339787,1.446316205237312,0
1.368207335655693,0.5211357664951176,2
-0.11148428308514016,-0.5077659707047474,0
4.960379038854372,-1.7634612924259818,1
1.284670680724977,-2.9091588915453994,1
3.637194944492852,1.734042031418085,2
1.3618228952972198,-0.48523723681025277,1
-2.19689980784418,-0.8528972622935859,0
-2.971058776256978,0.20917313837461557,0
-0.4147302452751321,-0.08094308319578614,0
-1.1936253857465893,-1.8538004361273361,0
-1.173840506670315,-0.36796610119910156,0
1.7116030339306971,1.3590665027692608,2
2.739291407574584,0.4025317906954899,2
0.9583708222322689,2.4177237856549243,2
0.8995692660040369,2.3597924862998845,2
-3.425263814475646,-1.109542736918115,0
0.5176103949935319,-3.4027348392740375,1
-0.5153964131592396,3.6246336482359274,2
0.3630338628478418,-0.43832047892515674,1
-2.8198787756695416,-0.24210146294692478,0
1.361793766410305,1.047537790489406,2
0.29613031853471694,-0.622377317431189,1
-0.26942931346992477,3.4458707953795735,2
-1.4607379428550575,1.3660616597164301,0
-1.6654948120922,0.37965462797408245,0
-0.8152723856776554,1.0409665028893929,0
0.5395795909012021,-0.8916716893469021,1
-0.02704913919371386,-2.836129386688018,1
3.2956303267578186,2.789213579162016,2
-4.4506224626720865,2.008912234013448,0
-0.7168168336779763,0.026787943555302077,0
0.42989797310049993,0.2129960318754724,2
-1.3139480189658261,-0.6179522335855872,0
1.285246491505179,0.7735431264282719,2
1.2910388707526945,0.5906756601407747,2
0.19662237118647433,3.9993177899455334,2
1.3402302816439051,2.3207263753015694,2
3.2387834680367296,1.761310873890418,2
3.445618509701433,-2.3994993728340175,1
-0.8899440365445324,-0.1557996051140777,0
-1.500434091810382,1.5588271727352423,0
-2.377761454915263,-2.2695873146842893,0
-1.4585529596595546,-1.175797202176401,0
-1.537639344525211,-1.9717114817630486,0
0.5832686457850287,1.0732987176803643,2
1.1036177868713244,-0.6991375970250576,1
-2.3853141247567127,2.0752021996049166,0
2.704929004645612,3.431110292214394,2
-1.279287892180641,1.1426318290927395,0
-1.0833110779210737,-2.112986352445015,1
-3.2225798439071442,-2.1794964710457814,0
-2.055785093580569,-0.6187105760496758,0
-1.791205425651915,-0.31054993549499743,0
3.539131056944797,1.689861053154622,2
1.3812223693527195,-0.39396199667281834,1
-1.7624252592826017,-1.3031813052454786,0
-3.187452469729611,1.9279859627151374,0
-0.3182559955671086,0.014139477483368395,0
2.5085345329285893,3.068156065557972,2
-3.049030931370672,1.9049874004801368,0
-1.7208805917182124,2.0798302552219985,0
2.5774789711379626,1.3184050476789126,2
0.6206599907806053,0.9510731663069957,2
3.829927449006222,-0.020976251820619202,2
-2.6848050023451107,0.9638761579598137,0
0.6451428169226717,0.7565144837615978,2
-0.47464328067558376,-3.471534284193978,1
1.3155270145586067,-2.7839884194251248,1
-1.7004251193375621,-1.3894490973006606,0
1.5485769687891984,-1.8560658421985141,1
-1.2062427561754783,1.0274065858467816,0
1.1720811246408518,3.2216378008000532,2
1.4749542121632115,-0.8335934321915123,1
3.965555062352291,-0.4309393044464705,2
2.5720370870313,-1.8940019008158702,1
-1.9868250549606672,2.7220003679292444,0
2.4598887158796807,0.13278884954805237,2
-2.4180306790860078,-1.6062969437027195,0
1.5303169027360357,0.18057457918823652,2
1.3797708093759316,2.1803362349974336,2
-0.46772754078041506,0.8054104320670612,0
4.305831055124406,-1.7939632734776672,1
-0.4327839896378221,-0.3666652037130184,0
-2.110048622556586,-0.5443680795036338,0
-1.9578153679265236,0.15798578247297954,0
-2.1310560767785,-1.2139432088684619,0
-0.7660712488390922,-1.3954849209596856,0
-0.8298383584847331,-1.6789454924031288,1
-0.360235954991867,-0.7158248053199993,0
0.40849547776468953,3.497877809154188,2
-2.9542938891533597,0.9070081520106854,0
-0.48291326784522803,-0.9623447475445647,0
-0.03181533921307128,-4.1719622733255335,1
2.8844660288567563,0.7422032631902816,2
3.4842534411861372,0.9101913465398582,2
1.1508153586106527,-0.08184764403064798,2
3.2815699279646666,-2.2165688196456577,1
0.7550935653621997,-2.9434412292555048,1
-3.3554447905969225,1.4157138504338105,0
-1.7538237950011974,-0.660923272620988,0
2.603295424618062,-1.92036219484617,1
-0.15185075960365024,-1.2510691402523273,1
3.249106351874325,1.2509191935049515,2
2.2606815302361936,0.02319180027510799,2
-1.010187148094748,-2.0255023748425556,1
0.17374090047704044,-0.5654159706482289,1
-2.31453639431296,1.3991945919692343,0
1.89170530246684,2.2016720413834183,2
0.9076934596282015,1.0563197166463305,2
-3.0935330828598704,2.179476781872776,0
-0.33800124685475647,3.5463564470206066,2
-2.682993930899387,1.904474982428544,0
2.7542100136866434,2.840449863386892,2
-3.247594215566022,1.4286728644858036,0
-0.5214594300651154,-3.028028976300003,1
-0.9876179689831363,1.295885738587772,0
-0.8305051160710669,-2.72803914404074,1
-1.8094302894784995,2.540133464754741,0
-1.937584927564473,-0.24665849941894055,0
0.8291939662487391,-2.2839145207638984,1
-1.000917907287841,-2.89873358003711,1
-2.2813801305030563,-0.8484572275212741,0
-0.6482137917676912,-0.5478269354753985,0
2.078007683529284,1.1165516430043452,2
1.1411939777052007,0.7441515389339123,2
-0.06543367975671158,-4.1271973053428646,1
-1.3554835428565186,-0.053850376680158,0
3.4851519078175257,1.7303116584378047,2
-1.6802621404670384,2.2717414789651214,0
0.041125723396956075,-0.7486002021692552,1
0.8520681874134861,4.205026827605691,2
-2.0569189544073323,0.5021438205297821,0
1.7496562956089003,0.4977872466120352,2
-1.7155292157784543,-0.6075598884941574,0
1.799514572855542,2.926144696246601,2
-1.2343698945666037,-1.6366158299162692,0
2.203998684019553,2.6641318304764,2
1.9732387343051985,-0.5410585159515302,1
-1.7472446346384685,-0.6819679766216428,0
3.023534135291859,-2.227540739063386,1
2.13008557354311,4.584899134394745,2
0.1980185248155201,-2.6214664532328196,1
2.162873646205975,2.741854082938777,2
1.072487430869846,-3.4944427733108365,1
-2.192592808288668,0.2671546569753128,0
-2.652463769339055,0.02628595056778469,0
2.203708738239505,3.0718637641913356,2
1.5744853310455982,3.7015895470912756,2
3.6943402469977786,3.1886747919489116,2
1.2699407423189795,-2.647378131467066,1
0.9591924403664599,2.6965844497710942,2
-0.5990508860537869,0.22767124621253,0
-2.190763080621339,0.7346692349236478,0
-0.8225868321603993,-0.1851235771132738,0
2.2311480994507553,4.621433516399403,2
1.0128273538466293,-0.7158753848592295,1
-2.6363363485602975,-0.7216034254242487,0
-0.7127357383859463,1.6410099480631142,0
0.01853288843310516,-1.1853757888088456,1
-3.5687900000118815,0.7459875380508495,0
-0.9982902192210348,0.48590397648063993,0
-0.8101879252354359,-3.7821770851021714,1
0.3320232607502477,-3.5020209956535155,1
0.9709689180133695,2.3789923945672493,2
-3.470799687802062,0.6900036215739479,0
-0.89149394187488,-1.3330591267977796,0
-0.09658334611188192,2.952098577757638,2
1.1917780223310799,-1.534956222319901,1
-2.091212007429481,-0.7928358540725218,0
0.3150487212316178,-0.36509468943981943,1
0.5113901636730539,0.058600001894146526,2
-1.9051620240349134,0.9587464417559711,0
-0.45578604256960686,0.5186430732995302,0
2.202298458350764,-3.088782898566347,1
-0.5629313134165409,-1.4900324474621767,1
2.2182833839985814,0.0019487696303292976,2
-2.0723472964252685,0.6540301642925764,0
-0.6285949347599638,1.914531140628826,0
1.2713708871587242,2.9549706334704577,2
2.2649899160658844,-0.45860704894224236,1
0.4939730120019795,-0.10946551931391955,2
0.9283773600287719,0.1692499888046613,2
0.03731227907708147,2.159857380940046,2
-1.2258567420305335,1.7083762232987822,0
2.2388801178901674,0.9501021474226925,2
-1.721865818636117,-1.7123514142670393,0
-1.3808214981847722,1.8169269064786302,0
0.7133079122577174,0.26257810856215547,2
2.0501849626783604,1.7594711514448798,2
-1.8496143257235398,-0.46147926697566904,0
1.236137278623532,-2.297065357247735,1
-0.2142797625490793,-2.3409459272312723,1
-0.8782074355661336,-1.1998138781737793,0
-1.3977428205518665,-0.6443937014824852,0
1.366082288409732,0.14991340831327618,2
-3.1327904036127,2.314308195497095,0
-2.5260684392932258,0.7494223507040568,0
-0.25483659440724715,1.365723497945215,2
1.2881116790093063,-3.3136576134560625,1
-2.274048455077149,-1.2663275186418113,0
-0.5661965292369638,-3.104328863836824,1
5.256194992026397,-1.3997160294433981,1
-0.8403072669304651,2.3463873349442057,0
-3.494303246235996,0.6612632394713989,0
-0.28743030181669305,-3.891851920946246,1
-1.9196060422919252,0.9741337208613444,0
1.3004549416751545,1.4395338846865418,2
5.053180368750722,-1.4833962724125591,1
1.218822759508885,1.322103303310999,2
-0.912812899880973,-0.039840222181981313,0
-0.3192604402088976,3.965762411322866,2
-1.822271866014283,3.0701889067831982,0
-0.7814090273399984,0.16948088011174392,0
-0.6988258862959904,0.5593318219818595,0
-2.889051696607993,0.5828178144872409,0
-1.3661091192050674,-2.83541629588237,1
-3.388121648570185,1.029850871316825,0
-0.6201372446368747,2.4527360507326215,2
0.7864193978750197,-0.7985676732201374,1
-1.4395939736305592,-1.816080136784284,0
-3.975525102006166,2.3009902606002126,0
-2.064005385756739,1.8157669149431919,0
0.6975390422557181,0.5787985745961114,2
1.2400784606763338,-0.07633128076086593,2
1.4933386414582812,-0.5092601004257467,1
-0.2662074271049814,3.9229234453098973,2
0.3055138085400198,0.33663700970571053,2
1.6965986180334662,3.5231716230691887,2
1.3128725036553808,-2.210090518424563,1
-1.5312663221229819,-1.2947596244411481,0
0.6957178437776892,-2.211409642354611,1
-1.2758448909449762,-2.231840095221699,1
-1.4956281433312644,1.902736813061424,0
-0.6298813813545291,2.0094801534085343,0
1.8127578232596284,0.5251449622668568,2
-1.4418274113031089,-1.498698605520896,0
-1.734299407328841,-1.9366385970524176,0
0.4686034428355836,-0.061794869869477735,2
0.03071338853852138,-3.698896427913725,1
2.419080346073923,-2.081675987647677,1
-1.3559023914127242,-0.6917294672950204,0
1.8531326739421732,1.8169432536656525,2
0.9530897792173325,-2.448095675745376,1
-3.2650016903820394,0.9384376248390953,0
1.3848100787413045,2.3927367411734273,2
-0.1564579874194753,0.5486612460478698,0
-2.636487188875305,1.2774737105930332,0
0.5398244756172441,2.462254434681717,2
0.6555091828307953,0.1287151766780228,2
-2.095513988804378,-0.9642085747400797,0
3.1572040213966557,-2.896272492960748,1
-1.5557360518012437,-1.0728434272933527,0
4.922644110210561,-0.5000428486066331,2
-1.3083903038465283,0.131022036853202,0
-0.5339122455328253,3.1308302436710744,2
-0.6590144666504559,-0.9868903466303642,0
-2.103312614396499,0.84204059680169,0
2.709439491302227,1.74071502840768,2
-0.44361842444991445,-0.913263461699021,0
1.3275633801631113,-0.3532378420432433,1
-0.9880505494517424,-0.9611324576625164,0
-3.64027642995519,1.80740172414569,0
-1.3920982719118509,1.328540702697685,0
0.02244942819954102,4.039835050342043,2
-1.780083066608984,2.8796268802003886,0
-2.1505270277863797,-1.6686341118414234,0
0.8290821403597053,0.8274395255570766,2
0.6600525168304535,-2.128809300742719,1
0.4921358848329156,-0.16325686208951462,2
-1.8497738648117847,2.4290491548725717,0
-2.2956436489822862,2.654331361475995,0
-0.16218652076816123,1.6855558917898312,2
-2.1089624884645306,-0.5901298671903481,0
0.41479163151356857,3.3321647641900776,2
1.852731167948674,-0.4429135357941328,1
1.702014975739755,1.1351636103968423,2
-0.573258799669293,-3.5881967940034696,1
2.2101943789875063,-2.1843800950546046,1
-1.997491427222366,-1.0842436487309486,0
2.0551456120733866,-0.21011185992725176,2
-2.0039348632837117,-1.7102962211342514,0
-0.7859207804651818,-2.5958847829210034,1
1.7213935711028945,3.5262702454121446,2
-2.9955314090848977,1.2496234205186394,0
0.7716532736151684,1.3989676016706374,2
-1.139885332932013,-1.109009688650898,0
1.4015900709573208,1.42772774164647,2
-2.7043534518415284,-2.0207803314445303,0
-1.1789629947905507,3.2916469243901703,0
-3.3669152613621645,1.10546744939708,0
2.602499641117302,1.1958806356761658,2
-0.4564921364570133,1.8013904154160405,0
-4.30952590670557,1.8872222744848854,0
-0.07625743141985145,-0.09469779214924554,0
0.5010866095137194,-0.6918114368377235,1
3.2051898301909327,2.6651669528062034,2
-1.0697242555721187,0.16006103644026162,0
-0.38551303973989276,-0.9396798975424849,0
-0.04923688441928094,-1.3756951952457148,1
2.947670232001338,1.6457761639383153,2
0.7618757027667467,-2.865101308798626,1
3.583204339797841,-1.5799200119194279,1
3.2314734916843513,-0.07449665921745943,2
2.224683015594723,3.0217745971370658,2
0.9932348451115719,2.9989162177242874,2
2.8168786108545794,0.6185578113933545,2
-1.8545357178916926,0.7197159457488288,0
-1.6504600987363205,-0.046755029541208214,0
-2.7215139647566042,0.7616058625056837,0
1.497756775408055,4.1700455190152255,2
2.3219606006388545,0.46512985995485145,2
4.955127240142593,-1.7994337460503322,1
-2.9546848852539487,-1.1197438000645181,0
-1.8077014944236114,0.7691886315561395,0
0.07490440891308778,1.8858656481693143,2
-1.9098634531718235,-0.7737820850698441,0
-1.6565582505553136,1.8652551825536303,0
0.5263377509891806,-3.6231790175537575,1
-2.4516844045814783,-0.9534451721446204,0
1.8402143354313807,3.40667343203066,2
-2.6012332567394902,1.7433666240088368,0
2.6056017947048846,0.8028302687592638,2
-0.8392939845898093,-0.6112239452239373,0
-2.384411092172409,1.323076234104286,0
2.3430786469406293,-1.855935866996909,1
4.135347747948615,-1.8390545716341222,1
1.8250094432454487,2.695844893577859,2
-0.5618688950230842,0.9687760027027096,0
1.4705902291293835,-0.6578953382886119,1
1.826839448830887,4.246491687540366,2
-0.19070859233229637,-2.85311136699333,1
-2.666461881432591,-0.11315467024373733,0
-1.9264548236585688,-0.7977842132994779,0
1.8425665086112548,2.027744776471082,2
-0.17450176362848907,1.8028238250754733,2
-0.8061647710097078,-3.7627148805554533,1
-3.7920886844615564,1.3701347081753088,0
-0.1819698072920961,-0.36930602623999625,0
0.596571464551137,0.04013641567609203,2
1.0180800236977907,2.00359598911045,2
3.887636306815921,0.18896731216360524,2
1.8156765567607283,1.574508085875453,2
-0.7368713514279384,-3.737085309091482,1
-0.10141697820775818,3.2577384325102416,2
0.272662530171095,-1.087974976428825,1
2.587480378717051,-1.3434700117969942,1
0.9431421736374489,-0.5288824937639707,1
-0.4247151097915706,-0.2814557511711247,0
-2.5560779467578367,-1.6844783415246851,0
4.788386815626003,-0.6793810496217318,2
-0.613631256609609,-0.8721299413521362,0
0.009006726941565105,-0.17799844812677335,0
-2.5407543622259072,1.4924053052124153,0
-0.4102890801703359,-1.0029806836641795,0
4.541126102854035,-1.272765518129469,1
-2.0290432760654946,-1.3978210255890546,0
-3.0414666801189463,1.4481322996896917,0
-1.4060640190426583,1.3630753391161374,0
-1.057631389510451,-1.0860931354656964,0
1.3842967902955607,-3.4484936382578764,1
-2.780888147082068,1.1667109078664146,0
0.8117867939069443,3.5419179023432306,2
1.5736433152410256,2.933472358900489,2
-2.1169091832259417,-0.1843754680613325,0
-0.030905147157226788,3.5084791930292143,2
-0.2651430438709479,0.30931214176325195,0
-1.1470885956106505,-0.8192627576314395,0
-0.0621059027626036,0.4824701572373086,0
-2.3464718168602867,-0.8312051583762353,0
2.0921323227540705,-2.637408339200701,1
-3.385011108683192,0.3925573806458904,0
2.03418637944535,-1.7880514210778908,1
-2.6525251448870826,-1.9887507356952099,0
3.021059917413875,1.4305697226691987,2
-0.4762707863908141,-0.528928064568562,0
1.9235568647657346,-0.07281078828213146,2
2.835343191365906,1.5542662814313903,2
-1.9082835686558248,-2.021899913659293,0
3.8219881374840963,1.9303970807125963,2
1.3479038490349131,0.38856977466342996,2
-2.2670515334630092,-0.49244763719642765,0
-2.0460744446272408,-0.9838405327484095,0
0.3260478789029221,0.4417815313798811,2
-0.5855180120404124,1.8475983592395027,0
-0.9658950299760155,1.2781142293517809,0
1.333947097904835,3.8040387627584695,2
2.3888283692780456,1.8529293428149307,2
-1.4743285505385102,-1.289112724026708,0
-1.5130046646499717,-1.034093705463981,0
4.3835810250983025,-1.0578664520152332,1
-0.34437778883098114,0.3483209529709379,0
1.1659439006780445,1.7684028594552912,2
-1.6434435216932641,-2.0827260946288373,0
-1.0097041260775192,-1.2182672226713434,0
0.08815676452003565,-0.24247601276543432,0
-1.125174829414599,-0.32527612882785234,0
-0.8013720392179277,3.378270808143464,2
-3.2696068423448454,0.07678820842715407,0
0.7979175282588743,-3.736181649092272,1
0.16886095143647353,-0.3238035573715538,0
-1.923227718793401,-1.3355480492133547,0
-0.26033652931478274,0.5124846858371285,0
-0.9281638050772807,-0.13033687209980183,0
-2.6544405508353286,-2.3738595731801984,0
-1.8957616432674596,-0.6881458599105286,0
-0.9791891801460625,1.3233437903523075,0
-2.0315375702870524,0.6295151734196328,0
-2.183314951131571,-0.47486817245827523,0
3.662342775036288,0.5139331791825893,2
-2.2366761323628004,-1.4267553857322546,0
-0.21605921355192192,-0.47626433517077116,0
-0.9692681175065473,-1.599654347611042,0
2.1801403089395843,2.5200988800707327,2
-1.4730811662845746,-0.486479496582998,0
-0.7422865266525162,-3.0912475762327003,1
2.4185268751608273,0.09868535700172609,2
1.1609005839118425,2.281797752468554,2
5.125942587117448,-0.558798128445148,2
1.1967213205384262,2.400745108261505,2
-1.4102880421452029,-0.9502627613857739,0
-1.1977692645626294,0.09813354734332384,0
-1.3094943417982965,-1.6972598733866426,0
2.25921510148761,1.7393283085149014,2
-1.6924731663906938,1.5898961111960044,0
-0.2324515281411616,2.51279314607275,2
-1.4162701000721882,-0.7122029225696763,0
0.32854767616739106,-0.22644207543393396,0
-0.6254335693273642,1.2099317671034335,0
3.4088023619204653,-1.5006003483035681,1
-2.014788548025823,0.6465685618419661,0
0.27906986995353095,3.263629999647277,2
-3.503823745592942,1.5006283079731702,0
-1.7661479619787508,-2.032094956349094,0
-0.7519229101445059,-4.030438248900285,1
1.2629609676055715,0.38809592863252634,2
1.429700685916076,2.496265184242868,2
-0.38181842510659053,-0.3676373837506528,0
0.8237964054523663,0.5204089963862576,2
-1.347044849968812,-1.362801642182652,0
2.164872898380665,-2.8238419149583076,1
-1.8584679039659768,1.6789031997950603,0
2.2731317093816705,-1.684642054421113,1
0.9425016045756763,0.41812557856858756,2
-2.2166694310019244,1.2448905020334529,0
2.7109648401578155,1.8393963109644929,2
2.069235033178583,3.0510525600342038,2
2.3792869622159785,0.5284668283994675,2
-1.0697347329580837,-0.9742041897591276,0
-0.05167191272228685,-0.9945125176377424,1
-1.6664225202628968,-0.5307032677251823,0
-1.330446818389323,-0.303467887255528,0
3.299175053827536,1.8899097726624103,2
-0.4935607193369639,-0.05381317854442396,0
-2.343143770263158,2.6089292820806262,0
3.492544419451863,1.3259077122778278,2
1.4705991066785915,4.573737081589262,2
-1.3111559024997461,1.4206201038706328,0
-1.6445110291365186,1.0315987238665871,0
-1.8442489046223154,-0.30471668208007907,0
2.9223000757092605,1.0580190116502939,2
1.4661410723138821,2.773074979754962,2
1.6036516219933057,-2.9843602275576933,1
-3.448036848190882,1.6189497021482966,0
0.5025017015559027,-0.4803455543547626,1
1.6467558106682172,-2.1333914423119884,1
-2.8368884449501155,2.5520750761183773,0
2.571101188454439,0.6084490536592572,2
-2.420811871100566,1.458994892481654,0
1.336648300271443,1.4077157451526012,2
1.1607044250811722,-0.821704433273634,1
-0.12792388325117882,1.7124558629780173,2
-0.5612238764967389,1.7799647374146663,0
-0.36257444037777503,-3.2212202043880835,1
-0.7665204932089592,1.1948763746276465,0
-2.489382338774492,0.5939830156074812,0
2.9282884434210703,-1.9823002060118704,1
0.5190789891325621,-2.729022918574598,1
-0.4509418971237221,-4.00233666276049,1
0.24994234037247737,-2.4303399781413924,1
-2.542141545894749,0.8520238637077696,0
-1.8752004666059525,-1.9048331905356162,0
0.5818417645993907,2.501638007567914,2
0.0010206101507264347,-1.5167709168330679,1
1.224738506849482,-2.5193237340501886,1
0.29524042152033797,2.7342864462082894,2
-1.9159123120381947,0.9860286280926283,0
1.698653940173884,0.9116281102479559,2
0.17013087976198477,-0.30837362756694764,0
0.7024415406439646,1.78466426278847,2
0.4016508213289522,3.156082880856957,2
0.3440002715182521,1.7214996366593371,2
0.9965787882706162,1.1789897528874926,2
0.7919223113413744,3.707093130916335,2
-0.7965261645416857,-1.1090190799754496,0
-1.266673884169313,0.048708808479394246,0
0.06572460678000563,-3.4787167685057887,1
-1.6343070395699166,-1.4715053196697967,0
1.9728931300791746,-0.14696477370236055,2
2.909447682104929,1.8942612434617887,2
0.8416978897843416,3.4424497714720976,2
4.784286708468081,-1.580572416930963,1
-1.894753767640596,-0.8169843597399152,0
0.2062562594386373,0.743422609178547,2
-1.6081570709881268,-0.8438632738249927,0
1.508273758304926,4.862374575150471,2
0.25537718623592887,4.037945455732361,2
4.139481195450818,-0.2390575626484498,2
0.7903569712721944,0.8977334152737894,2
-0.6909815120483277,-1.1308538711988265,0
-2.1463297573373055,-1.251821999302741,0
3.3066203122155255,1.1121494696414336,2
0.5599322532323137,-1.4010250349931457,1
2.2185573568625885,0.9889730748211254,2
-0.0912561244337808,-3.297448955218043,1
-0.6767383157294953,-3.7375303269481135,1
-1.9497118358549654,2.298255723448363,0
1.849001482709064,1.1395903585574656,2
-1.714618585033754,-1.3863344758714928,0
1.5115027312152205,1.6209037035743599,2
-0.21328394545923823,0.5450827987122555,0
-1.6691549734806788,2.733639934465952,0
2.4944802690622363,-2.761543998457512,1
-2.4339814191511913,1.7368322711542517,0
-1.8022849752809145,2.7480648374793493,0
-0.1457699813361308,3.193462243802357,2
3.208616720222171,1.2184677350322537,2
0.3556422803761046,-3.2368358956465375,1
-1.2932366555373702,0.07224322192595058,0
1.5472030098694722,1.7507230942233072,2
-2.4569472013637434,1.6032955652795968,0
2.9435196168938687,1.4048620128545575,2
1.8083840425698965,2.4412300011426753,2
1.8432331937115531,1.4509139706104546,2
1.247083342317081,1.0453881566363845,2
-0.782327684969009,-0.08400310843965111,0
0.32956872372527235,-3.0152905297457813,1
-3.038180509538428,1.8037008181042924,0
-2.6637891110983456,-2.643644798340755,0
-2.069714792031874,0.25267623771492,0
-0.1117463536560867,-3.552877754806474,1
-1.64610408800526,-1.1373938279785385,0
-0.880447929313691,-0.090783265745844,0
-2.5972242190402377,0.38638497349952805,0
-2.563266139895645,-1.0920809191209138,0
-1.6250205591072104,2.7993627388256646,0
1.944766074325817,2.9215282485186918,2
3.6751807045161304,-2.479389579244933,1
4.387452348099443,-1.1965991460930507,1
0.8676143017037522,-0.3717405053096142,1
-1.1680853982128845,-0.46407461920371235,0
4.4988677972053015,-1.9711682774778791,1
2.146131556904588,-1.1074731881016568,1
-0.3137283049157776,-0.2968159264864049,0
1.3913940636832958,1.3152598221183691,2
-1.5030324150338115,-0.6795237682608057,0
1.1787159715070492,-2.0659648624579785,1
-1.836283054327466,1.9863059377564118,0
2.372403059793699,-2.3920439621637626,1
-2.35759145563292,1.5030361574567679,0
-1.5565924626446446,-3.2102951088100395,1
0.02359180273910906,-0.8259500156570143,1
1.954729996519005,0.8521158271639071,2
-0.8156958802139402,-0.5706345404854052,0
3.9548755155875117,-2.4248172320057617,1
-1.6355841635248503,0.27861096742734665,0
-2.1740364400949908,-1.0143670215635037,0
-0.6036944629806323,-0.1803347975301098,0
0.5202388066360624,-3.005372091156003,1
3.2768117796618883,-2.0489421041669518,1
-0.7266013864395796,1.0324594013424617,0
0.8968431778055413,-0.6351917925665845,1
-2.8633982480121087,-0.7526113957885249,0
-2.7784778235185104,1.0533480406155864,0
3.1166148917986476,0.18165865879099946,2
-0.23453498319231278,-3.3225510960557103,1
-3.3196491851464276,1.9225330460752228,0
1.6246593921345127,0.30557953496413087,2
3.832766281652436,-0.8629854953549245,1
-2.3482293570604447,-0.5630113026642527,0
-1.279135276740976,1.176175608727626,0
-4.084431582845323,1.097632271890096,0
-0.9568733870835344,-1.6506568479373085,0
0.7228764600219473,0.7777605373728562,2
-1.402660654109419,2.897556494936591,0
-3.2758539009808727,2.6604047710293197,0
2.014277851555759,1.3411322954442955,2
1.4157254699229902,-2.624167481382685,1
2.1496270521447074,-1.6127376360714103,1
-0.2844079711434676,-0.026338239847538848,0
-1.933601459603853,0.8284591137067039,0
-0.1777292479985434,-2.468968803544491,1
-2.575034556337788,0.5048299119534798,0
-2.5292831767617137,0.1404298815314697,0
1.2361118049057889,-3.648477675367816,1
-1.0472089389271955,-0.7864194500044479,0
-0.7079908148399968,-1.4537697860507928,0
-0.1480912132577967,0.5336400758856543,0
3.370118054874146,-1.9679304511195934,1
1.419524545915606,-2.6967619722848126,1
2.258230168641831,2.170763731815427,2
2.6993826126390403,0.09314222474933401,2
2.6685943013159545,1.7432636561647865,2
-0.38633667396659804,3.760861964170256,2
2.5410733494362194,0.37824758259752006,2
-2.1459729350020256,-0.7407124009912137,0
-0.2886788203050242,0.4619582071245306,0
2.0225286068298347,-1.7344750676941727,1
1.146923047222405,-3.445651866451519,1
-0.07242355294615863,-0.8065741922896933,1
-0.6523102963185771,0.1943941886814534,0
4.547887610868089,-1.631303264061315,1
-0.21743803348647958,-4.305524159331359,1
-1.5117717509427726,2.2050383929273196,0
4.419001077110094,-1.790674400082388,1
-1.91524619892019,0.47598732209840244,0
3.036843424143504,-1.34349607276865,1
3.0776951509979407,-1.2276100104074905,1
-0.5763159804766461,-0.27301290984906795,0
2.385498555456673,-2.2666084189609292,1
-1.9498878156122188,-1.8278235404279959,0
0.8104066542691788,0.2900362059226596,2
-2.4633130514299655,-1.1556012858744336,0
-0.14295093102562628,0.34623668064241425,0
-2.7736565951558485,-0.9425819624490238,0
-0.26823365419032535,3.594750735589625,2
1.9508996378216539,0.5334509858285809,2
1.0948339053827159,1.0034590034111566,2
0.5070380583724516,2.022228243387228,2
2.2846642258044256,1.09187319526546,2
-0.4418291303503501,0.0537163629985978,0
2.5443493722604233,-0.8476310731381433,1
-2.076590797727276,-0.18785384634681174,0
4.202235064140194,-1.3767473620742503,1
1.6703810151338665,0.8502492985822543,2
1.5657921144448563,2.943814319104841,2
1.3639372599949664,1.4609438678436895,2
-1.804567307025999,-2.0079047480433183,0
-1.85633621065002,-0.9553756746354556,0
3.111255870039861,-2.2040235204932133,1
-1.7214424775547998,0.12450814562949952,0
-3.577689442685147,1.4484100336793868,0
-4.064904275762141,2.049521867330861,0
-2.0331829427963726,-1.6586774701992895,0
-2.1199642855236047,-0.8831490961726486,0
0.8893048721777665,0.8928310954935001,2
-1.429798089078689,1.847335874229413,0
-3.4312541858001966,1.3152763457836165,0
-0.6339083020115224,-0.3375839476238518,0
-2.3065545290456178,-0.5574924123473864,0
3.4337212807476982,-2.0852586229768475,1
1.1319845702461646,-2.9425226680200414,1
-1.827626549262207,1.0889058827501015,0
-4.069398703047472,1.0355095754340897,0
1.833994705897381,0.021583617918289718,2
-2.754953944655828,1.2291155154531557,0
3.198663360971525,1.735416473661158,2
3.4759797855387276,2.886537101442694,2
0.6130379935856946,2.2352087527519937,2
-4.247732045046944,1.279616611016425,0
-0.2590472473635373,-0.41397841300265875,0
-2.660982083634134,-1.2895656645095097,0
-0.9267784607501357,-0.467297669784635,0
3.982707493250741,-1.3452691469134548,1
-2.37635487893162,-0.4991283927515044,0
-0.5317010900109782,-0.6054533451938885,0
4.060734508140214,-1.9594136182482793,1
-2.275595320240833,-0.8329652958779511,0
0.33179524749818873,2.015352524319191,2
1.9565344882073845,1.80215333170556,2
-0.3946539443120896,-3.2758374658540945,1
-0.6822987239475505,2.8216417208424365,2
-2.760154441598238,0.9636151768688723,0
-0.8337687373968753,2.7753139998641827,2
-1.334939544153276,-2.9802897146300382,1
1.9104609250603701,2.264206700633909,2
-0.6476189039655146,0.8790189752694307,0
-3.617891898557039,1.28769900525967,0
-0.663148427170428,-1.0425295251752043,0
-2.8462019263561977,0.6506314800719656,0
3.961366875238782,-2.329699213759869,1
1.710571028624781,2.82313750184624,2
1.6067081295169543,-3.0440352217400815,1
-2.3267152442266656,2.858793364795175,0
4.491296534783693,-1.99242280616763,1
1.0081697615633154,-0.5249421240665673,1
-0.7257392503075545,-2.6369390461454025,1
1.2723751205283356,0.6096075090488733,2
0.04630893917457222,0.6249193658281029,0
-2.1364658473180858,1.8756379652415076,0
-1.8912123708608655,-1.6122073121625136,0
2.718709790670994,1.1741974615540336,2
-2.512266217488889,-1.0121804704533637,0
2.0347418708036837,0.6837136510531172,2
-2.0039859897561603,-0.01923013121570027,0
-1.9861866430860564,1.913348909746822,0
-2.143005479169795,-1.6552574732603822,0
-2.97266739978684,-1.0645621432490953,0
-0.6637111149288479,3.079939792761178,2
1.1211240841159078,1.8470169983165103,2
1.0672507945033747,-0.5956321889702433,1
-3.1530976741085097,1.7119957083699948,0
-0.6714060941700666,-4.225352733995355,1
-2.5010234569883654,2.4240749302203377,0
2.034939200212278,0.5938030886357586,2
1.292060163508054,-0.5098879780642511,1
0.021298716813972777,-2.124541924019283,1
0.42556657597208086,2.4741987352121106,2
1.53536575059645,-2.6243184517467655,1
-1.1131445343415327,-0.06210550241208309,0
-2.292105434102251,-0.7565760655722638,0
1.5030492843689902,-3.048178945092746,1
-0.05517232610768277,0.18678001543550418,0
-1.3507205792312533,1.1438569853411793,0
0.2354637205871238,0.2919856973843558,2
-2.4815056850105526,0.40912514457259175,0
-0.24654727595338363,-3.4758370496889004,1
-0.8730029163454154,-1.7072607178514978,1
3.156528526175957,-1.793205182196545,1
-0.3655396422322876,-2.974268870788415,1
-0.5330452383616677,0.7749564839091307,0
1.342811349126021,-3.2690443343728735,1
-0.6243637944260744,-0.21381665885667434,0
2.151260042500837,1.1752407832685425,2
4.032813970796655,-0.4996282887363269,2
1.8459861945143756,-2.974483054274333,1
0.1742641559440279,0.21398158846245685,0
-1.6476030987095158,-0.6125932222518267,0
3.2761837985217594,-1.444609598164763,1
-1.7337717796997225,2.5318602442731177,0
3.577500988892114,1.015211525138831,2
-0.22505432861465774,1.761107931819056,2
-3.194751308435948,2.202287733036955,0
-1.454085315333654,1.1734550175749108,0
2.4604698447973856,1.7154606682717142,2
3.027470680987913,0.021161894773522042,2
-1.6359048247793857,-0.4343401233364268,0
-2.2169359951834173,-0.6246215223584811,0
-2.896909627873284,-1.068970585446384,0
1.2548263051098962,1.6418263133642925,2
-0.23069850116055152,-0.41072014629832937,0
2.2637782194979117,0.8702236471894046,2
-2.0660835287720123,-1.1333193617733188,0
1.2781756656742274,4.035650708952799,2
-1.5468377742026003,-1.948548717030094,0
-0.6265571416693434,0.5242398059322628,0
-3.0174475196172588,2.0356963112252155,0
-2.0785791652660097,1.0671769578579509,0
3.2073601426112264,-0.8399762914798665,1
-2.2191440369900537,1.0034227818330235,0
-0.8353517396931018,-1.7884841172564119,1
2.4371623579270625,3.023713753064117,2
1.6875577757778368,2.650028587973423,2
0.09505612989417798,-1.2773174750492118,1
-3.413838831895356,2.1276317819883346,0
-0.2069226619129928,3.0729133032531584,2
-0.8415019584009612,-0.10716501877559063,0
-2.7365977971840936,-0.47608257404726967,0
-0.8001279823581606,-0.41452944140625575,0
1.577975062471435,-2.2730440010928397,1
-1.2749141083581796,2.455085188405754,0
1.8668683311648102,-1.921202635973044,1
1.5900019756534973,2.6374537366541504,2
0.9593632509325545,2.266041418795644,2
1.8991260949117041,-0.44095500507411506,1
0.4354462085958475,-0.01265128450973258,2
-0.3183174537335593,3.9329120864444977,2
2.4104201390787283,1.2649352529770894,2
-1.0754202073701689,3.100955771916354,0
0.9950247205897045,-2.5194221209383234,1
2.462911758000435,0.17667281788940398,2
-2.5710962571492475,0.5853879742664526,0
-0.6102944175831202,2.5235128534932696,2
4.797878551681669,-1.9165826358721292,1
-1.157385084897898,-1.6083137779683194,0
-2.0844439087478692,2.680396394187803,0
-1.7326342399410117,-0.371779656470828,0
0.0894080609907975,0.2216350745429981,0
0.37509068960711534,-2.274438710432901,1
1.0444650457052123,-0.27169224769490435,2
-2.9311925123930376,-1.495912273651958,0
1.0246284894315116,2.526632563178455,2
-2.1270369923818437,0.19770676439368895,0
1.5049774214833531,-0.5606506475855995,1
0.6331300654253499,-1.181999851215268,1
1.0434917324415907,0.03869953399357653,2
0.12740978829485314,-3.693081417719106,1
0.7760238197813752,2.083105900552251,2
3.4846535100477904,-1.431575053914721,1
1.3840578445247624,-2.8447581231565615,1
1.3669537001413494,-2.038037934852204,1
-1.1001755244882985,-1.6202774657421404,0
4.758441298979264,-1.6673976659898426,1
2.7545885143924664,0.6620794649598527,2
1.2069155443694926,2.295301541407943,2
3.668327265440955,0.5839822757840374,2
-3.2574235336246433,2.512728696665254,0
0.1746521921471048,-2.8498871541266277,1
2.624741624795446,-1.7489175541258517,1
2.9408940855091266,0.6756920779523533,2
0.14203411006452654,-1.0476724393061871,1
-3.2836543724465272,2.7329974075767107,0
-1.5805405244498953,-0.43488382496659794,0
-2.145792663255482,-0.32502457930932555,0
-0.696146009103188,0.08637037666247183,0
-2.7824761952114425,1.4237584576516327,0
-1.6082326083477383,-0.9246187191574576,0
3.1419421895179775,2.0304295220473665,2
2.714935145010389,1.4419707406750566,2
-0.4075417874111925,-1.394611003445671,1
2.7962035051736396,-2.5382541647779324,1
4.049398964883068,-0.6585262108047454,2
-0.8901578899350449,-0.6633003041430503,0
-0.6917199642483728,-2.927052939520452,1
-0.682416551689454,-4.207352132717008,1
-2.2403030815475837,-1.4091151406240476,0
0.4786251966831896,2.448952556521738,2
0.21095527496751268,1.2632491051446222,2
-0.3411367798135151,2.605978795945899,2
0.5220635332595759,0.7663798577879511,2
-0.5575346114176726,0.6245558023369097,0
-1.847671226235811,-0.8093593130761775,0
-1.11457962673571,-1.8074753820308969,0
0.1722566420834571,3.705114604774525,2
1.5537211378841398,-0.47193554152398165,1
0.042252284482035246,-3.0164173420234626,1
-2.206500031375561,-0.6559948781090402,0
0.4161781625818536,2.5968885545411573,2
-2.368221662124662,2.1612028819505964,0
-1.2749471625539475,2.293147606202537,0
-0.481731370362819,-0.0057711010072754995,0
0.04301165901372944,2.165806235114083,2
0.35040215514275574,-3.4164812125598574,1
4.760508327520985,-1.8881197195527075,1
-2.6224618905401087,-1.1275096912799292,0
-1.93953274046868,1.759222011845666,0
-2.060997662235449,-0.5147662465778559,0
1.3165156126832587,4.394194477932972,2
0.23147527950490693,-0.6740611664199558,1
4.393283060429667,-0.33302693621850665,2
0.34195344860289284,-3.4779868289572797,1
-1.1128081577708286,-3.0143195722294505,1
2.293432001425193,-0.42066495052173064,2
3.3606532335980135,0.05239224388385589,2
0.2815924618393607,1.267732864727472,2
-3.2031862651884944,0.566897705402646,0
4.118186205051522,1.0919722714448235,2
-1.7105091630471942,-0.7845741911129703,0
-0.10353581764710126,-3.541266789165316,1
-0.2514784269428874,-0.5026731195966992,0
-2.5053305466186813,-1.4652709982893428,0
-0.2292608005099907,-0.8765364466307036,0
-1.0151683956451787,-0.6285418177703597,0
2.795296766166831,1.2676668239829008,2
-2.284160658720523,2.7228398837918792,0
-0.3749834549805199,0.626114258396239,0
2.1432890708764196,-1.8146377020993285,1
-1.503239317923982,-2.0195011093645125,0
-0.829052655369091,-1.147228731693906,0
-1.7055142503619252,-0.2935039783741109,0
-0.7133925309121641,-2.7441624430248504,1
0.9236491793576095,-3.912274161824805,1
1.5426415464772198,0.3387894746944111,2
0.32259598800688283,-3.6875042104973947,1
0.9615880416414608,0.35062009895647,2
2.962181155631377,2.20121591479326,2
-2.481023067217031,0.5563536657175259,0
1.787592473375926,-0.8338291253426888,1
-2.0875536466521876,-0.3456372787140365,0
0.5924903658565014,-0.5931592004218902,1
2.948439428974954,-1.3583003138215624,1
-0.21574562169973535,0.12739942536482232,0
-1.3200929853019836,-2.1111556864832495,0
-0.4304303751764057,-0.21075994183628274,0
-0.3990102792605842,3.9451078925582443,2
-3.399800311812807,1.5759407357712254,0
-1.2527576525923112,-0.5761870440004304,0
0.8345257804096421,3.058583187464218,2
-2.6950451614802344,1.9903410107985644,0
1.1744010431802077,-2.3048936446514836,1
-0.020314401797080182,-3.07616769536514,1
-2.652796804299818,-0.6993843186876023,0
1.7436654207055668,-2.1685338578755697,1
-0.6318562102040218,1.595502121496756,0
-1.32590794628135,-3.536785090441714,1
-0.09742988304984117,0.3719989520635985,0
0.3166853823746979,1.309753116219242,2
1.002607806061924,0.3659547409087636,2
2.494681404481153,3.3472817982565015,2
0.6978664592454038,1.9348761612974725,2
-2.498590511261831,0.29191070687460424,0
-2.729130604765567,-2.3229848329253726,0
0.27235995148227915,0.12881060026620095,0
2.4439806314195427,0.5030507092637823,2
-1.1213126063579297,-2.043047009840436,1
2.3744235701909977,1.7908247828691655,2
-2.2592316073189367,-1.509115950665797,0
-1.1520340462542853,-1.9564110826750825,0
4.690717394120273,-1.9386044639495303,1
-1.394051975364558,-0.5016835438174813,0
1.3568109592562996,-1.932507479275144,1
-0.8690936435395187,-1.538255927853595,0
-2.8422681458433234,0.31692717231882744,0
0.7561156428221844,-1.135852919369553,1
5.0560307887016,-0.5029763108346132,2
-0.9447730265597057,2.7970361640308887,0
0.03396108582295934,-1.509217591856365,1
1.1341978514243012,-0.16708030461941997,2
-0.709538045567171,-3.3506255701148118,1
0.9436020241775914,-2.3678287190101552,1
0.15624840561942002,-0.05264702138535353,0
0.8221531618979133,-3.3556266464435276,1
-0.6275968501852895,2.7820266880442612,2
-2.8691430626117223,-0.8500188126711287,0
0.2536628770450921,1.3768086517845077,2
2.081594031176383,0.6543948579532656,2
-2.4081469327870715,1.5586962390241539,0
-2.1773921704077353,-0.8533325495633453,0
0.10675183852687041,3.824685300202529,2
2.6624667114943876,-2.4873953042714843,1
-2.1836857577841817,1.4076206836027871,0
1.6461175431039234,-1.7565030127860917,1
2.1032285800142247,0.15127788543873213,2
-2.642054284974,-0.1059363833287889,0
1.1046081878348617,0.7402485179690073,2
-1.99462927150685,-2.1515605844311985,0
-0.04136743587784499,-1.3980706157867053,1
0.78498220097335,0.17948090276861464,2
0.7682415024454213,-1.8441151323963823,1
-1.9741091566771531,-0.9726126308044155,0
0.22003817874637968,-0.23782045685308928,0
-1.1532499910391534,-3.156806076628604,1
-0.5123033480236424,-3.9093395867085796,1
-2.64484809884632,-2.0685269361277294,0
-0.9072472899663016,-0.5009407922567594,0
1.7877030479415734,3.6640389093204555,2
-1.4085235401757037,3.010345316400748,0
1.6777039267762228,4.457676265460562,2
-0.14135380508758139,-3.2627886119193743,1
1.2699805206410026,-3.0959996416728126,1
-1.6690408933677048,-1.4573156375099154,0
0.24818546878761913,-3.3594665905626755,1
1.004084512252533,0.2783231968405578,2
-0.5898550479339932,-0.1460046430959318,0
-2.843472042608495,-1.3111172994307305,0
-0.5573683334543255,0.31827138589844695,0
-2.0134698831228217,0.3344057454564391,0
1.8480612845122144,-2.954468343087733,1
-0.4000993702716362,0.6890572806202723,0
-1.1104500428255744,-2.0230994628280574,1
-0.8300530629024131,-0.3788610442552443,0
-0.000944303499986419,-0.8127905951053925,1
-1.7199872306020665,-0.597815459304848,0
-1.8962078517366747,2.319798556377956,0
-1.0749213964032804,1.0769172262764186,0
0.6547709407662539,-0.3812653392533492,1
1.1630734465733745,2.762110966781033,2
-1.2033979123255252,-2.798315991325359,1
1.911372829123689,3.6393132692053176,2
-2.021483768640866,-1.2617792939564085,0
-0.4208569662451151,2.5826352240667183,2
4.416062644805949,-1.2653610394024142,1
2.959411800165998,1.1810445449397964,2
-1.209343767397007,2.384182757036076,0
-2.3984153967261626,0.6649508978580727,0
-0.6397925961061681,0.41491324599573676,0
-2.790311666727507,-1.685061209447863,0
2.713852184706158,0.39740185173764775,2
0.752587859461947,0.32028218250042007,2
1.8468947704129886,0.9465675819105698,2
0.7275955933716649,-0.27390828392326627,1
0.8371528881559471,-2.6071295663696445,1
-2.104142190513976,-0.7514145971412964,0
0.6567740309893959,2.7943905588922173,2
0.7371201673713973,0.5792626091619243,2
0.3428535554970076,-0.31204129133170494,1
1.4786111918753466,-0.5182399647620488,1
0.8505855372112575,-0.23152438727458316,2
-1.29855606240125,1.7574508757265832,0
0.07374357105465625,0.29499090573401865,0
-1.1592680015021994,-0.7448392148473133,0
-0.8208998481420349,-1.2118184333580897,0
-3.8016214161491226,0.3774288395458173,0
-0.37755198100506615,1.6183150282084153,0
2.7600736194062043,-0.2969676122461477,2
2.1352537215477976,1.7289335564439114,2
1.9205839749461313,-3.264202805140903,1
4.538348924638024,-1.7537519148666099,1
-2.6944963718877695,1.1293269794636167,0
2.1531409418220915,0.9858711637707822,2
4.8133499270237,-1.1068526665686698,1
-0.3314286358067975,-0.33889823821645343,0
0.09536226668232337,-0.21056866865485557,0
-0.20783248614970887,1.2057374764039683,0
2.337936120335746,-1.8150756163118131,1
1.1942981333585367,2.9823285253478735,2
0.5998834684544624,-0.11961327584163936,2
0.4385326465965651,1.1718071728321162,2
4.919357569311542,-1.9311977389704444,1
-3.5724632110546515,1.8816027892424467,0
0.7141567420496752,0.4427634292982542,2
2.3996742780027356,2.637072084038972,2
-0.3189345859682631,-0.7393213371083404,0
-0.00334793093373277,0.48621536060808573,0
2.1866042818532274,1.7603094461657782,2
-2.5709739748692324,0.14174155549543185,0
1.2334300196824195,-0.17895345599835558,2
-0.8389140846459697,-0.6178467614951575,0
-0.5582179164612796,0.297991967326444,0
-0.8321361346923447,0.027666276590181133,0
-0.6702363418056996,0.31099231297976043,0
-0.16122202866040358,-2.314036580458545,1
1.5657361136842944,-2.7913405768957675,1
-2.6294822625697765,1.5093912317975757,0
-0.24935706785667128,-0.6905741045257724,0
-1.7719004138470444,-1.0693903336279074,0
2.130885794121729,-0.34846494197263317,2
0.5587481521215341,-0.25393219430254804,1
-0.20975864816166817,-3.255077948044879,1
-0.22396627915932704,3.9116466025007854,2
-1.9570493753504616,-0.8846456706177825,0
0.9040096014820794,1.1085893551955666,2
3.0603602896018107,-2.4994139360059533,1
-2.8262646213892975,0.6091631279198028,0
-2.4866588344071054,-1.3333177249312727,0
-1.0917204413121238,-0.5249438137243588,0
1.9207433549677242,3.8209706730459536,2
2.267145714497161,1.7808723227491374,2
-1.0662411561817764,-0.3615791159341898,0
-1.5323052624480349,1.2020993825716677,0
0.8762201401953601,-0.4482106745648466,1
-0.8733701596562572,-1.4653429286853594,0
-3.433340581136951,0.9618671872176182,0
-2.6700332723008455,1.1230333359447338,0
2.424564477502584,1.2602681145532817,2
3.3936803701455105,-0.8576689139995006,1
-0.2469465876327852,-2.658468292892724,1
-2.3549873025375976,-1.041239727237806,0
-3.5758180458036533,1.7709561525568234,0
-0.9395553408488961,-0.08609021973910254,0
-1.9019321785618573,-1.0955641216309813,0
-1.3537725632769344,-1.8870237106708936,0
2.35380911634627,-3.189936385422017,1
-1.1445877952303622,-1.7548912284183265,0
-1.1605838635413799,-2.599241257788756,1
1.6665507273676647,1.550761992146989,2
-0.3961942104272004,-0.22260297484625355,0
0.8894956010308709,0.9354186336659471,2
-3.092390004298065,1.1541711956971739,0
-0.8422683385166115,-3.7717771293671913,1
2.0519884415816128,-2.680909394765206,1
-0.09041867103921451,2.606616887943804,2
-1.515902725454059,0.44315315580480014,0
-4.0279413802025195,2.0345244570153214,0
-1.9835536367058575,-1.263973129490075,0
2.367719717978898,1.9331863609903859,2
3.7959551321101355,-2.092326178679581,1
1.2359676246910738,-0.17889156130414402,2
-1.4571285294074101,-1.7981927757233318,0
1.9597023136457292,1.8562205305240282,2
-2.005244823636938,2.3010582301467775,0
4.414006837049547,-2.0561658536605365,1
3.249340413950627,2.031196128064999,2
-1.5335723751228671,-1.9269617751066068,0
3.7118202544108674,0.47747929558798297,2
2.568012386094562,0.03940185885440928,2
0.8973027267750862,0.3306353034967239,2
2.086350455878754,2.616835799336225,2
2.325373071775701,-2.6122618847845303,1
-0.07339466737895084,3.909534434798846,2
0.23686431357414206,1.4551597561886398,2
-2.1679462116236174,2.0937702302226535,0
-0.8532029298016475,0.9370617772500237,0
2.9401384252648985,0.45706839546232014,2
2.3590986404023053,-0.21398673880452865,2
-1.447869852713796,-0.6457490564014178,0
-2.4679152148746284,0.989200174814082,0
1.4453392130692562,1.3043665796051933,2
-0.8553560155830519,-1.4226600556325322,0
2.9396543615099904,3.3311240030497444,2
0.40469626728273383,0.1975370173952895,2
3.254554117179268,-1.9693438802688215,1
0.19626018960092953,-0.28474347571504055,0
2.43836768266162,-2.762246670542776,1
-2.5718240816882387,0.3984145974585732,0
0.05714494478294181,0.07881339542307554,0
-2.4244351784832054,-1.2756675847442236,0
2.8400062345306947,0.898897532568626,2
0.641103851147644,0.8545594822410222,2
-3.281795215328566,0.04866015543918289,0
-0.5614328097773705,0.6845887301052407,0
-2.9040279051878746,-0.6901899054405309,0
-0.5182359865742212,2.9194774097411185,2
-0.7559669960781584,1.3982453482576807,0
-2.203980010635726,-1.9452997303622948,0
-0.3522371463559905,1.7759441575947505,2
-3.182053140328084,1.1407807814739357,0
-0.6121544802965132,-3.179026547440077,1
-1.3326717704668432,-4.861063931351097,1
2.2800317963256385,2.253003010296985,2
-1.7827869503284226,1.5534006857938227,0
-0.27518292925194154,0.059121841633724526,0
0.053936760944870724,-0.5240710778541148,0
1.9663459465905189,1.5939774058331229,2
-2.650209060485847,-1.2519945541710897,0
0.5488841078863534,-3.9997233047433967,1
-2.1890834993412622,0.433571551412534,0
-4.158901627671572,1.8756599565156922,0
-0.2787635555512339,0.6935550035314557,0
-0.7567654457515729,-3.3416443893600394,1
-1.6419197787953121,1.66301162478161,0
-2.0047594513029035,0.19269749496166286,0
-0.5244073053670631,2.474003111687676,2
3.5255893514553964,1.8443527869708816,2
-2.5003941785881376,0.8370606440637215,0
-2.109267980792036,-1.1811406103344917,0
-2.446276816008981,0.929019855225466,0
-0.9345919573443878,-1.2440063847351308,0
-3.31381097726149,2.516885501465046,0
-1.8867804570007254,-2.193712481755658,0
3.2461668553392804,1.3579645121933734,2
1.387000020992072,-0.14522310128683052,2
0.08041553893965599,3.0496244329572715,2
-0.21314067864964317,0.1886584766362646,0
4.21386573474055,-1.861367887643071,1
1.6604362474892902,0.26162971632464027,2
2.5359569292195303,1.839113213817981,2
-2.556901493942299,-0.5293554474218618,0
2.964496606617563,-2.333982167525234,1
0.04364627898484254,-0.2643239602424803,0
0.5827518139034895,2.273804749332968,2
-2.3462261130907054,3.0362919288434145,0
0.39966365314171787,1.1570998349734536,2
2.5639748019194437,0.6229877184284797,2
1.2102949185074603,1.227853721847212,2
2.4351088582909775,2.721366463149232,2
1.1294036287233786,-0.49643319842807093,1
1.6999704456314484,0.7085059617826196,2
0.6851858756930949,0.8334301255063736,2
-0.1710760876227775,0.24926796823039535,0
4.464340995746102,-1.0664279883791057,1
4.13589602793609,-0.9026892410199346,1
0.5229720479242362,1.1364188952000411,2
1.215743115115726,1.0099018917195284,2
-0.5328835550147969,-0.3326777576077755,0
0.9572315410029096,0.17631352772562373,2
2.430230155815427,0.6182637077892641,2
-0.4809655077567454,-1.422508507575599,1
-0.5457433128066015,-4.152032710273742,1
-1.038937506621962,1.8733293738947343,0
0.4201226593311951,1.3031121457797086,2
-3.213600777869715,1.6750428943468207,0
-1.3727286780643737,-0.43963163823818835,0
2.8542957804111033,0.9566443974268726,2
2.2467819717285047,2.273664484103043,2
0.1663362838268899,0.28339162276732505,0
-0.37198710594340706,2.751443922609588,2
-2.0134553469760337,-0.828004150130131,0
-0.5826004426180859,3.271737503514881,2
0.5732061011358545,-0.15898808411160917,2
0.4832193837746914,0.12935221836706098,2
-2.18608259059986,2.0654029075666998,0
-3.3614931630635736,2.1710962578219,0
0.23770262258914127,3.0116508066838454,2
-2.9048907119050043,2.5463580208222325,0
1.6812014143091127,-2.809976706835588,1
-0.5934511677118718,-3.1918244828012474,1
1.9217459210543661,-3.2866008681440597,1
-2.2467277967643255,-0.5744316445978233,0
1.4935153861688875,2.372242313359074,2
4.566163731727869,-0.23309234813494842,2
-2.187304723624532,-1.5115030685182147,0
2.446737058627535,0.8506111328766421,2
-1.6578507345127433,-1.9708758611772061,0
2.809223190523083,1.8995469977530635,2
-1.6809713499119914,-1.6479519744457953,0
-2.868577993107026,-0.0321519469004436,0
-1.901265564889743,-0.4739477717186906,0
2.3758952800474518,0.2907685127191615,2
-2.0208078983787807,-0.4157823654592836,0
1.25708852037514,-3.8342297139497075,1
-2.248192629867231,2.290082769050944,0
2.02860195568563,-2.5928155278623173,1
-0.31011255621577477,-0.13541232301555686,0
-0.5096948624104143,0.4311096375853878,0
2.393883713473903,2.685196153512472,2
-1.273332973654773,-4.1828825339099724,1
2.7062147769542033,2.8798539021001015,2
-0.44447845254139173,-0.22747747709334298,0
-0.7289574152268181,0.02339301323148852,0
-0.9565953568421983,-3.2051155724112483,1
-2.131470244104173,0.394345010312232,0
-0.4070861861034427,3.392235750175204,2
-2.7255585894030188,-1.350000596037546,0
-1.1048625231447233,2.965268406073799,0
-1.9026048171733878,2.3750674934897513,0
-0.2562105141791288,-4.311670226507672,1
-0.18906391527774402,-4.3495095249137705,1
4.443862922213571,-1.7553766098557404,1
-0.9180976396829678,-0.4663502102886241,0
3.7655587657600913,-1.6743845007545057,1
-0.15425833008522413,-1.271622538728685,1
-1.4879957013792946,-0.844953577953685,0
0.5049203434125388,0.2276338254193181,2
2.535765677785141,0.026648174296625426,2
-0.8665682171311176,2.5178436926120833,0
0.5047409550797483,-2.587552779217796,1
-2.3826023289139275,1.5652944069182175,0
2.6555798099314307,0.3960626608018449,2
-1.4017071923381395,-0.3772204839318552,0
-1.89860666472219,-0.6137755290529059,0
-1.5942596411850996,2.299549760656705,0
-1.0942033605226258,-3.8430435397331775,1
0.419912632561792,-0.12425876063800774,2
2.141288652472732,0.3892060308047806,2
-0.034913616932400394,-4.527297211734763,1
-4.126715062174063,0.46901197435975384,0
1.793021227751334,-1.5717987596037493,1
-0.8541891198125251,-1.4323151460477666,0
1.5562425563679163,-2.9484213162199544,1
-0.21573730439053318,-0.5660459153661257,0
0.07373645755368222,-2.760077741321428,1
1.609678061179906,-2.4846577781606105,1
0.8573412564465156,2.9007658571799184,2
0.5704291978406321,3.4999906212564484,2
-1.9194304137840483,0.4292085166511801,0
3.0604610562254395,-1.027324019451378,1
-2.02073213337072,0.7613368945772142,0
-2.9765334422517062,1.793242399913853,0
1.2866805928188758,1.1932939601381642,2
-1.9959007192716602,-1.504606291075318,0
2.589718421006113,0.46118451807861544,2
1.348166836763552,-1.0455342491463318,1
3.2933763007879837,-1.973530253620696,1
-4.5202913060011465,0.9660324287614045,0
0.6493325501105061,1.2656374488838222,2
-1.9343874770745335,-0.5084988308375592,0
-3.01050496519821,-1.5353981413370896,0
0.8307589820408146,0.4724802607405601,2
2.3214197241002648,2.3432742456525824,2
1.3552196732106245,2.029555637442868,2
-2.2629124401810783,0.9887247661403866,0
1.8911317854748835,0.7881192571412222,2
1.5125544572660274,0.5789577221119293,2
-0.8336328576109397,-0.8063079608840872,0
-1.0770347867885988,-1.319707306817982,0
-0.05575218809019634,0.17931123073768124,0
-1.0582810230221145,-0.6576857656023415,0
2.1487836033948047,0.995087937763132,2
2.901003869518241,-2.7997899292246085,1
-1.7030934521439713,-2.144238799827897,0
-1.0569409600830433,-1.650245853800979,0
0.04687028815755804,1.9503929615323496,2
-2.6254362485911034,-0.7897479671223533,0
-3.549208381072187,1.3580802520128077,0
0.9255085741773794,1.5094977161389778,2
-0.5240811294658675,2.6371854157074557,2
-2.0544600450369783,-1.7052370506985914,0
2.712563045996319,1.4532014061146965,2
2.8566395804560587,-2.0931957885152195,1
2.91973810845844,-1.720203148623658,1
0.6961720672293509,0.4717914081703264,2
1.0397567696954824,0.8930483272502963,2
-0.26084886248046996,-0.30799824010041427,0
2.8144362619639427,0.31778878256249193,2
-2.7388638725659527,-1.547790330967176,0
2.5719177916765434,-1.3976787944470475,1
0.6069631295362905,-0.8142610498817004,1
-0.4638214777375204,-0.8010378212008461,0
-2.9498421277230085,0.994752477599167,0
-0.767948995002435,1.3359181394774347,0
1.864259800920957,0.05635445792636645,2
-2.811081094167998,-1.7921607964861535,0
0.013731412276471185,-1.1421641919687278,1
-1.0810831903137403,-0.5960688832034468,0
1.5906193590865263,-0.4830598154889671,1
-0.2874797363700644,-0.4772179832036143,0
0.09446173611284989,1.964053229059432,2
-0.2965020876128939,0.8261412341621063,0
0.037872717998988926,-0.3241222017729788,0
1.7549539894688726,2.0605918405215577,2
-2.955538532926712,-1.3705531065609065,0
0.24638638609478947,-3.7796643041975813,1
1.6662382964080458,3.4464416322396056,2
0.20201370493937848,0.1413836016613167,0
2.190649854759021,3.2427233426662148,2
-1.7245625220568657,-0.2601620138772247,0
0.14848033558221624,-1.298882442554424,1
-1.947019422926409,-0.3018724250149869,0
-0.6706900025590811,-0.047963840355633024,0
1.6529518047210374,0.4999289129161658,2
3.0095880973670104,1.3733272607889377,2
0.48786154876073595,0.18869050331886278,2
-1.108672129106058,0.24746775294775486,0
-0.06149493141742302,0.37568160888663454,0
0.11124621487780868,1.4022948192228815,2
2.0265554763101483,-2.3446854007742677,1
1.4237618504590057,3.503845872173348,2
-1.799814064926438,-0.5618474203594488,0
0.06256519478545357,0.46468178127150817,0
-0.45403111066646046,1.419180695668812,0
0.13585660737982821,0.24528998839480465,0
0.0026928151357135982,3.610829223322492,2
-1.3264961465790177,0.0800078660931669,0
-2.73039749628118,1.7240199882272302,0
4.202889490739929,1.830069854526955,2
-0.5652792034585054,1.4037342166317712,0
-3.5319327828657494,1.7065363247842273,0
0.49073634552366563,-4.097201396994856,1
2.3773323824658323,3.4870747020562964,2
-1.4453389299049553,-0.9842924742388349,0
0.3110388748440291,-2.3757541537976077,1
3.6899862283455485,-2.182373637534628,1
0.665549681484353,1.884461414456739,2
-1.4118425496781577,2.5007736680310906,0
-0.4797572183233707,0.317703726691751,0
1.3116037790756683,-0.3720331089904197,1
0.3379152733408579,2.074631841550168,2
-3.1638631380293485,0.8302146324457784,0
0.04783408185629509,-4.064026292532317,1
-1.7514965178220459,-2.2827714204978133,0
2.0068748790743545,-2.691811263609675,1
-0.7038118065965429,-0.9769361838437557,0
-0.4903617921409251,1.7681437805586764,0
0.31937327519822806,0.1976876941867039,2
-1.108135017898024,0.8421725456004173,0
-1.2303216379425788,0.822389801037953,0
1.1068609037346728,-1.7178253376769494,1
-2.111819875138969,-0.6160070191514202,0
1.2073715933754063,1.0045550179207445,2
-0.8270261251382022,-3.6584687580849664,1
4.308815329110895,-1.1442781290501503,1
-0.3442408801353478,-1.057160623309692,0
-1.8759062113597822,-0.9499968808752038,0
-2.505914516172461,1.8494496814796566,0
-2.3307169069694558,0.8683248722327617,0
1.3233072216888269,2.651961710350456,2
1.658977645673874,-1.0745553263819998,1
2.4680161388727635,-1.2300993017709392,1
0.7366449348875159,0.3770642637529514,2
-0.3633316147064388,-2.8751408716590774,1
1.966293403333832,1.0072926354501681,2
2.4060902824022943,2.1464295494558043,2
-0.9003410440962436,-2.096717957480148,1
-1.9105217677590571,0.1427910991939448,0
1.4389474381696534,1.3381696115680506,2
3.165623386689818,2.5586280524553113,2
4.5973330457478605,-1.572130859900397,1
-0.7263265858859841,-2.74370473628356,1
-1.5258191687578344,2.7561561474601515,0
1.0627046576618735,2.722284103048522,2
0.7031409656274867,-3.280375118171521,1
-1.6789469443699938,-0.6806353863731462,0
-0.2880667973757543,-3.0047497448023326,1
1.9880499987963554,0.3343378628623379,2
1.659817800600239,0.6644607269641031,2
-0.17529993428638757,1.4732651733212618,2
0.44800821486179304,1.4261682831759388,2
-1.1282862087451286,-1.4489231500337045,0
0.30379564017067767,-0.8409301162123715,1
-1.6498716517326826,-3.701500686439488,1
-2.109200612618542,-1.7774937964364173,0
2.2359913462875056,1.0948393421648202,2
1.7190170887292149,1.1130339076957303,2
-1.5809653779074904,1.5351500775196254,0
2.9755096944655524,1.0155145686111393,2
-0.07691961982371015,0.22087023140272558,0
-0.3523480127633644,-0.582065331321391,0
1.3074692180083072,-2.8052432263804246,1
-1.7255227791443604,-0.1563537589880168,0
0.9911975656036526,-1.2168660591303961,1
-0.06699348053707163,0.75442342832543,0
-2.635407305218109,-1.6106595793445961,0
-0.7583664444353191,0.7832206162901143,0
0.2434334049186297,0.40131451444091926,2
-2.154738530024232,0.7996731333997059,0
2.1155879086573828,0.5973731124341006,2
0.0314533574335974,-3.824535880428764,1
-1.6620913423353978,2.8585797787549874,0
-2.7541525752530855,-1.5992312337471428,0
-1.0795476933220447,-3.6948314277075496,1
-3.7457772382052195,2.075969691775384,0
-0.19716777962610768,-3.0073900289375506,1
0.06424523319349885,2.5336927778957947,2
-1.364583478310128,1.1759329549807083,0
3.2174966822979596,0.0062748057150939255,2
3.9269895645809307,-1.6471601657857686,1
-1.2138955222173304,-4.077048597639623,1
-3.700927856962487,0.7834883758918307,0
-1.194276080975926,-1.0860644454526007,0
0.26956084908100403,0.5138807416290114,2
-0.9049101576242823,1.7474827047961676,0
-3.1594967880814133,0.9100181319433741,0
1.0895108683180252,-2.263650720720675,1
-2.6245148860426233,1.789692459752214,0
1.3623985649115444,2.582670157019544,2
0.5200009512674396,-1.0499184717393375,1
-0.9116909406125266,2.6098973412187796,0
-2.381412240919137,2.3832642171581173,0
2.1645726908599174,0.9166006029364969,2
-0.6370652132240341,3.8548771769017196,2
-0.2107998478213838,0.9340450813644998,0
-2.515710850187173,1.147656701312669,0
-0.16571303346963992,-3.587440083766469,1
-2.787596082856241,0.297870209271297,0
-0.20454485875414208,-3.784724555071675,1
-2.933153164573886,0.547673385151511,0
-0.945619437691825,3.510228448136376,2
0.4400878384190939,-0.605993587195741,1
-3.805876276038767,1.0589158398958192,0
-1.3412787384857963,-3.2771540248457014,1
-2.238232574913693,2.2053898688237012,0
-1.7449994958058264,1.5770777874383648,0
4.279420955102163,-0.9741509061548237,1
-1.0577759145065777,0.12918108899977618,0
-4.089622274685309,1.8872152402190474,0
-0.8402547270454619,-1.5002259685762442,0
-4.213233273353765,2.193407103311724,0
-1.875611138561478,0.46447194375711404,0
1.604578673639543,1.0196113977715748,2
-1.9336439637956417,-1.2957896797484958,0
-0.9932327212905899,-0.013103718530104811,0
2.099952340108246,-0.33866539850178634,2
-2.0622589141193295,-2.2861605404577876,0
3.088842573967269,0.6200821069041552,2
2.5798352165313627,1.6635978845619936,2
1.8051177112979302,0.2568990266199228,2
0.1969061339045938,-3.4202625572994325,1
-1.3297482164133259,-0.15017758807610918,0
-1.8555676598475983,-2.2046211152614164,0
-1.088039463569638,0.5945883656130571,0
-2.66733334321896,-0.6128200570250426,0
-1.771547559420076,-0.6233797153886552,0
1.8398721059249734,-0.6700254174457196,1
-2.5638009128077233,-0.2660206466630406,0
1.853336451959996,0.20821707831187725,2
1.314934056760357,-2.691059508905773,1
3.8857024457483074,2.742067512706691,2
0.8019121062438992,0.3518775191724635,2
-1.5581313857775756,0.22617998283236437,0
-1.2621710031035231,1.423212474209913,0
1.3134522085657885,1.3443769359284998,2
3.8269190294067594,-1.4280942639356524,1
0.3801395643911055,-0.16682099456190266,0
-2.465685068705226,-0.570530577684032,0
-1.3843898082077424,0.018144594520918635,0
-0.40568384816670644,0.673708512450208,0
3.10840334492791,1.445641118182904,2
2.717319513892913,0.576829181562701,2
0.20338392028291466,-0.594568962048618,1
0.3711939417769249,2.134564728801124,2
0.003267739838506432,-0.085287906926667,0
-0.7514681525456227,3.412140690676465,2
-0.1654981974197499,-0.2067376436853948,0
2.4682247541954037,-2.4685477819881005,1
-1.2206240989780013,2.7301670879463975,0
0.21924824005568538,1.004003334985839,2
2.8623886765275883,-1.2064421812778965,1
0.795232007082062,-3.3720183536966286,1
-0.4012021641913792,0.37213239457734903,0
-1.865396893833354,-0.7952647241845326,0
-1.4678774953577058,-0.7126149736873413,0
-1.9321635431476454,-0.5874889702228459,0
1.5168276762383808,1.4432408488007977,2
0.13867470865570258,2.306085604945427,2
-0.9433054737818727,-0.21798704794394894,0
-0.603835827236848,-3.2997118819872444,1
-1.5776579314960322,0.09069332603600679,0
0.46028613326655804,1.2425705646233691,2
0.13770265150135358,-0.25591177218707134,0
-1.0541660599399143,-2.0408111818250547,1
-0.2639754883180574,0.2938686501380596,0
-2.146855612423189,-0.9793843095954154,0
1.6011265058916202,-0.34342520627998396,2
-1.061763341356307,-2.81221341906344,1
0.5450872999407929,-0.13647583488958703,2
1.8154322315743388,3.083802268888317,2
-2.470891321245276,-1.8723160512626558,0
2.203185572873986,-1.3797631747151247,1
-0.9463173396983638,-2.9699025325441943,1
2.195450532076878,2.57581310992204,2
-2.528072780706387,1.0157739469779448,0
0.6865149152671379,1.5900932164271873,2
-0.6054172364260737,0.08592507300777656,0
-3.0250703853771252,-1.4421774068216717,0
0.38707493429398515,-0.22932806714076837,0
-0.31913421926328484,3.587061457088989,2
1.701896486501781,0.650459478492621,2
-1.2092074235610735,1.0162167339084502,0
0.14267527134224267,2.472697693949471,2
-0.025152376271552968,-1.4673926570238163,1
-0.49065392243853245,0.4812815330061157,0
-0.2423784807778312,-0.23647894517809165,0
-0.9473317197512189,-2.5784938102166852,1
1.0221982865810528,-0.483269132147074,1
2.709675376556178,0.433397304066807,2
-2.0738223342799644,0.5174221070615649,0
-2.0953065027625124,2.8574799035955913,0
-1.3362363443833785,2.915527356385573,0
-0.07756582525793902,0.005660436438983246,0
-0.05592003701774996,-4.207372252006956,1
3.3846635757982098,-2.3450375946773874,1
3.514070119163616,0.9649552090779333,2
-1.163767213336565,-1.1509279975635132,0
1.7718908843476804,1.7231710664302697,2
3.2847751342092413,0.7110974001218482,2
0.24932272865175611,-0.09464134362571233,0
-1.6474538890895594,-1.1848293812943096,0
-2.0946710209438804,-1.1050863779149827,0
-0.5010598799578451,0.38164567670523697,0
0.10192918989843638,-2.550876963921275,1
0.23090104675632464,2.652172343305773,2
1.7620200614941801,0.03926296199188414,2
4.817615461163332,-0.29353065807511675,2
3.156073673764324,-1.7633554289314737,1
4.395709102336626,-1.4689120369425095,1
-0.29936611247935063,0.38668565024790663,0
-3.1316369555446175,-0.7689003852005019,0
-2.965393090597934,-1.3851748315029446,0
-1.8309178168136873,-1.400667452348462,0
0.2785930202122859,0.9700229251813086,2
-2.447169776684337,-1.8060850794027108,0
-0.3674049419943109,-3.8077277316801506,1
1.5509449965433026,3.0292676562564975,2
2.536114073481314,0.8150582125585293,2
-0.6213598214296294,-4.425253425035595,1
-2.481268200676914,-1.9411632279602145,0
0.28572626021917696,-0.7157543969416622,1
-0.5459192912968461,-1.0341826169480501,0
1.1619571160308704,0.725435778094616,2
0.31270698287102083,2.996986366663227,2
-3.5667458085707047,1.8629363292909882,0
0.19591611590935115,0.6660714761001595,2
-1.657088136690749,-0.6003496121300311,0
4.284412595507386,-0.9064971324947094,1
-0.12055890273870262,-0.41322302177404496,0
2.403449327484896,2.8813529971400147,2
-0.4402898428071159,-2.4713958794727935,1
-3.322774368098626,0.6355966210817632,0
-0.6929301253908055,-0.5452000756621361,0
2.1988546729811453,0.7934014285996847,2
0.6199958775225961,-1.0420019025607818,1
3.7584823397248153,-1.7029716335580616,1
-2.2107751719378417,-0.439938247657666,0
-2.3015225722409176,-0.4264800690777424,0
-1.3040825451521345,-2.7678757670073346,1
1.2050481615023165,-0.6764476517566818,1
1.2626664127086535,-0.02657636849624484,2
1.763845908211291,-3.212553274823276,1
-1.9144352785749286,-2.1496924336949714,0
0.9219470474429335,-0.9769973194513459,1
-2.0500585774269946,-0.7267043716005576,0
-1.0564152666980604,0.9817282662714703,0
-0.29198888974708587,-4.019460641899406,1
1.3578357573506776,-0.45287880299456795,1
0.6035999172040329,3.5037809510686286,2
0.06436805469293867,-0.008116687686018068,0
-2.8761056460822814,0.5768424443088068,0
-2.179299836190873,-2.543655054008088,0
-0.7746457068052719,-0.4279627372598609,0
-1.2920468575753408,-0.5483116457379459,0
-1.1058648817109498,-0.6076662433239886,0
2.938371736852952,1.8010764544730207,2
3.6810709086559066,-0.660044836090729,1
-0.7106397723120466,-3.748175809291378,1
1.537625555304003,0.8467774686807252,2
0.7002622135389591,0.519459751250464,2
0.1504749861819229,-1.1419781630127217,1
-2.077526115985724,0.08587083347910922,0
-3.630571004596961,-0.6204270722208534,0
2.6258596845236113,1.7367738526939958,2
-2.1763007776436014,-0.8144857916419176,0
1.4990123211011588,-1.6558664518724322,1
2.6277828740533944,1.4794043692620231,2
-0.7029644003868117,1.1983847181194904,0
3.167048513979377,3.3853786663013445,2
0.5419358651887951,-1.0236950787803691,1
0.28098880139032945,-2.8449906396454607,1
2.6225202101907614,-0.9215853259662609,1
-1.510701053404068,-1.5014549173752942,0
3.7521655214338576,-0.5109762454126755,2
-0.3688854223014619,-1.0006652749482083,0
3.7349545898616743,-0.9198525858252299,1
-2.3555284699922323,-0.4670171577730938,0
-1.0937389113781886,-3.217652203482206,1
-2.392647125729253,-1.808497447510372,0
-0.20669462724705562,-2.486879186640066,1
1.025257128112399,0.183976786084417,2
-1.7340660120537457,-2.201047943877732,0
0.7983840692070915,-0.11216793682522865,2
1.7974914273202378,2.2149003150335753,2
3.0097819743308247,-2.513694250861342,1
2.126465632410036,-2.2601404439782113,1
-1.4782168941803293,-1.0627216614753228,0
-1.5915523742247764,-1.309105603402998,0
-1.3433742034487344,-1.6398731090751142,0
-3.38019142924511,2.2582065937535485,0
0.21928047306622764,0.31548558087010686,2
3.397631504214386,1.6679066742072293,2
-0.5239811606041028,1.1816938170176472,0
-0.24976156345086536,-0.2833490896663413,0
3.0061725975127507,-1.1654127888291708,1
3.2514976160407043,0.21840843074864738,2
2.2595371223340552,2.2965275083680066,2
0.7331133989070405,2.193134598558219,2
1.192434716134795,-2.638361722286542,1
-1.197395410620759,-0.30993003888169685,0
-2.260181445018159,1.6249335778074792,0
-0.2994218369239916,-4.043807232905005,1
-0.8863325425709186,-1.7085750435135652,0
3.094164804179191,1.7325453707329805,2
1.605356033940537,-3.1764273621141363,1
-0.6421406783812811,3.112822645975153,2
1.4570551858941523,-2.980421226207515,1
-0.39217283297997774,-0.5786653934888168,0
0.788659879590678,-2.766367147458121,1
2.8027964877962988,0.7047034110614591,2
1.2419688127885322,1.8533504914754348,2
-0.3331566650953088,-4.001701457534569,1
-1.2656926010556349,-2.1557835391893767,0
0.6033299139540688,2.0805485702862767,2
0.343006365129771,-0.3440315752538276,1
1.630747388450918,0.5761423320650637,2
2.7157584804290624,-1.065973458481513,1
-0.36473970931126715,3.9968793473215602,2
3.110100330440577,2.2691426324102597,2
0.9869764592152545,2.5516965128926987,2
-1.1974830776565144,-2.0282112940432078,0
3.6505385571620073,-0.6476892201475157,1
-2.241143894881323,-1.824726725123469,0
3.5295359567793296,2.540990161978636,2
3.2947995002121075,-1.4995467728937544,1
-2.059446401229824,0.35810087822051473,0
1.3708339221715482,1.0067937220406198,2
-0.24053218333225054,-0.9537659841173783,0
1.014154998615578,4.7649933560719155,2
1.006991001097492,-3.2761723432071763,1
-1.3296702886044884,-0.5132504984624653,0
-2.0865387003518694,1.2713033438699743,0
0.41408647085413575,-0.6862567422120674,1
-0.226484154106465,-1.0990925183026024,1
-1.9823850307631976,-0.778634480023335,0
-2.891657975774521,1.5824252197279514,0
0.5131487085678718,-1.4272346456601905,1
0.487698722049186,2.0961704453175627,2
-1.977507197213666,-1.488301975167639,0
0.022270041391678288,0.09592549602809698,0
-0.5111222758559911,0.5345099897377358,0
-0.8965265876337203,1.2678411629102337,0
0.8363091106138221,2.379300187992483,2
4.334654356078215,-2.074253237650424,1
-0.7652157678146895,1.130301408142243,0
0.2075586983976645,-0.5740013466238716,1
-2.2419401604958655,-1.2893257703224748,0
-2.294047912552375,-1.134898893467265,0
-0.46486276946227867,-3.9046732372239346,1
-1.7382416925510824,1.6912959765427524,0
-0.905582733692742,0.3284569325169169,0
0.22348768496083118,1.4018111783280627,2
4.781309847529051,-0.7225917081934267,2
0.034328899248505594,-1.0112014216031096,1
-1.8084749430426006,-1.6870313625255777,0
-0.5345106592323342,-4.30163783636374,1
-1.995901697916152,-2.425600891832878,0
2.5243306832890657,1.0926801331987002,2
3.35852758812419,0.15298029404184543,2
-1.7660458582941374,-0.4323286268608141,0
-0.5819224427655943,-0.10383998204765225,0
2.08201077785272,-0.17472841233215053,2
-0.673159697403379,-2.7785689590416727,1
0.15551218772620742,-0.7306962508027057,1
3.299141857354662,-1.959493923447839,1
2.418283105510079,2.6122642014787165,2
-0.4855337977315444,2.460455395690167,2
-0.16784192189181907,-3.4825903648371264,1
-0.5110171158707909,-1.5810253438904138,1
2.788256606341069,-1.7603140988017698,1
-0.3952025932822806,-3.653726317516104,1
-0.045392038814207045,-0.4910995184318393,0
-1.8852418007162064,-0.8326376684437833,0
-1.5308201916864015,0.5939787004664545,0
-1.8346348362146092,-1.201479622889412,0
-1.9262879161405393,-2.0930765528148974,0
4.055857532585961,1.3609024755195114,2
-1.9713799001417347,-0.6881023487399567,0
0.33557973547891795,1.1033920298429791,2
2.7944934121918314,1.4373365337918056,2
2.818812046026002,0.6722493990430712,2
0.4732469176191095,0.3929717284002516,2
-1.2068500191902545,-1.3012316852098336,0
-2.0731477331925334,1.034487709287197,0
3.763459444454833,-2.303174071295389,1
4.599358933455231,-0.7011845203940865,2
-2.263894355660573,-1.0645535269127229,0
1.4828034158392789,-0.4791185266846411,1
-3.2769888828345968,-1.3322759225102203,0
-1.3655386473268323,1.0954058133500972,0
-1.6130194139165703,1.3371898625683885,0
-2.831198276505296,0.2309112478885631,0
1.7058841770282165,-0.8079017106401293,1
1.4537597435046612,-0.8720802732142989,1
-3.910384088968876,1.947169856134524,0
-0.6991157110940689,1.84888231805704,0
0.07457497171403153,-3.955188791513985,1
1.2622021041916534,3.061728725014449,2
-0.5451670563009897,0.2533213116953028,0
2.2092657775848257,2.920239212300553,2
-1.08428055376211,-1.6724426495309352,0
-0.7198604090786248,3.004006487660486,2
-0.3589053381767938,-0.7461115321484382,0
-0.7599565074585007,-1.157333926320322,0
-0.5592765579136942,-2.856404203420522,1
-0.5465165894453226,-0.9924199175946526,0
-2.264332916118036,2.2940971393233762,0
-0.9256859072374974,-3.889550471698531,1
2.077546283694219,-1.878640457348845,1
1.9994703937649088,1.759418032216862,2
-1.7430004630765348,-0.6705154972339861,0
1.7310354775750993,-0.008513382995049964,2
-1.549048666417495,-0.42903004162048336,0
2.1801589739362766,1.1317513569766084,2
-1.1219957843967265,-0.08587993144797532,0
-2.976997376789806,0.17594668325040638,0
-1.3896478999507178,-0.365573003937247,0
0.2625250474855686,-1.4512521101055547,1
0.6853287777770333,-2.4913826907646524,1
-0.8953246792627032,-0.9178997014619775,0
2.3702492724122406,-1.5756232768040865,1
-2.219042461526298,0.8249411742968059,0
-1.7821893782653155,-1.1056220797415424,0
-0.259452693626916,1.130711469330272,0
-1.1603962652415543,1.380936131568443,0
-0.5533769097320278,-2.693601019489657,1
-1.037023199995051,0.08061751534229053,0
-3.0569852770110537,1.717432927153816,0
0.05654969566639754,-1.0021662477083382,1
-2.490974343866422,-1.762198016687653,0
-0.642511484611213,1.0286246266025467,0
-0.7871604593115005,2.3767231352612574,0
-0.7486141355022614,0.4484801890023719,0
1.6062690541354443,-0.6142629741992384,1
-1.0430912430215835,2.37412752033034,0
-0.09292339496383219,1.2393982317316043,2
1.637741604280454,-2.4996154259822494,1
0.2194082141143995,3.287659926390716,2
-0.9653344815717911,-2.050962057275849,1
-0.2840343632411579,-0.037067851146761296,0
-0.9434826482819283,-0.867964967380349,0
-2.566577001902118,-1.556725907843881,0
-3.546569533900345,-0.04855867656657235,0
-1.9246802111113535,2.4276949932642036,0
1.1647603578021009,0.4522901328297159,2
-2.286104361151673,-0.7038649472756346,0
-2.5059198352249203,3.0644149046294697,0
0.9402806853465014,2.0442025486221755,2
-2.433467798431709,-0.9065757437281461,0
0.5370651831347645,4.021645981140119,2
-0.47134255577233913,-1.0631763093475162,0
-2.973584422198686,1.0517532177541107,0
-0.08440799485524472,-0.3864504133257498,0
5.470840413545076,-1.4861638371141543,1
-0.7277871456080662,2.7668122239153368,2
-0.6304814456876682,0.2771621381231828,0
1.0075999332649723,0.8230879825709169,2
1.2896741383631405,-3.480708483408696,1
-0.4474825184265878,4.093392686411424,2
0.8384492037274475,0.6495338244200792,2
2.0384196974097355,2.1588785726988187,2
-1.7709305065981258,-1.6669892667919133,0
-2.7180429979039675,2.0564786937644453,0
-0.836722482603206,-1.6012623121984217,0
-0.6021757335782132,0.1548578310888448,0
0.01904852864973263,3.3932876789629995,2
-1.22140124310318,0.06832820634197807,0
0.6084761396582969,-3.3083831087323587,1
-0.9012388104023195,-0.33952817632381305,0
1.4576754749697087,0.43571150739908077,2
-1.1759963148359762,-0.9502300760155156,0
3.5605418101735493,0.028931588281696376,2
0.45108473975987057,-3.6935972818807423,1
1.2732269762911308,3.99928783290211,2
-4.017588560831197,1.6446652824451677,0
-2.403302304350182,-2.0127071629099405,0
-0.7011776774613575,1.4717556389097155,0
3.474003531110329,-1.9331606792174167,1
-1.1047947889517131,-3.298065411911307,1
-2.858026018659871,0.4041683426052721,0
2.644087178653656,2.564148469369582,2
1.4790470924056214,2.7444995967549035,2
-0.11163329115115851,-3.900915431991601,1
-1.7817038200599702,-0.558220889705618,0
-3.481743874456948,1.8721815451472295,0
-1.052887816206317,0.7687074762766964,0
-1.5265507414191613,2.8904638774603333,0
0.3141951080708203,0.8888024536049557,2
-1.6785116456628628,2.8336861092015337,0
0.16702131788442476,-2.994374392665319,1
-2.037804047590805,1.8949488556874858,0
1.3710914477058143,4.538895774716376,2
0.5387492058238605,0.09255440443939923,2
-0.8353865991850851,-0.6995596760603926,0
-1.728123702462246,-1.371844433559716,0
2.9858315438536964,-2.090910032789125,1
1.2971525321572064,1.6239102394480538,2
2.7236312965949003,0.22495399421043194,2
1.793967223312532,-3.0150914624826255,1
-0.0005442636377818096,0.3721603828043258,0
1.019947405435308,3.256336329887748,2
-2.15115459223208,-2.257157411914435,0
1.2161983960497569,2.601934660224975,2
-0.7220207520383162,-1.202271614136192,0
-0.15003887908023808,0.30725521577458886,0
-0.6693451377151992,1.846123476168166,0
-1.1884227228411695,0.5339423945492755,0
-1.1599007940307124,-2.063859644903604,1
2.0810052604483777,-0.11904530095386241,2
-1.7754735838579931,-0.026712316730869,0
-1.9545898280813137,-1.6273384988989952,0
0.37443403254641333,-0.9177370347641781,1
2.369715786526158,0.8784900542074578,2
-1.1091299728765553,-0.6199029296169383,0
-1.1490234055584723,2.9401348402666097,0
-2.2546568869003947,0.7154474944365297,0
3.15726126047899,-1.4372091346256968,1
1.5428513827285522,4.307950861267184,2
-2.400824893124148,1.3897423716674235,0
3.1999678341746,1.3117557024551691,2
1.8222007073176256,3.113315009735787,2
-1.04966741842411,0.03212804393934245,0
1.5157753292178324,0.409675570210283,2
1.8648823592569366,1.2348604010984425,2
3.5596893202934874,-2.127792937355557,1
-1.7114775529450046,-1.800793527713976,0
1.0143607752210282,2.0568233466729375,2
-0.033443418054518365,-4.013782171151879,1
5.265219413975157,-0.7414450666271113,2
-2.117421736344569,-1.5258576275638474,0
-1.8050051289282927,3.0776954618120422,0
0.8672609511939715,1.519566597368802,2
-0.11097062012733573,-0.8200966952781464,1
0.2087021135340684,2.3918614509454668,2
0.3421014698929526,3.9216230253695326,2
-1.2132035321783097,-3.2749519205328435,1
-0.48339044154265776,-2.9547602731534117,1
-0.3581979899082762,0.43007680354193006,0
-0.36393411150629873,-0.3761727981643868,0
-1.7288842055961846,-2.186465492266998,0
3.2797719763909514,-2.6983249859675724,1
2.7891710133941823,-1.590640574788239,1
-1.4442170365228197,-2.0088804105360705,0
0.8876975830058691,2.663628799867,2
0.19506958572109234,-0.4375828203858698,0
-1.7424004978699394,-1.5645369835586813,0
2.3106545902677236,1.6625340639231394,2
-1.5143269319774715,0.01918478962345585,0
-1.8836225384994236,1.1122287622825082,0
-1.1187813154400987,1.852332536614044,0
-1.8566334891452343,0.979245854760867,0
-1.5558857385005012,-0.370943709418433,0
0.01689288242531664,-2.681883622795803,1
2.082296584557564,-2.1703913193713413,1
-0.10307106442981487,-1.1213852045413326,1
2.1204594398001975,-2.56799366869913,1
2.9120031627783765,1.269943714141649,2
-2.546762716942779,0.6367185644468641,0
3.5143507231562108,0.5778676962213698,2
-0.006529612433576281,-2.3274873261544737,1
-2.5953575342207245,0.5862944220550481,0
0.5282414375422352,0.6153918647932071,2
1.7977819778797277,1.550457002069909,2
-3.827063440524923,1.7564390350867014,0
1.2230530285990016,-1.9464826297640299,1
-1.3284889475340687,-0.4168578937494255,0
0.5468238768253038,-3.525633173008858,1
0.6930180477407166,0.8541341091798028,2
0.19694763648124788,-0.29776433215787035,0
2.890369721118852,1.4439516174963944,2
5.112241807061591,-1.0911469372928702,1
-3.4790051991790527,1.3607164401660425,0
0.5048866846883672,-3.450785043365266,1
1.7236334146259285,-1.4997428842866718,1
2.077598596282319,-0.4123648563186629,2
-0.7460951048205825,-0.32655243873537254,0
-1.854039867148934,-1.4066160943785615,0
3.000789115631218,0.4545136465409586,2
-0.8665820680712667,0.47041815975386486,0
-1.0798597507506014,2.080635646959259,0
-0.07211662232206169,-3.2800140200045678,1
-0.7396237348680751,-1.06861024430681,0
-2.602915136683919,0.9375652688505719,0
-0.5178461269677243,0.2660187969631695,0
-0.35397027452348057,0.043830627006146816,0
2.9238207491970116,-2.5267355244082337,1
-0.7513882226133429,-3.6178128094881967,1
-2.604186391594764,-0.46444154275464017,0
1.231342495962904,-0.19090969599486382,2
0.5299490462403811,-2.508673576780074,1
-0.7052198353352943,-0.5257203763374009,0
2.093714250189203,0.5418070159703197,2
-0.9828194722924924,-0.3063240892154004,0
-1.4438541463005552,0.6050468720437805,0
2.45870414001619,-2.456582299142677,1
0.5606811344911962,-3.230631066939726,1
1.9119693489392104,-1.923586130374715,1
-1.6615811253605937,-1.2660877316957013,0
-1.2969859468654368,-3.6279510159427524,1
-1.45657351758004,1.1926853106117061,0
1.2670184736957546,0.41627066007295266,2
0.9315784790602989,1.0098435212779353,2
0.4821434855443262,-1.993190185450557,1
0.727673757403191,-0.2907688869725082,1
1.2588509731611492,0.6977966420575676,2
-2.893873660327534,-1.9334437374586873,0
-1.150666988214893,1.6955483523372195,0
3.152473071426623,1.2317013139114938,2
0.6909299470393454,2.608979956508848,2
-4.021532399784776,2.2781338536743245,0
-0.004559969110086291,-3.480517310131518,1
0.3160522227345281,0.6263316126618935,2
-3.4046289626202975,1.5899082182251845,0
3.1314253709557387,2.667422465272606,2
0.4566591407720359,2.4200374088494674,2
3.2410100599962046,0.8679649320250515,2
-0.9655109299653701,2.17733410252378,0
1.7928778639136154,0.4593822817852566,2
-2.7737424998975504,0.1465390438126807,0
-1.9627043808604905,-1.1491698388734355,0
-3.306520349957691,1.3274439498349802,0
-2.4111713882194774,-0.5886866577367595,0
-2.8391975198338995,2.4649210236251284,0
1.5349068481972472,-0.7085208226928972,1
0.7919920060426886,-0.8243343627501283,1
-0.790697640342912,-3.0454124673500202,1
-3.2207433772424414,0.4610608966188827,0
1.8904844162122074,-0.4013959331881445,1
-1.5953527691186786,-0.7215280499711505,0
-1.2276406290090638,-0.6608455178541494,0
3.334967335622543,-1.5460228227259247,1
-1.0184734006167762,-0.9621643238527147,0
-2.1688856972141957,-0.6735938590287575,0
-1.1721833900812106,0.12349356297167338,0
-1.424737830269859,2.7361834083586816,0
0.9756174720577785,-2.7735107836566457,1
2.8201987597778317,-1.5171126523936118,1
-2.0212064769213507,3.332421030777133,0
-0.5261551329478377,1.5167358319975615,0
-0.9050741861822428,2.292126106317988,0
-2.1703777435582423,2.5787071769209313,0
-1.9275010527669791,1.025073763910916,0
-0.2627358960850318,-0.02744687181210492,0
-2.437141229262903,-0.6640750313044588,0
2.687939511835296,2.2288502275667117,2
-0.6583903991439076,2.507933454797945,2
0.6016948789613031,-2.1818234295199006,1
-0.1797072733347313,1.545644127439534,2
3.626129469696412,-2.0052802276449717,1
-0.12594071908812746,-0.6497771890645307,0
0.028037545642738658,-0.7784597489202176,1
3.832944145129352,1.6443156348057073,2
3.0675468842797438,0.4574685132133654,2
-1.9878187291525078,-0.24793095054740757,0
-1.3222051980026672,1.5163294291307094,0
2.8081521813743078,1.448957995471014,2
-1.0061460123641366,-1.2822158531887757,0
0.2657728095351213,-0.19036278992671118,0
-1.2923483692350002,0.5992581007095867,0
2.227407883515844,-2.980307056900902,1
-0.7369481281435531,1.326790854480196,0
-4.338508339538247,2.1362695544112733,0
-2.1431202353275607,-0.6573205477684609,0
-2.933058174362339,-1.673369352993402,0
0.09196995556130576,-4.09270957778017,1
-1.736988779963523,-0.5719006838954225,0
3.6458830331830745,0.4521100718213266,2
-2.24225199768875,-2.519423347601646,0
2.9392278962938545,-1.6712061785269745,1
-0.7604970099182728,-3.181207841230311,1
-0.25623271680208975,-0.3157891678107958,0
1.2334440136751663,-0.672777711347764,1
1.6427411755954344,-1.8618356137626193,1
3.0830502595018427,1.3805360724192794,2
-1.3683931597855425,-1.4427119465991793,0
-0.500044534797628,1.2569058508502327,0
1.506110079921175,-1.5381490180652124,1
-0.07485186054219478,4.065090467563756,2
3.6493608302163394,-1.8354201342604473,1
-2.1183185319920135,-0.8686673370524717,0
2.146728044200057,3.094180624646526,2
-2.1978037597145748,2.6759782301571584,0
-0.5831757417901696,-1.2161161480314406,0
-0.8754533878407593,0.10151486479671966,0
0.6312354123976099,2.8110244443408128,2
-1.3476899715619033,-1.2341907516990815,0
1.4807011692144847,1.194537693105104,2
-1.137759044468984,-1.4911544495483922,0
2.906555230511826,-2.687518073138691,1
-0.508461445229443,0.1734469222873583,0
-2.0112180293594224,-0.09166188628068683,0
-2.0072696684393825,-1.2902832558823965,0
0.43456669684548854,2.296291654856189,2
-3.383979144328992,1.978861455807806,0
-2.1397135971517445,-1.3925204819994437,0
0.15350576704737848,-1.4671013009627067,1
-1.408386870007333,-1.7114345339824912,0
-2.137817961739615,-0.6596774659909803,0
0.27691513754508806,1.445963414367553,2
-2.730656741334059,0.8254662457000489,0
-1.439610871738623,-2.3610841724952576,1
0.00595528798280668,3.03999969363323,2
3.279570909579229,3.1851939069254533,2
1.8553659449467015,-0.5018323107242442,1
0.2491759152717714,-0.1736152282140126,0
1.7421265768810368,-2.61116383674961,1
4.307112768497368,-0.6474793167801558,2
0.30579438963646516,1.8532516866380155,2
1.1000780495098923,-2.2401044033939947,1
1.4700034189660383,3.709761068037991,2
0.2892045477198682,1.8980941821582944,2
3.163268205870865,1.709507253024194,2
3.6176861339550577,2.8396985129200845,2
0.8464147896168382,0.3035439625838887,2
2.4779794847288645,2.1651459876189736,2
-1.5070941565006732,-3.6595854070182425,1
1.3732256769936628,1.1501695505622003,2
-2.9015414248132587,-2.6160744535622693,0
2.431218626421244,0.7087530583035716,2
-2.6011326494703,-0.8142544912539498,0
2.1718983625473145,0.8737615740600944,2
-1.7716586429973868,-1.498879538919287,0
-0.8557375670722723,1.8108626755774937,0
-0.24111250819231966,-0.7198525639720706,0
0.17812908938961608,2.8771163913369193,2
-1.0615815794145858,1.5507193536558623,0
2.0551771181928724,1.6316026815754143,2
1.2444759074141645,3.1766770490607024,2
0.8515722835800538,1.0200172042521625,2
-2.3498137655849605,-1.162522665804063,0
-2.8438278954153184,-1.1072540596647213,0
1.8283592195790035,0.8689580967059216,2
-2.1532973709381222,0.6931926744834161,0
3.206068581462743,0.3350756068759957,2
-3.6004266004075975,0.8945785773567005,0
-1.9400517478367025,-1.3517592983240232,0
3.386276072715258,1.7218889402756317,2
-0.23061019191816562,2.6072162640875494,2
0.2547007554932056,-2.6265284195243264,1
2.2754887117277414,-2.0713082575193544,1
4.667500704112373,-1.9953756711764572,1
-3.689055794895744,1.8741803702741646,0
-2.5057010159236484,1.3625777699158788,0
0.09757159373163454,-0.37047147529746827,0
-1.0248141314592008,-1.7792277434646344,0
0.18689698010821687,-1.4499410541415858,1
0.4608566742273985,-1.1136536935341148,1
1.692620063257423,4.485392096544203,2
1.7835559531760385,3.600946749184945,2
0.5165028559126784,0.2767380712982818,2
-0.6276318131097219,-0.4157289564823763,0
2.8604554210501383,-0.8127107411288045,1
-0.7239472457455497,-1.6873093995897543,1
2.7373221599607076,1.2092653947707417,2
-3.4651189723768225,1.5232961196740584,0
-0.18102798765461403,-3.433004848749083,1
-0.6773804348153317,-0.3859697675657541,0
-1.8248298946847352,0.8317677546284075,0
0.07400844564700683,0.08958074585496419,0
-0.5588240819338438,0.617624359729412,0
-0.1136528088827286,0.9627831993052688,0
0.9634672601692362,2.719456255529168,2
2.4766463606582128,0.8772665166592537,2
-2.245650030083968,-1.8508354559960962,0
-0.23054800934658554,-3.526582641394731,1
-0.02816848828001087,0.010830257265987709,0
1.5492863924358637,0.5682686759926584,2
1.7734664888845093,0.484252394509967,2
3.693960344616605,0.7113404350689448,2
-0.6089780893790783,-3.374005949581755,1
1.0415434834217492,0.2741201620631337,2
1.5983373168074269,2.163107016604382,2
1.9529449850705394,2.2189802565499597,2
-2.758095325142287,-1.133676741789885,0
-1.4132189871005372,-0.8465830337542566,0
0.5348506774480724,-1.933528179865918,1
0.2588402628277159,-1.141230533154433,1
0.3750317229073318,0.7385882533917334,2
2.1700536439483105,3.513103803623949,2
2.074694296786439,1.7175732920134716,2
